arquivo,semana,periodo,escola,metrica,valor,tipo_valor
AVARE (12).xlsx,23,Semana 23 · 05/07 a 11/07,ABILIO RAPOSO FERRAZ JUNIOR - 903188,Total de Não Ocorrências,1.0,numero
AVARE (12).xlsx,23,Semana 23 · 05/07 a 11/07,ASSENTAMENTO ZUMBI DOS PALMARES - 566032,Total de Não Ocorrências,1.0,numero
AVARE (12).xlsx,23,Semana 23 · 05/07 a 11/07,AVELINO APARECIDO RIBEIRO DOUTOR - 14552,Total de Não Ocorrências,2.0,numero
AVARE (12).xlsx,23,Semana 23 · 05/07 a 11/07,BENE ANDRADE DONA - 14631,Total de Não Ocorrências,1.0,numero
AVARE (12).xlsx,23,Semana 23 · 05/07 a 11/07,CELSO FERREIRA DA SILVA PROFESSOR - 918489,Total de Não Ocorrências,1.0,numero
AVARE (12).xlsx,23,Semana 23 · 05/07 a 11/07,COTA LEONEL DONA - 905185,Total de Não Ocorrências,1.0,numero
AVARE (12).xlsx,23,Semana 23 · 05/07 a 11/07,DIMAS MOZART E SILVA PROFESSOR - 900424,Total de Não Ocorrências,1.0,numero
AVARE (12).xlsx,23,Semana 23 · 05/07 a 11/07,EMILIO IMMOOS PADRE - 45226,Total de Não Ocorrências,1.0,numero
AVARE (12).xlsx,23,Semana 23 · 05/07 a 11/07,ERUCE PAULUCCI PROFESSOR - 914484,Total de Não Ocorrências,1.0,numero
AVARE (12).xlsx,23,Semana 23 · 05/07 a 11/07,GUIDO DIAS DE ALMEIDA PROFESSOR - 910119,Total de Não Ocorrências,1.0,numero
AVARE (12).xlsx,23,Semana 23 · 05/07 a 11/07,JOAO CRUZ CORONEL - 14497,(%) Amarelos,0.5714285714285714,percentual
AVARE (12).xlsx,23,Semana 23 · 05/07 a 11/07,JOAO CRUZ CORONEL - 14497,(%) Vermelhos,0.42857142857142855,percentual
AVARE (12).xlsx,23,Semana 23 · 05/07 a 11/07,JOAO CRUZ CORONEL - 14497,Chamados Amarelos,4.0,numero
AVARE (12).xlsx,23,Semana 23 · 05/07 a 11/07,JOAO CRUZ CORONEL - 14497,Chamados Vermelhos,3.0,numero
AVARE (12).xlsx,23,Semana 23 · 05/07 a 11/07,JOAO CRUZ CORONEL - 14497,Ocorrências Concluídas,7.0,numero
AVARE (12).xlsx,23,Semana 23 · 05/07 a 11/07,JOAO CRUZ CORONEL - 14497,Ocorrências Concluídas (%),1.0,percentual
AVARE (12).xlsx,23,Semana 23 · 05/07 a 11/07,JOAO CRUZ CORONEL - 14497,Total de Não Ocorrências,1.0,numero
AVARE (12).xlsx,23,Semana 23 · 05/07 a 11/07,JOAO CRUZ CORONEL - 14497,Total de Ocorrências,7.0,numero
AVARE (12).xlsx,23,Semana 23 · 05/07 a 11/07,JOAO MICHELIN - 14485,Total de Não Ocorrências,1.0,numero
AVARE (12).xlsx,23,Semana 23 · 05/07 a 11/07,JOAO TEIXEIRA DE ARAUJO PROFESSOR - 14588,(%) Amarelos,1.0,percentual
AVARE (12).xlsx,23,Semana 23 · 05/07 a 11/07,JOAO TEIXEIRA DE ARAUJO PROFESSOR - 14588,Chamados Amarelos,2.0,numero
AVARE (12).xlsx,23,Semana 23 · 05/07 a 11/07,JOAO TEIXEIRA DE ARAUJO PROFESSOR - 14588,Ocorrências Concluídas,2.0,numero
AVARE (12).xlsx,23,Semana 23 · 05/07 a 11/07,JOAO TEIXEIRA DE ARAUJO PROFESSOR - 14588,Ocorrências Concluídas (%),1.0,percentual
AVARE (12).xlsx,23,Semana 23 · 05/07 a 11/07,JOAO TEIXEIRA DE ARAUJO PROFESSOR - 14588,Total de Não Ocorrências,1.0,numero
AVARE (12).xlsx,23,Semana 23 · 05/07 a 11/07,JOAO TEIXEIRA DE ARAUJO PROFESSOR - 14588,Total de Ocorrências,2.0,numero
AVARE (12).xlsx,23,Semana 23 · 05/07 a 11/07,JOSE APARECIDO CASTELUCCI PROFESSOR - 49888,Total de Não Ocorrências,1.0,numero
AVARE (12).xlsx,23,Semana 23 · 05/07 a 11/07,JOSE LEITE PINHEIRO PROFESSOR - 14527,Total de Não Ocorrências,1.0,numero
AVARE (12).xlsx,23,Semana 23 · 05/07 a 11/07,JOSE PENNA - 14540,Total de Não Ocorrências,1.0,numero
AVARE (12).xlsx,23,Semana 23 · 05/07 a 11/07,JOSE PIRES DE CARVALHO DOUTOR - 924088,Total de Não Ocorrências,1.0,numero
AVARE (12).xlsx,23,Semana 23 · 05/07 a 11/07,MARIA IZABEL CRUZ PIMENTEL DONA - 38908,Total de Não Ocorrências,1.0,numero
AVARE (12).xlsx,23,Semana 23 · 05/07 a 11/07,PAULO ARAUJO NOVAES DOUTOR - 14461,Total de Não Ocorrências,1.0,numero
AVARE (12).xlsx,23,Semana 23 · 05/07 a 11/07,PAULO DELICIO - 14515,Total de Não Ocorrências,1.0,numero
AVARE (12).xlsx,23,Semana 23 · 05/07 a 11/07,PEDRO BENTO ALVES - 14503,Total de Não Ocorrências,1.0,numero
AVARE (12).xlsx,23,Semana 23 · 05/07 a 11/07,PROFESSORA MARIANA APARECIDA TODESCATO - 191516,Total de Não Ocorrências,1.0,numero
AVARE (12).xlsx,23,Semana 23 · 05/07 a 11/07,SANDRA APARECIDA DE ARAUJO PROFESSORA - 924337,Total de Não Ocorrências,1.0,numero
AVARE (11).xlsx,24,Semana 24 · 12/07 a 18/07,JOAO CRUZ CORONEL - 14497,(%) Amarelos,0.8,percentual
AVARE (11).xlsx,24,Semana 24 · 12/07 a 18/07,JOAO CRUZ CORONEL - 14497,(%) Vermelhos,0.2,percentual
AVARE (11).xlsx,24,Semana 24 · 12/07 a 18/07,JOAO CRUZ CORONEL - 14497,Chamados Amarelos,4.0,numero
AVARE (11).xlsx,24,Semana 24 · 12/07 a 18/07,JOAO CRUZ CORONEL - 14497,Chamados Vermelhos,1.0,numero
AVARE (11).xlsx,24,Semana 24 · 12/07 a 18/07,JOAO CRUZ CORONEL - 14497,Ocorrências Concluídas,5.0,numero
AVARE (11).xlsx,24,Semana 24 · 12/07 a 18/07,JOAO CRUZ CORONEL - 14497,Ocorrências Concluídas (%),1.0,percentual
AVARE (11).xlsx,24,Semana 24 · 12/07 a 18/07,JOAO CRUZ CORONEL - 14497,Total de Ocorrências,5.0,numero
AVARE (10).xlsx,25,Semana 25 · 19/07 a 25/07,ABILIO RAPOSO FERRAZ JUNIOR - 903188,Total de Não Ocorrências,1.0,numero
AVARE (10).xlsx,25,Semana 25 · 19/07 a 25/07,ASSENTAMENTO ZUMBI DOS PALMARES - 566032,Total de Não Ocorrências,1.0,numero
AVARE (10).xlsx,25,Semana 25 · 19/07 a 25/07,AVELINO APARECIDO RIBEIRO DOUTOR - 14552,Total de Não Ocorrências,2.0,numero
AVARE (10).xlsx,25,Semana 25 · 19/07 a 25/07,BENE ANDRADE DONA - 14631,Total de Não Ocorrências,1.0,numero
AVARE (10).xlsx,25,Semana 25 · 19/07 a 25/07,CELSO FERREIRA DA SILVA PROFESSOR - 918489,Total de Não Ocorrências,1.0,numero
AVARE (10).xlsx,25,Semana 25 · 19/07 a 25/07,COTA LEONEL DONA - 905185,Total de Não Ocorrências,1.0,numero
AVARE (10).xlsx,25,Semana 25 · 19/07 a 25/07,DIMAS MOZART E SILVA PROFESSOR - 900424,Total de Não Ocorrências,1.0,numero
AVARE (10).xlsx,25,Semana 25 · 19/07 a 25/07,EMILIO IMMOOS PADRE - 45226,Total de Não Ocorrências,1.0,numero
AVARE (10).xlsx,25,Semana 25 · 19/07 a 25/07,ERUCE PAULUCCI PROFESSOR - 914484,Total de Não Ocorrências,1.0,numero
AVARE (10).xlsx,25,Semana 25 · 19/07 a 25/07,GUIDO DIAS DE ALMEIDA PROFESSOR - 910119,Total de Não Ocorrências,1.0,numero
AVARE (10).xlsx,25,Semana 25 · 19/07 a 25/07,JOAO CRUZ CORONEL - 14497,Total de Não Ocorrências,1.0,numero
AVARE (10).xlsx,25,Semana 25 · 19/07 a 25/07,JOAO MICHELIN - 14485,Total de Não Ocorrências,1.0,numero
AVARE (10).xlsx,25,Semana 25 · 19/07 a 25/07,JOAO TEIXEIRA DE ARAUJO PROFESSOR - 14588,Total de Não Ocorrências,1.0,numero
AVARE (10).xlsx,25,Semana 25 · 19/07 a 25/07,JOSE APARECIDO CASTELUCCI PROFESSOR - 49888,Total de Não Ocorrências,1.0,numero
AVARE (10).xlsx,25,Semana 25 · 19/07 a 25/07,JOSE LEITE PINHEIRO PROFESSOR - 14527,Total de Não Ocorrências,1.0,numero
AVARE (10).xlsx,25,Semana 25 · 19/07 a 25/07,JOSE PENNA - 14540,Total de Não Ocorrências,1.0,numero
AVARE (10).xlsx,25,Semana 25 · 19/07 a 25/07,JOSE PIRES DE CARVALHO DOUTOR - 924088,Total de Não Ocorrências,1.0,numero
AVARE (10).xlsx,25,Semana 25 · 19/07 a 25/07,MARIA IZABEL CRUZ PIMENTEL DONA - 38908,Total de Não Ocorrências,1.0,numero
AVARE (10).xlsx,25,Semana 25 · 19/07 a 25/07,MATILDE VIEIRA - 14679,Total de Não Ocorrências,1.0,numero
AVARE (10).xlsx,25,Semana 25 · 19/07 a 25/07,PAULO ARAUJO NOVAES DOUTOR - 14461,(%) Amarelos,0.4,percentual
AVARE (10).xlsx,25,Semana 25 · 19/07 a 25/07,PAULO ARAUJO NOVAES DOUTOR - 14461,(%) Vermelhos,0.6,percentual
AVARE (10).xlsx,25,Semana 25 · 19/07 a 25/07,PAULO ARAUJO NOVAES DOUTOR - 14461,Chamados Amarelos,2.0,numero
AVARE (10).xlsx,25,Semana 25 · 19/07 a 25/07,PAULO ARAUJO NOVAES DOUTOR - 14461,Chamados Vermelhos,3.0,numero
AVARE (10).xlsx,25,Semana 25 · 19/07 a 25/07,PAULO ARAUJO NOVAES DOUTOR - 14461,Ocorrências Concluídas,4.0,numero
AVARE (10).xlsx,25,Semana 25 · 19/07 a 25/07,PAULO ARAUJO NOVAES DOUTOR - 14461,Total de Não Ocorrências,1.0,numero
AVARE (10).xlsx,25,Semana 25 · 19/07 a 25/07,PAULO ARAUJO NOVAES DOUTOR - 14461,Total de Ocorrências,5.0,numero
AVARE (10).xlsx,25,Semana 25 · 19/07 a 25/07,PAULO ARAUJO NOVAES DOUTOR - 14461,Índice concluídas,0.8,numero
AVARE (10).xlsx,25,Semana 25 · 19/07 a 25/07,PAULO DELICIO - 14515,Total de Não Ocorrências,1.0,numero
AVARE (10).xlsx,25,Semana 25 · 19/07 a 25/07,PEDRO BENTO ALVES - 14503,Total de Não Ocorrências,1.0,numero
AVARE (10).xlsx,25,Semana 25 · 19/07 a 25/07,PROFESSORA MARIANA APARECIDA TODESCATO - 191516,Total de Não Ocorrências,1.0,numero
AVARE (10).xlsx,25,Semana 25 · 19/07 a 25/07,SANDRA APARECIDA DE ARAUJO PROFESSORA - 924337,Total de Não Ocorrências,1.0,numero
AVARE (9).xlsx,26,Semana 26 · 26/07 a 01/08,ABILIO RAPOSO FERRAZ JUNIOR - 903188,(%) Preenchimento,1.0,percentual
AVARE (9).xlsx,26,Semana 26 · 26/07 a 01/08,ABILIO RAPOSO FERRAZ JUNIOR - 903188,Total de Não Ocorrências,5.0,numero
AVARE (9).xlsx,26,Semana 26 · 26/07 a 01/08,ASSENTAMENTO ZUMBI DOS PALMARES - 566032,(%) Preenchimento,1.0,percentual
AVARE (9).xlsx,26,Semana 26 · 26/07 a 01/08,ASSENTAMENTO ZUMBI DOS PALMARES - 566032,Total de Não Ocorrências,5.0,numero
AVARE (9).xlsx,26,Semana 26 · 26/07 a 01/08,AVELINO APARECIDO RIBEIRO DOUTOR - 14552,(%) Amarelos,0.5,percentual
AVARE (9).xlsx,26,Semana 26 · 26/07 a 01/08,AVELINO APARECIDO RIBEIRO DOUTOR - 14552,(%) Preenchimento,1.0,percentual
AVARE (9).xlsx,26,Semana 26 · 26/07 a 01/08,AVELINO APARECIDO RIBEIRO DOUTOR - 14552,(%) Vermelhos,0.5,percentual
AVARE (9).xlsx,26,Semana 26 · 26/07 a 01/08,AVELINO APARECIDO RIBEIRO DOUTOR - 14552,Chamados Amarelos,1.0,numero
AVARE (9).xlsx,26,Semana 26 · 26/07 a 01/08,AVELINO APARECIDO RIBEIRO DOUTOR - 14552,Chamados Vermelhos,1.0,numero
AVARE (9).xlsx,26,Semana 26 · 26/07 a 01/08,AVELINO APARECIDO RIBEIRO DOUTOR - 14552,Ocorrências Concluídas,2.0,numero
AVARE (9).xlsx,26,Semana 26 · 26/07 a 01/08,AVELINO APARECIDO RIBEIRO DOUTOR - 14552,Total de Não Ocorrências,9.0,numero
AVARE (9).xlsx,26,Semana 26 · 26/07 a 01/08,AVELINO APARECIDO RIBEIRO DOUTOR - 14552,Total de Ocorrências,2.0,numero
AVARE (9).xlsx,26,Semana 26 · 26/07 a 01/08,AVELINO APARECIDO RIBEIRO DOUTOR - 14552,Índice concluídas,1.0,numero
AVARE (9).xlsx,26,Semana 26 · 26/07 a 01/08,BENE ANDRADE DONA - 14631,(%) Preenchimento,1.0,percentual
AVARE (9).xlsx,26,Semana 26 · 26/07 a 01/08,BENE ANDRADE DONA - 14631,Total de Não Ocorrências,4.0,numero
AVARE (9).xlsx,26,Semana 26 · 26/07 a 01/08,CELSO FERREIRA DA SILVA PROFESSOR - 918489,(%) Preenchimento,1.0,percentual
AVARE (9).xlsx,26,Semana 26 · 26/07 a 01/08,CELSO FERREIRA DA SILVA PROFESSOR - 918489,Total de Não Ocorrências,5.0,numero
AVARE (9).xlsx,26,Semana 26 · 26/07 a 01/08,COTA LEONEL DONA - 905185,(%) Amarelos,1.0,percentual
AVARE (9).xlsx,26,Semana 26 · 26/07 a 01/08,COTA LEONEL DONA - 905185,(%) Preenchimento,1.0,percentual
AVARE (9).xlsx,26,Semana 26 · 26/07 a 01/08,COTA LEONEL DONA - 905185,Chamados Amarelos,3.0,numero
AVARE (9).xlsx,26,Semana 26 · 26/07 a 01/08,COTA LEONEL DONA - 905185,Ocorrências Concluídas,3.0,numero
AVARE (9).xlsx,26,Semana 26 · 26/07 a 01/08,COTA LEONEL DONA - 905185,Total de Não Ocorrências,4.0,numero
AVARE (9).xlsx,26,Semana 26 · 26/07 a 01/08,COTA LEONEL DONA - 905185,Total de Ocorrências,3.0,numero
AVARE (9).xlsx,26,Semana 26 · 26/07 a 01/08,COTA LEONEL DONA - 905185,Índice concluídas,1.0,numero
AVARE (9).xlsx,26,Semana 26 · 26/07 a 01/08,DIMAS MOZART E SILVA PROFESSOR - 900424,(%) Preenchimento,1.0,percentual
AVARE (9).xlsx,26,Semana 26 · 26/07 a 01/08,DIMAS MOZART E SILVA PROFESSOR - 900424,Total de Não Ocorrências,5.0,numero
AVARE (9).xlsx,26,Semana 26 · 26/07 a 01/08,EMILIO IMMOOS PADRE - 45226,(%) Amarelos,1.0,percentual
AVARE (9).xlsx,26,Semana 26 · 26/07 a 01/08,EMILIO IMMOOS PADRE - 45226,(%) Preenchimento,1.0,percentual
AVARE (9).xlsx,26,Semana 26 · 26/07 a 01/08,EMILIO IMMOOS PADRE - 45226,Chamados Amarelos,1.0,numero
AVARE (9).xlsx,26,Semana 26 · 26/07 a 01/08,EMILIO IMMOOS PADRE - 45226,Ocorrências Concluídas,1.0,numero
AVARE (9).xlsx,26,Semana 26 · 26/07 a 01/08,EMILIO IMMOOS PADRE - 45226,Total de Não Ocorrências,4.0,numero
AVARE (9).xlsx,26,Semana 26 · 26/07 a 01/08,EMILIO IMMOOS PADRE - 45226,Total de Ocorrências,1.0,numero
AVARE (9).xlsx,26,Semana 26 · 26/07 a 01/08,EMILIO IMMOOS PADRE - 45226,Índice concluídas,1.0,numero
AVARE (9).xlsx,26,Semana 26 · 26/07 a 01/08,ERUCE PAULUCCI PROFESSOR - 914484,(%) Preenchimento,1.0,percentual
AVARE (9).xlsx,26,Semana 26 · 26/07 a 01/08,ERUCE PAULUCCI PROFESSOR - 914484,Total de Não Ocorrências,4.0,numero
AVARE (9).xlsx,26,Semana 26 · 26/07 a 01/08,GUIDO DIAS DE ALMEIDA PROFESSOR - 910119,(%) Preenchimento,1.0,percentual
AVARE (9).xlsx,26,Semana 26 · 26/07 a 01/08,GUIDO DIAS DE ALMEIDA PROFESSOR - 910119,(%) Vermelhos,1.0,percentual
AVARE (9).xlsx,26,Semana 26 · 26/07 a 01/08,GUIDO DIAS DE ALMEIDA PROFESSOR - 910119,Chamados Vermelhos,1.0,numero
AVARE (9).xlsx,26,Semana 26 · 26/07 a 01/08,GUIDO DIAS DE ALMEIDA PROFESSOR - 910119,Ocorrências Concluídas,1.0,numero
AVARE (9).xlsx,26,Semana 26 · 26/07 a 01/08,GUIDO DIAS DE ALMEIDA PROFESSOR - 910119,Total de Não Ocorrências,4.0,numero
AVARE (9).xlsx,26,Semana 26 · 26/07 a 01/08,GUIDO DIAS DE ALMEIDA PROFESSOR - 910119,Total de Ocorrências,1.0,numero
AVARE (9).xlsx,26,Semana 26 · 26/07 a 01/08,GUIDO DIAS DE ALMEIDA PROFESSOR - 910119,Índice concluídas,1.0,numero
AVARE (9).xlsx,26,Semana 26 · 26/07 a 01/08,JOAO CRUZ CORONEL - 14497,(%) Preenchimento,1.0,percentual
AVARE (9).xlsx,26,Semana 26 · 26/07 a 01/08,JOAO CRUZ CORONEL - 14497,Total de Não Ocorrências,5.0,numero
AVARE (9).xlsx,26,Semana 26 · 26/07 a 01/08,JOAO MICHELIN - 14485,(%) Preenchimento,1.0,percentual
AVARE (9).xlsx,26,Semana 26 · 26/07 a 01/08,JOAO MICHELIN - 14485,Total de Não Ocorrências,5.0,numero
AVARE (9).xlsx,26,Semana 26 · 26/07 a 01/08,JOAO TEIXEIRA DE ARAUJO PROFESSOR - 14588,(%) Amarelos,1.0,percentual
AVARE (9).xlsx,26,Semana 26 · 26/07 a 01/08,JOAO TEIXEIRA DE ARAUJO PROFESSOR - 14588,(%) Preenchimento,1.0,percentual
AVARE (9).xlsx,26,Semana 26 · 26/07 a 01/08,JOAO TEIXEIRA DE ARAUJO PROFESSOR - 14588,Chamados Amarelos,1.0,numero
AVARE (9).xlsx,26,Semana 26 · 26/07 a 01/08,JOAO TEIXEIRA DE ARAUJO PROFESSOR - 14588,Ocorrências Concluídas,1.0,numero
AVARE (9).xlsx,26,Semana 26 · 26/07 a 01/08,JOAO TEIXEIRA DE ARAUJO PROFESSOR - 14588,Total de Não Ocorrências,4.0,numero
AVARE (9).xlsx,26,Semana 26 · 26/07 a 01/08,JOAO TEIXEIRA DE ARAUJO PROFESSOR - 14588,Total de Ocorrências,1.0,numero
AVARE (9).xlsx,26,Semana 26 · 26/07 a 01/08,JOAO TEIXEIRA DE ARAUJO PROFESSOR - 14588,Índice concluídas,1.0,numero
AVARE (9).xlsx,26,Semana 26 · 26/07 a 01/08,JOSE APARECIDO CASTELUCCI PROFESSOR - 49888,(%) Preenchimento,1.0,percentual
AVARE (9).xlsx,26,Semana 26 · 26/07 a 01/08,JOSE APARECIDO CASTELUCCI PROFESSOR - 49888,Total de Não Ocorrências,4.0,numero
AVARE (9).xlsx,26,Semana 26 · 26/07 a 01/08,JOSE LEITE PINHEIRO PROFESSOR - 14527,(%) Amarelos,0.666666666666667,percentual
AVARE (9).xlsx,26,Semana 26 · 26/07 a 01/08,JOSE LEITE PINHEIRO PROFESSOR - 14527,(%) Atendido pelo Psicólogo,1.0,percentual
AVARE (9).xlsx,26,Semana 26 · 26/07 a 01/08,JOSE LEITE PINHEIRO PROFESSOR - 14527,(%) Encaminhado ao Psicólogo,0.666666666666667,percentual
AVARE (9).xlsx,26,Semana 26 · 26/07 a 01/08,JOSE LEITE PINHEIRO PROFESSOR - 14527,(%) Preenchimento,1.0,percentual
AVARE (9).xlsx,26,Semana 26 · 26/07 a 01/08,JOSE LEITE PINHEIRO PROFESSOR - 14527,(%) Psicólogo Agendado,1.0,percentual
AVARE (9).xlsx,26,Semana 26 · 26/07 a 01/08,JOSE LEITE PINHEIRO PROFESSOR - 14527,(%) Vermelhos,0.333333333333333,percentual
AVARE (9).xlsx,26,Semana 26 · 26/07 a 01/08,JOSE LEITE PINHEIRO PROFESSOR - 14527,Atendido pelo Psicólogo,2.0,numero
AVARE (9).xlsx,26,Semana 26 · 26/07 a 01/08,JOSE LEITE PINHEIRO PROFESSOR - 14527,Chamados Amarelos,2.0,numero
AVARE (9).xlsx,26,Semana 26 · 26/07 a 01/08,JOSE LEITE PINHEIRO PROFESSOR - 14527,Chamados Vermelhos,1.0,numero
AVARE (9).xlsx,26,Semana 26 · 26/07 a 01/08,JOSE LEITE PINHEIRO PROFESSOR - 14527,Encaminhado ao Psicólogo,2.0,numero
AVARE (9).xlsx,26,Semana 26 · 26/07 a 01/08,JOSE LEITE PINHEIRO PROFESSOR - 14527,Ocorrências Concluídas,2.0,numero
AVARE (9).xlsx,26,Semana 26 · 26/07 a 01/08,JOSE LEITE PINHEIRO PROFESSOR - 14527,Psicólogo Agendado,2.0,numero
AVARE (9).xlsx,26,Semana 26 · 26/07 a 01/08,JOSE LEITE PINHEIRO PROFESSOR - 14527,Total de Não Ocorrências,3.0,numero
AVARE (9).xlsx,26,Semana 26 · 26/07 a 01/08,JOSE LEITE PINHEIRO PROFESSOR - 14527,Total de Ocorrências,3.0,numero
AVARE (9).xlsx,26,Semana 26 · 26/07 a 01/08,JOSE LEITE PINHEIRO PROFESSOR - 14527,Índice concluídas,0.666666666666667,numero
AVARE (9).xlsx,26,Semana 26 · 26/07 a 01/08,JOSE PENNA - 14540,(%) Amarelos,0.8,percentual
AVARE (9).xlsx,26,Semana 26 · 26/07 a 01/08,JOSE PENNA - 14540,(%) Preenchimento,1.0,percentual
AVARE (9).xlsx,26,Semana 26 · 26/07 a 01/08,JOSE PENNA - 14540,(%) Vermelhos,0.2,percentual
AVARE (9).xlsx,26,Semana 26 · 26/07 a 01/08,JOSE PENNA - 14540,Chamados Amarelos,4.0,numero
AVARE (9).xlsx,26,Semana 26 · 26/07 a 01/08,JOSE PENNA - 14540,Chamados Vermelhos,1.0,numero
AVARE (9).xlsx,26,Semana 26 · 26/07 a 01/08,JOSE PENNA - 14540,Ocorrências Concluídas,5.0,numero
AVARE (9).xlsx,26,Semana 26 · 26/07 a 01/08,JOSE PENNA - 14540,Total de Não Ocorrências,1.0,numero
AVARE (9).xlsx,26,Semana 26 · 26/07 a 01/08,JOSE PENNA - 14540,Total de Ocorrências,5.0,numero
AVARE (9).xlsx,26,Semana 26 · 26/07 a 01/08,JOSE PENNA - 14540,Índice concluídas,1.0,numero
AVARE (9).xlsx,26,Semana 26 · 26/07 a 01/08,JOSE PIRES DE CARVALHO DOUTOR - 924088,(%) Preenchimento,1.0,percentual
AVARE (9).xlsx,26,Semana 26 · 26/07 a 01/08,JOSE PIRES DE CARVALHO DOUTOR - 924088,Total de Não Ocorrências,5.0,numero
AVARE (9).xlsx,26,Semana 26 · 26/07 a 01/08,MARIA IZABEL CRUZ PIMENTEL DONA - 38908,(%) Preenchimento,1.0,percentual
AVARE (9).xlsx,26,Semana 26 · 26/07 a 01/08,MARIA IZABEL CRUZ PIMENTEL DONA - 38908,Total de Não Ocorrências,3.0,numero
AVARE (9).xlsx,26,Semana 26 · 26/07 a 01/08,MATILDE VIEIRA - 14679,(%) Preenchimento,1.0,percentual
AVARE (9).xlsx,26,Semana 26 · 26/07 a 01/08,MATILDE VIEIRA - 14679,Total de Não Ocorrências,5.0,numero
AVARE (9).xlsx,26,Semana 26 · 26/07 a 01/08,PAULO ARAUJO NOVAES DOUTOR - 14461,(%) Amarelos,0.571428571428571,percentual
AVARE (9).xlsx,26,Semana 26 · 26/07 a 01/08,PAULO ARAUJO NOVAES DOUTOR - 14461,(%) Preenchimento,1.0,percentual
AVARE (9).xlsx,26,Semana 26 · 26/07 a 01/08,PAULO ARAUJO NOVAES DOUTOR - 14461,(%) Vermelhos,0.428571428571429,percentual
AVARE (9).xlsx,26,Semana 26 · 26/07 a 01/08,PAULO ARAUJO NOVAES DOUTOR - 14461,Chamados Amarelos,4.0,numero
AVARE (9).xlsx,26,Semana 26 · 26/07 a 01/08,PAULO ARAUJO NOVAES DOUTOR - 14461,Chamados Vermelhos,3.0,numero
AVARE (9).xlsx,26,Semana 26 · 26/07 a 01/08,PAULO ARAUJO NOVAES DOUTOR - 14461,Ocorrências Concluídas,4.0,numero
AVARE (9).xlsx,26,Semana 26 · 26/07 a 01/08,PAULO ARAUJO NOVAES DOUTOR - 14461,Total de Ocorrências,7.0,numero
AVARE (9).xlsx,26,Semana 26 · 26/07 a 01/08,PAULO ARAUJO NOVAES DOUTOR - 14461,Índice concluídas,0.571428571428571,numero
AVARE (9).xlsx,26,Semana 26 · 26/07 a 01/08,PAULO DELICIO - 14515,(%) Amarelos,1.0,percentual
AVARE (9).xlsx,26,Semana 26 · 26/07 a 01/08,PAULO DELICIO - 14515,(%) Atendido pelo Psicólogo,1.0,percentual
AVARE (9).xlsx,26,Semana 26 · 26/07 a 01/08,PAULO DELICIO - 14515,(%) Encaminhado ao Psicólogo,1.0,percentual
AVARE (9).xlsx,26,Semana 26 · 26/07 a 01/08,PAULO DELICIO - 14515,(%) Preenchimento,1.0,percentual
AVARE (9).xlsx,26,Semana 26 · 26/07 a 01/08,PAULO DELICIO - 14515,(%) Psicólogo Agendado,1.0,percentual
AVARE (9).xlsx,26,Semana 26 · 26/07 a 01/08,PAULO DELICIO - 14515,Atendido pelo Psicólogo,1.0,numero
AVARE (9).xlsx,26,Semana 26 · 26/07 a 01/08,PAULO DELICIO - 14515,Chamados Amarelos,1.0,numero
AVARE (9).xlsx,26,Semana 26 · 26/07 a 01/08,PAULO DELICIO - 14515,Encaminhado ao Psicólogo,1.0,numero
AVARE (9).xlsx,26,Semana 26 · 26/07 a 01/08,PAULO DELICIO - 14515,Ocorrências Concluídas,1.0,numero
AVARE (9).xlsx,26,Semana 26 · 26/07 a 01/08,PAULO DELICIO - 14515,Psicólogo Agendado,1.0,numero
AVARE (9).xlsx,26,Semana 26 · 26/07 a 01/08,PAULO DELICIO - 14515,Total de Não Ocorrências,4.0,numero
AVARE (9).xlsx,26,Semana 26 · 26/07 a 01/08,PAULO DELICIO - 14515,Total de Ocorrências,1.0,numero
AVARE (9).xlsx,26,Semana 26 · 26/07 a 01/08,PAULO DELICIO - 14515,Índice concluídas,1.0,numero
AVARE (9).xlsx,26,Semana 26 · 26/07 a 01/08,PEDRO BENTO ALVES - 14503,(%) Preenchimento,1.0,percentual
AVARE (9).xlsx,26,Semana 26 · 26/07 a 01/08,PEDRO BENTO ALVES - 14503,Total de Não Ocorrências,4.0,numero
AVARE (9).xlsx,26,Semana 26 · 26/07 a 01/08,PROFESSORA MARIANA APARECIDA TODESCATO - 191516,(%) Amarelos,1.0,percentual
AVARE (9).xlsx,26,Semana 26 · 26/07 a 01/08,PROFESSORA MARIANA APARECIDA TODESCATO - 191516,(%) Encaminhado à Rede Protetiva,1.0,percentual
AVARE (9).xlsx,26,Semana 26 · 26/07 a 01/08,PROFESSORA MARIANA APARECIDA TODESCATO - 191516,(%) Preenchimento,1.0,percentual
AVARE (9).xlsx,26,Semana 26 · 26/07 a 01/08,PROFESSORA MARIANA APARECIDA TODESCATO - 191516,Chamados Amarelos,1.0,numero
AVARE (9).xlsx,26,Semana 26 · 26/07 a 01/08,PROFESSORA MARIANA APARECIDA TODESCATO - 191516,Encaminhado à Rede Protetiva,1.0,numero
AVARE (9).xlsx,26,Semana 26 · 26/07 a 01/08,PROFESSORA MARIANA APARECIDA TODESCATO - 191516,Ocorrências Concluídas,1.0,numero
AVARE (9).xlsx,26,Semana 26 · 26/07 a 01/08,PROFESSORA MARIANA APARECIDA TODESCATO - 191516,Total de Não Ocorrências,4.0,numero
AVARE (9).xlsx,26,Semana 26 · 26/07 a 01/08,PROFESSORA MARIANA APARECIDA TODESCATO - 191516,Total de Ocorrências,1.0,numero
AVARE (9).xlsx,26,Semana 26 · 26/07 a 01/08,PROFESSORA MARIANA APARECIDA TODESCATO - 191516,Índice concluídas,1.0,numero
AVARE (9).xlsx,26,Semana 26 · 26/07 a 01/08,SANDRA APARECIDA DE ARAUJO PROFESSORA - 924337,(%) Preenchimento,1.0,percentual
AVARE (9).xlsx,26,Semana 26 · 26/07 a 01/08,SANDRA APARECIDA DE ARAUJO PROFESSORA - 924337,Total de Não Ocorrências,3.0,numero
AVARE (8).xlsx,27,Semana 27 · 02/08 a 08/08,ABILIO RAPOSO FERRAZ JUNIOR - 903188,(%) Preenchimento,1.0,percentual
AVARE (8).xlsx,27,Semana 27 · 02/08 a 08/08,ABILIO RAPOSO FERRAZ JUNIOR - 903188,(%) Vermelhos,1.0,percentual
AVARE (8).xlsx,27,Semana 27 · 02/08 a 08/08,ABILIO RAPOSO FERRAZ JUNIOR - 903188,Chamados Vermelhos,1.0,numero
AVARE (8).xlsx,27,Semana 27 · 02/08 a 08/08,ABILIO RAPOSO FERRAZ JUNIOR - 903188,Ocorrências Concluídas,1.0,numero
AVARE (8).xlsx,27,Semana 27 · 02/08 a 08/08,ABILIO RAPOSO FERRAZ JUNIOR - 903188,Ocorrências Concluídas (%),1.0,percentual
AVARE (8).xlsx,27,Semana 27 · 02/08 a 08/08,ABILIO RAPOSO FERRAZ JUNIOR - 903188,Total de Não Ocorrências,4.0,numero
AVARE (8).xlsx,27,Semana 27 · 02/08 a 08/08,ABILIO RAPOSO FERRAZ JUNIOR - 903188,Total de Ocorrências,1.0,numero
AVARE (8).xlsx,27,Semana 27 · 02/08 a 08/08,ASSENTAMENTO ZUMBI DOS PALMARES - 566032,(%) Preenchimento,1.0,percentual
AVARE (8).xlsx,27,Semana 27 · 02/08 a 08/08,ASSENTAMENTO ZUMBI DOS PALMARES - 566032,Total de Não Ocorrências,5.0,numero
AVARE (8).xlsx,27,Semana 27 · 02/08 a 08/08,AVELINO APARECIDO RIBEIRO DOUTOR - 14552,(%) Preenchimento,1.0,percentual
AVARE (8).xlsx,27,Semana 27 · 02/08 a 08/08,AVELINO APARECIDO RIBEIRO DOUTOR - 14552,Total de Não Ocorrências,10.0,numero
AVARE (8).xlsx,27,Semana 27 · 02/08 a 08/08,BENE ANDRADE DONA - 14631,(%) Amarelos,0.2,percentual
AVARE (8).xlsx,27,Semana 27 · 02/08 a 08/08,BENE ANDRADE DONA - 14631,(%) Preenchimento,1.0,percentual
AVARE (8).xlsx,27,Semana 27 · 02/08 a 08/08,BENE ANDRADE DONA - 14631,(%) Vermelhos,0.8,percentual
AVARE (8).xlsx,27,Semana 27 · 02/08 a 08/08,BENE ANDRADE DONA - 14631,Chamados Amarelos,1.0,numero
AVARE (8).xlsx,27,Semana 27 · 02/08 a 08/08,BENE ANDRADE DONA - 14631,Chamados Vermelhos,4.0,numero
AVARE (8).xlsx,27,Semana 27 · 02/08 a 08/08,BENE ANDRADE DONA - 14631,Ocorrências Concluídas,5.0,numero
AVARE (8).xlsx,27,Semana 27 · 02/08 a 08/08,BENE ANDRADE DONA - 14631,Ocorrências Concluídas (%),1.0,percentual
AVARE (8).xlsx,27,Semana 27 · 02/08 a 08/08,BENE ANDRADE DONA - 14631,Total de Não Ocorrências,2.0,numero
AVARE (8).xlsx,27,Semana 27 · 02/08 a 08/08,BENE ANDRADE DONA - 14631,Total de Ocorrências,5.0,numero
AVARE (8).xlsx,27,Semana 27 · 02/08 a 08/08,CELSO FERREIRA DA SILVA PROFESSOR - 918489,(%) Amarelos,0.25,percentual
AVARE (8).xlsx,27,Semana 27 · 02/08 a 08/08,CELSO FERREIRA DA SILVA PROFESSOR - 918489,(%) Preenchimento,1.0,percentual
AVARE (8).xlsx,27,Semana 27 · 02/08 a 08/08,CELSO FERREIRA DA SILVA PROFESSOR - 918489,(%) Vermelhos,0.75,percentual
AVARE (8).xlsx,27,Semana 27 · 02/08 a 08/08,CELSO FERREIRA DA SILVA PROFESSOR - 918489,Atendido pelo Psicólogo,2.0,numero
AVARE (8).xlsx,27,Semana 27 · 02/08 a 08/08,CELSO FERREIRA DA SILVA PROFESSOR - 918489,Atendido pelo Psicólogo (%),1.0,percentual
AVARE (8).xlsx,27,Semana 27 · 02/08 a 08/08,CELSO FERREIRA DA SILVA PROFESSOR - 918489,Chamados Amarelos,1.0,numero
AVARE (8).xlsx,27,Semana 27 · 02/08 a 08/08,CELSO FERREIRA DA SILVA PROFESSOR - 918489,Chamados Vermelhos,3.0,numero
AVARE (8).xlsx,27,Semana 27 · 02/08 a 08/08,CELSO FERREIRA DA SILVA PROFESSOR - 918489,Encaminhado ao Psicólogo,2.0,numero
AVARE (8).xlsx,27,Semana 27 · 02/08 a 08/08,CELSO FERREIRA DA SILVA PROFESSOR - 918489,Encaminhado ao Psicólogo (%),0.5,percentual
AVARE (8).xlsx,27,Semana 27 · 02/08 a 08/08,CELSO FERREIRA DA SILVA PROFESSOR - 918489,Ocorrências Concluídas,4.0,numero
AVARE (8).xlsx,27,Semana 27 · 02/08 a 08/08,CELSO FERREIRA DA SILVA PROFESSOR - 918489,Ocorrências Concluídas (%),1.0,percentual
AVARE (8).xlsx,27,Semana 27 · 02/08 a 08/08,CELSO FERREIRA DA SILVA PROFESSOR - 918489,Psicólogo Agendado,2.0,numero
AVARE (8).xlsx,27,Semana 27 · 02/08 a 08/08,CELSO FERREIRA DA SILVA PROFESSOR - 918489,Psicólogo Agendado (%),1.0,percentual
AVARE (8).xlsx,27,Semana 27 · 02/08 a 08/08,CELSO FERREIRA DA SILVA PROFESSOR - 918489,Total de Não Ocorrências,2.0,numero
AVARE (8).xlsx,27,Semana 27 · 02/08 a 08/08,CELSO FERREIRA DA SILVA PROFESSOR - 918489,Total de Ocorrências,4.0,numero
AVARE (8).xlsx,27,Semana 27 · 02/08 a 08/08,COTA LEONEL DONA - 905185,(%) Amarelos,1.0,percentual
AVARE (8).xlsx,27,Semana 27 · 02/08 a 08/08,COTA LEONEL DONA - 905185,(%) Preenchimento,1.0,percentual
AVARE (8).xlsx,27,Semana 27 · 02/08 a 08/08,COTA LEONEL DONA - 905185,Chamados Amarelos,2.0,numero
AVARE (8).xlsx,27,Semana 27 · 02/08 a 08/08,COTA LEONEL DONA - 905185,Ocorrências Concluídas,2.0,numero
AVARE (8).xlsx,27,Semana 27 · 02/08 a 08/08,COTA LEONEL DONA - 905185,Ocorrências Concluídas (%),1.0,percentual
AVARE (8).xlsx,27,Semana 27 · 02/08 a 08/08,COTA LEONEL DONA - 905185,Total de Não Ocorrências,3.0,numero
AVARE (8).xlsx,27,Semana 27 · 02/08 a 08/08,COTA LEONEL DONA - 905185,Total de Ocorrências,2.0,numero
AVARE (8).xlsx,27,Semana 27 · 02/08 a 08/08,DIMAS MOZART E SILVA PROFESSOR - 900424,(%) Amarelos,1.0,percentual
AVARE (8).xlsx,27,Semana 27 · 02/08 a 08/08,DIMAS MOZART E SILVA PROFESSOR - 900424,(%) Preenchimento,1.0,percentual
AVARE (8).xlsx,27,Semana 27 · 02/08 a 08/08,DIMAS MOZART E SILVA PROFESSOR - 900424,Chamados Amarelos,2.0,numero
AVARE (8).xlsx,27,Semana 27 · 02/08 a 08/08,DIMAS MOZART E SILVA PROFESSOR - 900424,Ocorrências Concluídas,2.0,numero
AVARE (8).xlsx,27,Semana 27 · 02/08 a 08/08,DIMAS MOZART E SILVA PROFESSOR - 900424,Ocorrências Concluídas (%),1.0,percentual
AVARE (8).xlsx,27,Semana 27 · 02/08 a 08/08,DIMAS MOZART E SILVA PROFESSOR - 900424,Total de Não Ocorrências,3.0,numero
AVARE (8).xlsx,27,Semana 27 · 02/08 a 08/08,DIMAS MOZART E SILVA PROFESSOR - 900424,Total de Ocorrências,2.0,numero
AVARE (8).xlsx,27,Semana 27 · 02/08 a 08/08,EMILIO IMMOOS PADRE - 45226,(%) Amarelos,1.0,percentual
AVARE (8).xlsx,27,Semana 27 · 02/08 a 08/08,EMILIO IMMOOS PADRE - 45226,(%) Preenchimento,0.8333333333333334,percentual
AVARE (8).xlsx,27,Semana 27 · 02/08 a 08/08,EMILIO IMMOOS PADRE - 45226,Chamados Amarelos,4.0,numero
AVARE (8).xlsx,27,Semana 27 · 02/08 a 08/08,EMILIO IMMOOS PADRE - 45226,Ocorrências Concluídas,4.0,numero
AVARE (8).xlsx,27,Semana 27 · 02/08 a 08/08,EMILIO IMMOOS PADRE - 45226,Ocorrências Concluídas (%),1.0,percentual
AVARE (8).xlsx,27,Semana 27 · 02/08 a 08/08,EMILIO IMMOOS PADRE - 45226,Total de Não Ocorrências,2.0,numero
AVARE (8).xlsx,27,Semana 27 · 02/08 a 08/08,EMILIO IMMOOS PADRE - 45226,Total de Ocorrências,4.0,numero
AVARE (8).xlsx,27,Semana 27 · 02/08 a 08/08,ERUCE PAULUCCI PROFESSOR - 914484,(%) Amarelos,0.75,percentual
AVARE (8).xlsx,27,Semana 27 · 02/08 a 08/08,ERUCE PAULUCCI PROFESSOR - 914484,(%) Preenchimento,1.0,percentual
AVARE (8).xlsx,27,Semana 27 · 02/08 a 08/08,ERUCE PAULUCCI PROFESSOR - 914484,(%) Vermelhos,0.25,percentual
AVARE (8).xlsx,27,Semana 27 · 02/08 a 08/08,ERUCE PAULUCCI PROFESSOR - 914484,Atendido pelo Psicólogo,2.0,numero
AVARE (8).xlsx,27,Semana 27 · 02/08 a 08/08,ERUCE PAULUCCI PROFESSOR - 914484,Atendido pelo Psicólogo (%),1.0,percentual
AVARE (8).xlsx,27,Semana 27 · 02/08 a 08/08,ERUCE PAULUCCI PROFESSOR - 914484,Chamados Amarelos,3.0,numero
AVARE (8).xlsx,27,Semana 27 · 02/08 a 08/08,ERUCE PAULUCCI PROFESSOR - 914484,Chamados Vermelhos,1.0,numero
AVARE (8).xlsx,27,Semana 27 · 02/08 a 08/08,ERUCE PAULUCCI PROFESSOR - 914484,Encaminhado ao Psicólogo,2.0,numero
AVARE (8).xlsx,27,Semana 27 · 02/08 a 08/08,ERUCE PAULUCCI PROFESSOR - 914484,Encaminhado ao Psicólogo (%),0.5,percentual
AVARE (8).xlsx,27,Semana 27 · 02/08 a 08/08,ERUCE PAULUCCI PROFESSOR - 914484,Ocorrências Concluídas,4.0,numero
AVARE (8).xlsx,27,Semana 27 · 02/08 a 08/08,ERUCE PAULUCCI PROFESSOR - 914484,Ocorrências Concluídas (%),1.0,percentual
AVARE (8).xlsx,27,Semana 27 · 02/08 a 08/08,ERUCE PAULUCCI PROFESSOR - 914484,Psicólogo Agendado,2.0,numero
AVARE (8).xlsx,27,Semana 27 · 02/08 a 08/08,ERUCE PAULUCCI PROFESSOR - 914484,Psicólogo Agendado (%),1.0,percentual
AVARE (8).xlsx,27,Semana 27 · 02/08 a 08/08,ERUCE PAULUCCI PROFESSOR - 914484,Total de Não Ocorrências,2.0,numero
AVARE (8).xlsx,27,Semana 27 · 02/08 a 08/08,ERUCE PAULUCCI PROFESSOR - 914484,Total de Ocorrências,4.0,numero
AVARE (8).xlsx,27,Semana 27 · 02/08 a 08/08,GUIDO DIAS DE ALMEIDA PROFESSOR - 910119,(%) Amarelos,0.3333333333333333,percentual
AVARE (8).xlsx,27,Semana 27 · 02/08 a 08/08,GUIDO DIAS DE ALMEIDA PROFESSOR - 910119,(%) Preenchimento,1.0,percentual
AVARE (8).xlsx,27,Semana 27 · 02/08 a 08/08,GUIDO DIAS DE ALMEIDA PROFESSOR - 910119,(%) Vermelhos,0.6666666666666666,percentual
AVARE (8).xlsx,27,Semana 27 · 02/08 a 08/08,GUIDO DIAS DE ALMEIDA PROFESSOR - 910119,Chamados Amarelos,2.0,numero
AVARE (8).xlsx,27,Semana 27 · 02/08 a 08/08,GUIDO DIAS DE ALMEIDA PROFESSOR - 910119,Chamados Vermelhos,4.0,numero
AVARE (8).xlsx,27,Semana 27 · 02/08 a 08/08,GUIDO DIAS DE ALMEIDA PROFESSOR - 910119,Ocorrências Concluídas,6.0,numero
AVARE (8).xlsx,27,Semana 27 · 02/08 a 08/08,GUIDO DIAS DE ALMEIDA PROFESSOR - 910119,Ocorrências Concluídas (%),1.0,percentual
AVARE (8).xlsx,27,Semana 27 · 02/08 a 08/08,GUIDO DIAS DE ALMEIDA PROFESSOR - 910119,Total de Não Ocorrências,2.0,numero
AVARE (8).xlsx,27,Semana 27 · 02/08 a 08/08,GUIDO DIAS DE ALMEIDA PROFESSOR - 910119,Total de Ocorrências,6.0,numero
AVARE (8).xlsx,27,Semana 27 · 02/08 a 08/08,JOAO CRUZ CORONEL - 14497,(%) Amarelos,0.8333333333333334,percentual
AVARE (8).xlsx,27,Semana 27 · 02/08 a 08/08,JOAO CRUZ CORONEL - 14497,(%) Preenchimento,1.0,percentual
AVARE (8).xlsx,27,Semana 27 · 02/08 a 08/08,JOAO CRUZ CORONEL - 14497,(%) Vermelhos,0.16666666666666666,percentual
AVARE (8).xlsx,27,Semana 27 · 02/08 a 08/08,JOAO CRUZ CORONEL - 14497,Chamados Amarelos,5.0,numero
AVARE (8).xlsx,27,Semana 27 · 02/08 a 08/08,JOAO CRUZ CORONEL - 14497,Chamados Vermelhos,1.0,numero
AVARE (8).xlsx,27,Semana 27 · 02/08 a 08/08,JOAO CRUZ CORONEL - 14497,Encaminhado ao Psicólogo,1.0,numero
AVARE (8).xlsx,27,Semana 27 · 02/08 a 08/08,JOAO CRUZ CORONEL - 14497,Encaminhado ao Psicólogo (%),0.16666666666666666,percentual
AVARE (8).xlsx,27,Semana 27 · 02/08 a 08/08,JOAO CRUZ CORONEL - 14497,Ocorrências Concluídas,5.0,numero
AVARE (8).xlsx,27,Semana 27 · 02/08 a 08/08,JOAO CRUZ CORONEL - 14497,Ocorrências Concluídas (%),0.8333333333333334,percentual
AVARE (8).xlsx,27,Semana 27 · 02/08 a 08/08,JOAO CRUZ CORONEL - 14497,Psicólogo Agendado,1.0,numero
AVARE (8).xlsx,27,Semana 27 · 02/08 a 08/08,JOAO CRUZ CORONEL - 14497,Psicólogo Agendado (%),1.0,percentual
AVARE (8).xlsx,27,Semana 27 · 02/08 a 08/08,JOAO CRUZ CORONEL - 14497,Total de Não Ocorrências,5.0,numero
AVARE (8).xlsx,27,Semana 27 · 02/08 a 08/08,JOAO CRUZ CORONEL - 14497,Total de Ocorrências,6.0,numero
AVARE (8).xlsx,27,Semana 27 · 02/08 a 08/08,JOAO MICHELIN - 14485,(%) Preenchimento,1.0,percentual
AVARE (8).xlsx,27,Semana 27 · 02/08 a 08/08,JOAO MICHELIN - 14485,Total de Não Ocorrências,4.0,numero
AVARE (8).xlsx,27,Semana 27 · 02/08 a 08/08,JOAO TEIXEIRA DE ARAUJO PROFESSOR - 14588,(%) Amarelos,0.3333333333333333,percentual
AVARE (8).xlsx,27,Semana 27 · 02/08 a 08/08,JOAO TEIXEIRA DE ARAUJO PROFESSOR - 14588,(%) Preenchimento,1.0,percentual
AVARE (8).xlsx,27,Semana 27 · 02/08 a 08/08,JOAO TEIXEIRA DE ARAUJO PROFESSOR - 14588,(%) Vermelhos,0.6666666666666666,percentual
AVARE (8).xlsx,27,Semana 27 · 02/08 a 08/08,JOAO TEIXEIRA DE ARAUJO PROFESSOR - 14588,Chamados Amarelos,1.0,numero
AVARE (8).xlsx,27,Semana 27 · 02/08 a 08/08,JOAO TEIXEIRA DE ARAUJO PROFESSOR - 14588,Chamados Vermelhos,2.0,numero
AVARE (8).xlsx,27,Semana 27 · 02/08 a 08/08,JOAO TEIXEIRA DE ARAUJO PROFESSOR - 14588,Ocorrências Concluídas,3.0,numero
AVARE (8).xlsx,27,Semana 27 · 02/08 a 08/08,JOAO TEIXEIRA DE ARAUJO PROFESSOR - 14588,Ocorrências Concluídas (%),1.0,percentual
AVARE (8).xlsx,27,Semana 27 · 02/08 a 08/08,JOAO TEIXEIRA DE ARAUJO PROFESSOR - 14588,Total de Não Ocorrências,1.0,numero
AVARE (8).xlsx,27,Semana 27 · 02/08 a 08/08,JOAO TEIXEIRA DE ARAUJO PROFESSOR - 14588,Total de Ocorrências,3.0,numero
AVARE (8).xlsx,27,Semana 27 · 02/08 a 08/08,JOSE APARECIDO CASTELUCCI PROFESSOR - 49888,(%) Amarelos,0.5,percentual
AVARE (8).xlsx,27,Semana 27 · 02/08 a 08/08,JOSE APARECIDO CASTELUCCI PROFESSOR - 49888,(%) Preenchimento,1.0,percentual
AVARE (8).xlsx,27,Semana 27 · 02/08 a 08/08,JOSE APARECIDO CASTELUCCI PROFESSOR - 49888,(%) Vermelhos,0.5,percentual
AVARE (8).xlsx,27,Semana 27 · 02/08 a 08/08,JOSE APARECIDO CASTELUCCI PROFESSOR - 49888,Chamados Amarelos,1.0,numero
AVARE (8).xlsx,27,Semana 27 · 02/08 a 08/08,JOSE APARECIDO CASTELUCCI PROFESSOR - 49888,Chamados Vermelhos,1.0,numero
AVARE (8).xlsx,27,Semana 27 · 02/08 a 08/08,JOSE APARECIDO CASTELUCCI PROFESSOR - 49888,Encaminhado ao Psicólogo,2.0,numero
AVARE (8).xlsx,27,Semana 27 · 02/08 a 08/08,JOSE APARECIDO CASTELUCCI PROFESSOR - 49888,Encaminhado ao Psicólogo (%),1.0,percentual
AVARE (8).xlsx,27,Semana 27 · 02/08 a 08/08,JOSE APARECIDO CASTELUCCI PROFESSOR - 49888,Ocorrências Concluídas,2.0,numero
AVARE (8).xlsx,27,Semana 27 · 02/08 a 08/08,JOSE APARECIDO CASTELUCCI PROFESSOR - 49888,Ocorrências Concluídas (%),1.0,percentual
AVARE (8).xlsx,27,Semana 27 · 02/08 a 08/08,JOSE APARECIDO CASTELUCCI PROFESSOR - 49888,Total de Não Ocorrências,4.0,numero
AVARE (8).xlsx,27,Semana 27 · 02/08 a 08/08,JOSE APARECIDO CASTELUCCI PROFESSOR - 49888,Total de Ocorrências,2.0,numero
AVARE (8).xlsx,27,Semana 27 · 02/08 a 08/08,JOSE LEITE PINHEIRO PROFESSOR - 14527,(%) Amarelos,0.5,percentual
AVARE (8).xlsx,27,Semana 27 · 02/08 a 08/08,JOSE LEITE PINHEIRO PROFESSOR - 14527,(%) Preenchimento,0.7142857142857143,percentual
AVARE (8).xlsx,27,Semana 27 · 02/08 a 08/08,JOSE LEITE PINHEIRO PROFESSOR - 14527,(%) Vermelhos,0.5,percentual
AVARE (8).xlsx,27,Semana 27 · 02/08 a 08/08,JOSE LEITE PINHEIRO PROFESSOR - 14527,Atendido pelo Psicólogo,1.0,numero
AVARE (8).xlsx,27,Semana 27 · 02/08 a 08/08,JOSE LEITE PINHEIRO PROFESSOR - 14527,Atendido pelo Psicólogo (%),1.0,percentual
AVARE (8).xlsx,27,Semana 27 · 02/08 a 08/08,JOSE LEITE PINHEIRO PROFESSOR - 14527,Chamados Amarelos,2.0,numero
AVARE (8).xlsx,27,Semana 27 · 02/08 a 08/08,JOSE LEITE PINHEIRO PROFESSOR - 14527,Chamados Vermelhos,2.0,numero
AVARE (8).xlsx,27,Semana 27 · 02/08 a 08/08,JOSE LEITE PINHEIRO PROFESSOR - 14527,Encaminhado ao Psicólogo,1.0,numero
AVARE (8).xlsx,27,Semana 27 · 02/08 a 08/08,JOSE LEITE PINHEIRO PROFESSOR - 14527,Encaminhado ao Psicólogo (%),0.25,percentual
AVARE (8).xlsx,27,Semana 27 · 02/08 a 08/08,JOSE LEITE PINHEIRO PROFESSOR - 14527,Ocorrências Concluídas,3.0,numero
AVARE (8).xlsx,27,Semana 27 · 02/08 a 08/08,JOSE LEITE PINHEIRO PROFESSOR - 14527,Ocorrências Concluídas (%),0.75,percentual
AVARE (8).xlsx,27,Semana 27 · 02/08 a 08/08,JOSE LEITE PINHEIRO PROFESSOR - 14527,Psicólogo Agendado,1.0,numero
AVARE (8).xlsx,27,Semana 27 · 02/08 a 08/08,JOSE LEITE PINHEIRO PROFESSOR - 14527,Psicólogo Agendado (%),1.0,percentual
AVARE (8).xlsx,27,Semana 27 · 02/08 a 08/08,JOSE LEITE PINHEIRO PROFESSOR - 14527,Total de Não Ocorrências,1.0,numero
AVARE (8).xlsx,27,Semana 27 · 02/08 a 08/08,JOSE LEITE PINHEIRO PROFESSOR - 14527,Total de Ocorrências,4.0,numero
AVARE (8).xlsx,27,Semana 27 · 02/08 a 08/08,JOSE PENNA - 14540,(%) Amarelos,1.0,percentual
AVARE (8).xlsx,27,Semana 27 · 02/08 a 08/08,JOSE PENNA - 14540,(%) Preenchimento,1.0,percentual
AVARE (8).xlsx,27,Semana 27 · 02/08 a 08/08,JOSE PENNA - 14540,Chamados Amarelos,1.0,numero
AVARE (8).xlsx,27,Semana 27 · 02/08 a 08/08,JOSE PENNA - 14540,Ocorrências Concluídas,1.0,numero
AVARE (8).xlsx,27,Semana 27 · 02/08 a 08/08,JOSE PENNA - 14540,Ocorrências Concluídas (%),1.0,percentual
AVARE (8).xlsx,27,Semana 27 · 02/08 a 08/08,JOSE PENNA - 14540,Total de Não Ocorrências,4.0,numero
AVARE (8).xlsx,27,Semana 27 · 02/08 a 08/08,JOSE PENNA - 14540,Total de Ocorrências,1.0,numero
AVARE (8).xlsx,27,Semana 27 · 02/08 a 08/08,JOSE PIRES DE CARVALHO DOUTOR - 924088,(%) Amarelos,1.0,percentual
AVARE (8).xlsx,27,Semana 27 · 02/08 a 08/08,JOSE PIRES DE CARVALHO DOUTOR - 924088,(%) Preenchimento,1.0,percentual
AVARE (8).xlsx,27,Semana 27 · 02/08 a 08/08,JOSE PIRES DE CARVALHO DOUTOR - 924088,Chamados Amarelos,1.0,numero
AVARE (8).xlsx,27,Semana 27 · 02/08 a 08/08,JOSE PIRES DE CARVALHO DOUTOR - 924088,Ocorrências Concluídas,1.0,numero
AVARE (8).xlsx,27,Semana 27 · 02/08 a 08/08,JOSE PIRES DE CARVALHO DOUTOR - 924088,Ocorrências Concluídas (%),1.0,percentual
AVARE (8).xlsx,27,Semana 27 · 02/08 a 08/08,JOSE PIRES DE CARVALHO DOUTOR - 924088,Total de Não Ocorrências,4.0,numero
AVARE (8).xlsx,27,Semana 27 · 02/08 a 08/08,JOSE PIRES DE CARVALHO DOUTOR - 924088,Total de Ocorrências,1.0,numero
AVARE (8).xlsx,27,Semana 27 · 02/08 a 08/08,MARIA IZABEL CRUZ PIMENTEL DONA - 38908,(%) Amarelos,1.0,percentual
AVARE (8).xlsx,27,Semana 27 · 02/08 a 08/08,MARIA IZABEL CRUZ PIMENTEL DONA - 38908,(%) Preenchimento,1.0,percentual
AVARE (8).xlsx,27,Semana 27 · 02/08 a 08/08,MARIA IZABEL CRUZ PIMENTEL DONA - 38908,Chamados Amarelos,3.0,numero
AVARE (8).xlsx,27,Semana 27 · 02/08 a 08/08,MARIA IZABEL CRUZ PIMENTEL DONA - 38908,Ocorrências Concluídas,2.0,numero
AVARE (8).xlsx,27,Semana 27 · 02/08 a 08/08,MARIA IZABEL CRUZ PIMENTEL DONA - 38908,Ocorrências Concluídas (%),0.6666666666666666,percentual
AVARE (8).xlsx,27,Semana 27 · 02/08 a 08/08,MARIA IZABEL CRUZ PIMENTEL DONA - 38908,Total de Não Ocorrências,3.0,numero
AVARE (8).xlsx,27,Semana 27 · 02/08 a 08/08,MARIA IZABEL CRUZ PIMENTEL DONA - 38908,Total de Ocorrências,3.0,numero
AVARE (8).xlsx,27,Semana 27 · 02/08 a 08/08,MATILDE VIEIRA - 14679,(%) Preenchimento,1.0,percentual
AVARE (8).xlsx,27,Semana 27 · 02/08 a 08/08,MATILDE VIEIRA - 14679,Total de Não Ocorrências,4.0,numero
AVARE (8).xlsx,27,Semana 27 · 02/08 a 08/08,PAULO ARAUJO NOVAES DOUTOR - 14461,(%) Amarelos,0.5,percentual
AVARE (8).xlsx,27,Semana 27 · 02/08 a 08/08,PAULO ARAUJO NOVAES DOUTOR - 14461,(%) Preenchimento,1.0,percentual
AVARE (8).xlsx,27,Semana 27 · 02/08 a 08/08,PAULO ARAUJO NOVAES DOUTOR - 14461,(%) Vermelhos,0.5,percentual
AVARE (8).xlsx,27,Semana 27 · 02/08 a 08/08,PAULO ARAUJO NOVAES DOUTOR - 14461,Atendido pelo Psicólogo,1.0,numero
AVARE (8).xlsx,27,Semana 27 · 02/08 a 08/08,PAULO ARAUJO NOVAES DOUTOR - 14461,Atendido pelo Psicólogo (%),1.0,percentual
AVARE (8).xlsx,27,Semana 27 · 02/08 a 08/08,PAULO ARAUJO NOVAES DOUTOR - 14461,Chamados Amarelos,2.0,numero
AVARE (8).xlsx,27,Semana 27 · 02/08 a 08/08,PAULO ARAUJO NOVAES DOUTOR - 14461,Chamados Vermelhos,2.0,numero
AVARE (8).xlsx,27,Semana 27 · 02/08 a 08/08,PAULO ARAUJO NOVAES DOUTOR - 14461,Encaminhado ao Psicólogo,1.0,numero
AVARE (8).xlsx,27,Semana 27 · 02/08 a 08/08,PAULO ARAUJO NOVAES DOUTOR - 14461,Encaminhado ao Psicólogo (%),0.25,percentual
AVARE (8).xlsx,27,Semana 27 · 02/08 a 08/08,PAULO ARAUJO NOVAES DOUTOR - 14461,Ocorrências Concluídas,3.0,numero
AVARE (8).xlsx,27,Semana 27 · 02/08 a 08/08,PAULO ARAUJO NOVAES DOUTOR - 14461,Ocorrências Concluídas (%),0.75,percentual
AVARE (8).xlsx,27,Semana 27 · 02/08 a 08/08,PAULO ARAUJO NOVAES DOUTOR - 14461,Psicólogo Agendado,1.0,numero
AVARE (8).xlsx,27,Semana 27 · 02/08 a 08/08,PAULO ARAUJO NOVAES DOUTOR - 14461,Psicólogo Agendado (%),1.0,percentual
AVARE (8).xlsx,27,Semana 27 · 02/08 a 08/08,PAULO ARAUJO NOVAES DOUTOR - 14461,Total de Não Ocorrências,2.0,numero
AVARE (8).xlsx,27,Semana 27 · 02/08 a 08/08,PAULO ARAUJO NOVAES DOUTOR - 14461,Total de Ocorrências,4.0,numero
AVARE (8).xlsx,27,Semana 27 · 02/08 a 08/08,PAULO DELICIO - 14515,(%) Amarelos,1.0,percentual
AVARE (8).xlsx,27,Semana 27 · 02/08 a 08/08,PAULO DELICIO - 14515,(%) Preenchimento,1.0,percentual
AVARE (8).xlsx,27,Semana 27 · 02/08 a 08/08,PAULO DELICIO - 14515,Chamados Amarelos,2.0,numero
AVARE (8).xlsx,27,Semana 27 · 02/08 a 08/08,PAULO DELICIO - 14515,Ocorrências Concluídas,2.0,numero
AVARE (8).xlsx,27,Semana 27 · 02/08 a 08/08,PAULO DELICIO - 14515,Ocorrências Concluídas (%),1.0,percentual
AVARE (8).xlsx,27,Semana 27 · 02/08 a 08/08,PAULO DELICIO - 14515,Total de Não Ocorrências,3.0,numero
AVARE (8).xlsx,27,Semana 27 · 02/08 a 08/08,PAULO DELICIO - 14515,Total de Ocorrências,2.0,numero
AVARE (8).xlsx,27,Semana 27 · 02/08 a 08/08,PEDRO BENTO ALVES - 14503,(%) Amarelos,0.3333333333333333,percentual
AVARE (8).xlsx,27,Semana 27 · 02/08 a 08/08,PEDRO BENTO ALVES - 14503,(%) Preenchimento,1.0,percentual
AVARE (8).xlsx,27,Semana 27 · 02/08 a 08/08,PEDRO BENTO ALVES - 14503,(%) Vermelhos,0.6666666666666666,percentual
AVARE (8).xlsx,27,Semana 27 · 02/08 a 08/08,PEDRO BENTO ALVES - 14503,Chamados Amarelos,1.0,numero
AVARE (8).xlsx,27,Semana 27 · 02/08 a 08/08,PEDRO BENTO ALVES - 14503,Chamados Vermelhos,2.0,numero
AVARE (8).xlsx,27,Semana 27 · 02/08 a 08/08,PEDRO BENTO ALVES - 14503,Ocorrências Concluídas,1.0,numero
AVARE (8).xlsx,27,Semana 27 · 02/08 a 08/08,PEDRO BENTO ALVES - 14503,Ocorrências Concluídas (%),0.3333333333333333,percentual
AVARE (8).xlsx,27,Semana 27 · 02/08 a 08/08,PEDRO BENTO ALVES - 14503,Total de Ocorrências,3.0,numero
AVARE (8).xlsx,27,Semana 27 · 02/08 a 08/08,PROFESSORA MARIANA APARECIDA TODESCATO - 191516,(%) Preenchimento,1.0,percentual
AVARE (8).xlsx,27,Semana 27 · 02/08 a 08/08,PROFESSORA MARIANA APARECIDA TODESCATO - 191516,Total de Não Ocorrências,5.0,numero
AVARE (8).xlsx,27,Semana 27 · 02/08 a 08/08,SANDRA APARECIDA DE ARAUJO PROFESSORA - 924337,(%) Amarelos,1.0,percentual
AVARE (8).xlsx,27,Semana 27 · 02/08 a 08/08,SANDRA APARECIDA DE ARAUJO PROFESSORA - 924337,(%) Preenchimento,1.0,percentual
AVARE (8).xlsx,27,Semana 27 · 02/08 a 08/08,SANDRA APARECIDA DE ARAUJO PROFESSORA - 924337,Atendido pelo Psicólogo,1.0,numero
AVARE (8).xlsx,27,Semana 27 · 02/08 a 08/08,SANDRA APARECIDA DE ARAUJO PROFESSORA - 924337,Atendido pelo Psicólogo (%),1.0,percentual
AVARE (8).xlsx,27,Semana 27 · 02/08 a 08/08,SANDRA APARECIDA DE ARAUJO PROFESSORA - 924337,Chamados Amarelos,2.0,numero
AVARE (8).xlsx,27,Semana 27 · 02/08 a 08/08,SANDRA APARECIDA DE ARAUJO PROFESSORA - 924337,Encaminhado ao Psicólogo,1.0,numero
AVARE (8).xlsx,27,Semana 27 · 02/08 a 08/08,SANDRA APARECIDA DE ARAUJO PROFESSORA - 924337,Encaminhado ao Psicólogo (%),0.5,percentual
AVARE (8).xlsx,27,Semana 27 · 02/08 a 08/08,SANDRA APARECIDA DE ARAUJO PROFESSORA - 924337,Ocorrências Concluídas,2.0,numero
AVARE (8).xlsx,27,Semana 27 · 02/08 a 08/08,SANDRA APARECIDA DE ARAUJO PROFESSORA - 924337,Ocorrências Concluídas (%),1.0,percentual
AVARE (8).xlsx,27,Semana 27 · 02/08 a 08/08,SANDRA APARECIDA DE ARAUJO PROFESSORA - 924337,Psicólogo Agendado,1.0,numero
AVARE (8).xlsx,27,Semana 27 · 02/08 a 08/08,SANDRA APARECIDA DE ARAUJO PROFESSORA - 924337,Psicólogo Agendado (%),1.0,percentual
AVARE (8).xlsx,27,Semana 27 · 02/08 a 08/08,SANDRA APARECIDA DE ARAUJO PROFESSORA - 924337,Total de Não Ocorrências,5.0,numero
AVARE (8).xlsx,27,Semana 27 · 02/08 a 08/08,SANDRA APARECIDA DE ARAUJO PROFESSORA - 924337,Total de Ocorrências,2.0,numero
AVARE (7).xlsx,28,Semana 28 · 09/08 a 15/08,ABILIO RAPOSO FERRAZ JUNIOR - 903188,(%) Preenchimento,1.0,percentual
AVARE (7).xlsx,28,Semana 28 · 09/08 a 15/08,ABILIO RAPOSO FERRAZ JUNIOR - 903188,Total de Não Ocorrências,5.0,numero
AVARE (7).xlsx,28,Semana 28 · 09/08 a 15/08,ASSENTAMENTO ZUMBI DOS PALMARES - 566032,(%) Preenchimento,1.0,percentual
AVARE (7).xlsx,28,Semana 28 · 09/08 a 15/08,ASSENTAMENTO ZUMBI DOS PALMARES - 566032,Total de Não Ocorrências,5.0,numero
AVARE (7).xlsx,28,Semana 28 · 09/08 a 15/08,AVELINO APARECIDO RIBEIRO DOUTOR - 14552,(%) Amarelos,1.0,percentual
AVARE (7).xlsx,28,Semana 28 · 09/08 a 15/08,AVELINO APARECIDO RIBEIRO DOUTOR - 14552,(%) Preenchimento,1.0,percentual
AVARE (7).xlsx,28,Semana 28 · 09/08 a 15/08,AVELINO APARECIDO RIBEIRO DOUTOR - 14552,Chamados Amarelos,6.0,numero
AVARE (7).xlsx,28,Semana 28 · 09/08 a 15/08,AVELINO APARECIDO RIBEIRO DOUTOR - 14552,Ocorrências Concluídas,6.0,numero
AVARE (7).xlsx,28,Semana 28 · 09/08 a 15/08,AVELINO APARECIDO RIBEIRO DOUTOR - 14552,Ocorrências Concluídas (%),1.0,percentual
AVARE (7).xlsx,28,Semana 28 · 09/08 a 15/08,AVELINO APARECIDO RIBEIRO DOUTOR - 14552,Total de Não Ocorrências,10.0,numero
AVARE (7).xlsx,28,Semana 28 · 09/08 a 15/08,AVELINO APARECIDO RIBEIRO DOUTOR - 14552,Total de Ocorrências,6.0,numero
AVARE (7).xlsx,28,Semana 28 · 09/08 a 15/08,BENE ANDRADE DONA - 14631,(%) Preenchimento,1.0,percentual
AVARE (7).xlsx,28,Semana 28 · 09/08 a 15/08,BENE ANDRADE DONA - 14631,Total de Não Ocorrências,5.0,numero
AVARE (7).xlsx,28,Semana 28 · 09/08 a 15/08,CELSO FERREIRA DA SILVA PROFESSOR - 918489,(%) Amarelos,0.25,percentual
AVARE (7).xlsx,28,Semana 28 · 09/08 a 15/08,CELSO FERREIRA DA SILVA PROFESSOR - 918489,(%) Preenchimento,1.0,percentual
AVARE (7).xlsx,28,Semana 28 · 09/08 a 15/08,CELSO FERREIRA DA SILVA PROFESSOR - 918489,(%) Vermelhos,0.75,percentual
AVARE (7).xlsx,28,Semana 28 · 09/08 a 15/08,CELSO FERREIRA DA SILVA PROFESSOR - 918489,Atendido pelo Psicólogo,1.0,numero
AVARE (7).xlsx,28,Semana 28 · 09/08 a 15/08,CELSO FERREIRA DA SILVA PROFESSOR - 918489,Atendido pelo Psicólogo (%),1.0,percentual
AVARE (7).xlsx,28,Semana 28 · 09/08 a 15/08,CELSO FERREIRA DA SILVA PROFESSOR - 918489,Chamados Amarelos,1.0,numero
AVARE (7).xlsx,28,Semana 28 · 09/08 a 15/08,CELSO FERREIRA DA SILVA PROFESSOR - 918489,Chamados Vermelhos,3.0,numero
AVARE (7).xlsx,28,Semana 28 · 09/08 a 15/08,CELSO FERREIRA DA SILVA PROFESSOR - 918489,Encaminhado ao Psicólogo,1.0,numero
AVARE (7).xlsx,28,Semana 28 · 09/08 a 15/08,CELSO FERREIRA DA SILVA PROFESSOR - 918489,Encaminhado ao Psicólogo (%),0.25,percentual
AVARE (7).xlsx,28,Semana 28 · 09/08 a 15/08,CELSO FERREIRA DA SILVA PROFESSOR - 918489,Ocorrências Concluídas,4.0,numero
AVARE (7).xlsx,28,Semana 28 · 09/08 a 15/08,CELSO FERREIRA DA SILVA PROFESSOR - 918489,Ocorrências Concluídas (%),1.0,percentual
AVARE (7).xlsx,28,Semana 28 · 09/08 a 15/08,CELSO FERREIRA DA SILVA PROFESSOR - 918489,Psicólogo Agendado,1.0,numero
AVARE (7).xlsx,28,Semana 28 · 09/08 a 15/08,CELSO FERREIRA DA SILVA PROFESSOR - 918489,Psicólogo Agendado (%),1.0,percentual
AVARE (7).xlsx,28,Semana 28 · 09/08 a 15/08,CELSO FERREIRA DA SILVA PROFESSOR - 918489,Total de Não Ocorrências,3.0,numero
AVARE (7).xlsx,28,Semana 28 · 09/08 a 15/08,CELSO FERREIRA DA SILVA PROFESSOR - 918489,Total de Ocorrências,4.0,numero
AVARE (7).xlsx,28,Semana 28 · 09/08 a 15/08,COTA LEONEL DONA - 905185,(%) Amarelos,0.5,percentual
AVARE (7).xlsx,28,Semana 28 · 09/08 a 15/08,COTA LEONEL DONA - 905185,(%) Preenchimento,1.0,percentual
AVARE (7).xlsx,28,Semana 28 · 09/08 a 15/08,COTA LEONEL DONA - 905185,(%) Vermelhos,0.5,percentual
AVARE (7).xlsx,28,Semana 28 · 09/08 a 15/08,COTA LEONEL DONA - 905185,Chamados Amarelos,1.0,numero
AVARE (7).xlsx,28,Semana 28 · 09/08 a 15/08,COTA LEONEL DONA - 905185,Chamados Vermelhos,1.0,numero
AVARE (7).xlsx,28,Semana 28 · 09/08 a 15/08,COTA LEONEL DONA - 905185,Ocorrências Concluídas,2.0,numero
AVARE (7).xlsx,28,Semana 28 · 09/08 a 15/08,COTA LEONEL DONA - 905185,Ocorrências Concluídas (%),1.0,percentual
AVARE (7).xlsx,28,Semana 28 · 09/08 a 15/08,COTA LEONEL DONA - 905185,Total de Não Ocorrências,4.0,numero
AVARE (7).xlsx,28,Semana 28 · 09/08 a 15/08,COTA LEONEL DONA - 905185,Total de Ocorrências,2.0,numero
AVARE (7).xlsx,28,Semana 28 · 09/08 a 15/08,DIMAS MOZART E SILVA PROFESSOR - 900424,(%) Amarelos,1.0,percentual
AVARE (7).xlsx,28,Semana 28 · 09/08 a 15/08,DIMAS MOZART E SILVA PROFESSOR - 900424,(%) Preenchimento,1.0,percentual
AVARE (7).xlsx,28,Semana 28 · 09/08 a 15/08,DIMAS MOZART E SILVA PROFESSOR - 900424,Chamados Amarelos,4.0,numero
AVARE (7).xlsx,28,Semana 28 · 09/08 a 15/08,DIMAS MOZART E SILVA PROFESSOR - 900424,Encaminhado à Rede de Saúde,1.0,numero
AVARE (7).xlsx,28,Semana 28 · 09/08 a 15/08,DIMAS MOZART E SILVA PROFESSOR - 900424,Encaminhado à Rede de Saúde (%),0.25,percentual
AVARE (7).xlsx,28,Semana 28 · 09/08 a 15/08,DIMAS MOZART E SILVA PROFESSOR - 900424,Ocorrências Concluídas,4.0,numero
AVARE (7).xlsx,28,Semana 28 · 09/08 a 15/08,DIMAS MOZART E SILVA PROFESSOR - 900424,Ocorrências Concluídas (%),1.0,percentual
AVARE (7).xlsx,28,Semana 28 · 09/08 a 15/08,DIMAS MOZART E SILVA PROFESSOR - 900424,Total de Não Ocorrências,3.0,numero
AVARE (7).xlsx,28,Semana 28 · 09/08 a 15/08,DIMAS MOZART E SILVA PROFESSOR - 900424,Total de Ocorrências,4.0,numero
AVARE (7).xlsx,28,Semana 28 · 09/08 a 15/08,EMILIO IMMOOS PADRE - 45226,(%) Amarelos,0.6,percentual
AVARE (7).xlsx,28,Semana 28 · 09/08 a 15/08,EMILIO IMMOOS PADRE - 45226,(%) Preenchimento,1.0,percentual
AVARE (7).xlsx,28,Semana 28 · 09/08 a 15/08,EMILIO IMMOOS PADRE - 45226,(%) Vermelhos,0.4,percentual
AVARE (7).xlsx,28,Semana 28 · 09/08 a 15/08,EMILIO IMMOOS PADRE - 45226,Chamados Amarelos,3.0,numero
AVARE (7).xlsx,28,Semana 28 · 09/08 a 15/08,EMILIO IMMOOS PADRE - 45226,Chamados Vermelhos,2.0,numero
AVARE (7).xlsx,28,Semana 28 · 09/08 a 15/08,EMILIO IMMOOS PADRE - 45226,Ocorrências Concluídas,5.0,numero
AVARE (7).xlsx,28,Semana 28 · 09/08 a 15/08,EMILIO IMMOOS PADRE - 45226,Ocorrências Concluídas (%),1.0,percentual
AVARE (7).xlsx,28,Semana 28 · 09/08 a 15/08,EMILIO IMMOOS PADRE - 45226,Total de Ocorrências,5.0,numero
AVARE (7).xlsx,28,Semana 28 · 09/08 a 15/08,ERUCE PAULUCCI PROFESSOR - 914484,(%) Amarelos,0.5,percentual
AVARE (7).xlsx,28,Semana 28 · 09/08 a 15/08,ERUCE PAULUCCI PROFESSOR - 914484,(%) Preenchimento,1.0,percentual
AVARE (7).xlsx,28,Semana 28 · 09/08 a 15/08,ERUCE PAULUCCI PROFESSOR - 914484,(%) Vermelhos,0.5,percentual
AVARE (7).xlsx,28,Semana 28 · 09/08 a 15/08,ERUCE PAULUCCI PROFESSOR - 914484,Atendido pelo Psicólogo,1.0,numero
AVARE (7).xlsx,28,Semana 28 · 09/08 a 15/08,ERUCE PAULUCCI PROFESSOR - 914484,Atendido pelo Psicólogo (%),1.0,percentual
AVARE (7).xlsx,28,Semana 28 · 09/08 a 15/08,ERUCE PAULUCCI PROFESSOR - 914484,Chamados Amarelos,1.0,numero
AVARE (7).xlsx,28,Semana 28 · 09/08 a 15/08,ERUCE PAULUCCI PROFESSOR - 914484,Chamados Vermelhos,1.0,numero
AVARE (7).xlsx,28,Semana 28 · 09/08 a 15/08,ERUCE PAULUCCI PROFESSOR - 914484,Encaminhado ao Psicólogo,1.0,numero
AVARE (7).xlsx,28,Semana 28 · 09/08 a 15/08,ERUCE PAULUCCI PROFESSOR - 914484,Encaminhado ao Psicólogo (%),0.5,percentual
AVARE (7).xlsx,28,Semana 28 · 09/08 a 15/08,ERUCE PAULUCCI PROFESSOR - 914484,Ocorrências Concluídas,2.0,numero
AVARE (7).xlsx,28,Semana 28 · 09/08 a 15/08,ERUCE PAULUCCI PROFESSOR - 914484,Ocorrências Concluídas (%),1.0,percentual
AVARE (7).xlsx,28,Semana 28 · 09/08 a 15/08,ERUCE PAULUCCI PROFESSOR - 914484,Psicólogo Agendado,1.0,numero
AVARE (7).xlsx,28,Semana 28 · 09/08 a 15/08,ERUCE PAULUCCI PROFESSOR - 914484,Psicólogo Agendado (%),1.0,percentual
AVARE (7).xlsx,28,Semana 28 · 09/08 a 15/08,ERUCE PAULUCCI PROFESSOR - 914484,Total de Não Ocorrências,3.0,numero
AVARE (7).xlsx,28,Semana 28 · 09/08 a 15/08,ERUCE PAULUCCI PROFESSOR - 914484,Total de Ocorrências,2.0,numero
AVARE (7).xlsx,28,Semana 28 · 09/08 a 15/08,GUIDO DIAS DE ALMEIDA PROFESSOR - 910119,(%) Preenchimento,1.0,percentual
AVARE (7).xlsx,28,Semana 28 · 09/08 a 15/08,GUIDO DIAS DE ALMEIDA PROFESSOR - 910119,(%) Vermelhos,1.0,percentual
AVARE (7).xlsx,28,Semana 28 · 09/08 a 15/08,GUIDO DIAS DE ALMEIDA PROFESSOR - 910119,Chamados Vermelhos,1.0,numero
AVARE (7).xlsx,28,Semana 28 · 09/08 a 15/08,GUIDO DIAS DE ALMEIDA PROFESSOR - 910119,Ocorrências Concluídas,1.0,numero
AVARE (7).xlsx,28,Semana 28 · 09/08 a 15/08,GUIDO DIAS DE ALMEIDA PROFESSOR - 910119,Ocorrências Concluídas (%),1.0,percentual
AVARE (7).xlsx,28,Semana 28 · 09/08 a 15/08,GUIDO DIAS DE ALMEIDA PROFESSOR - 910119,Total de Não Ocorrências,5.0,numero
AVARE (7).xlsx,28,Semana 28 · 09/08 a 15/08,GUIDO DIAS DE ALMEIDA PROFESSOR - 910119,Total de Ocorrências,1.0,numero
AVARE (7).xlsx,28,Semana 28 · 09/08 a 15/08,JOAO CRUZ CORONEL - 14497,(%) Amarelos,0.8888888888888888,percentual
AVARE (7).xlsx,28,Semana 28 · 09/08 a 15/08,JOAO CRUZ CORONEL - 14497,(%) Preenchimento,1.0,percentual
AVARE (7).xlsx,28,Semana 28 · 09/08 a 15/08,JOAO CRUZ CORONEL - 14497,(%) Vermelhos,0.1111111111111111,percentual
AVARE (7).xlsx,28,Semana 28 · 09/08 a 15/08,JOAO CRUZ CORONEL - 14497,Chamados Amarelos,8.0,numero
AVARE (7).xlsx,28,Semana 28 · 09/08 a 15/08,JOAO CRUZ CORONEL - 14497,Chamados Vermelhos,1.0,numero
AVARE (7).xlsx,28,Semana 28 · 09/08 a 15/08,JOAO CRUZ CORONEL - 14497,Ocorrências Concluídas,9.0,numero
AVARE (7).xlsx,28,Semana 28 · 09/08 a 15/08,JOAO CRUZ CORONEL - 14497,Ocorrências Concluídas (%),1.0,percentual
AVARE (7).xlsx,28,Semana 28 · 09/08 a 15/08,JOAO CRUZ CORONEL - 14497,Total de Não Ocorrências,4.0,numero
AVARE (7).xlsx,28,Semana 28 · 09/08 a 15/08,JOAO CRUZ CORONEL - 14497,Total de Ocorrências,9.0,numero
AVARE (7).xlsx,28,Semana 28 · 09/08 a 15/08,JOAO MICHELIN - 14485,(%) Preenchimento,1.0,percentual
AVARE (7).xlsx,28,Semana 28 · 09/08 a 15/08,JOAO MICHELIN - 14485,Total de Não Ocorrências,4.0,numero
AVARE (7).xlsx,28,Semana 28 · 09/08 a 15/08,JOAO TEIXEIRA DE ARAUJO PROFESSOR - 14588,(%) Amarelos,0.42857142857142855,percentual
AVARE (7).xlsx,28,Semana 28 · 09/08 a 15/08,JOAO TEIXEIRA DE ARAUJO PROFESSOR - 14588,(%) Preenchimento,1.0,percentual
AVARE (7).xlsx,28,Semana 28 · 09/08 a 15/08,JOAO TEIXEIRA DE ARAUJO PROFESSOR - 14588,(%) Vermelhos,0.5714285714285714,percentual
AVARE (7).xlsx,28,Semana 28 · 09/08 a 15/08,JOAO TEIXEIRA DE ARAUJO PROFESSOR - 14588,Atendido pelo Psicólogo,2.0,numero
AVARE (7).xlsx,28,Semana 28 · 09/08 a 15/08,JOAO TEIXEIRA DE ARAUJO PROFESSOR - 14588,Atendido pelo Psicólogo (%),0.6666666666666666,percentual
AVARE (7).xlsx,28,Semana 28 · 09/08 a 15/08,JOAO TEIXEIRA DE ARAUJO PROFESSOR - 14588,Chamados Amarelos,3.0,numero
AVARE (7).xlsx,28,Semana 28 · 09/08 a 15/08,JOAO TEIXEIRA DE ARAUJO PROFESSOR - 14588,Chamados Vermelhos,4.0,numero
AVARE (7).xlsx,28,Semana 28 · 09/08 a 15/08,JOAO TEIXEIRA DE ARAUJO PROFESSOR - 14588,Encaminhado ao Psicólogo,3.0,numero
AVARE (7).xlsx,28,Semana 28 · 09/08 a 15/08,JOAO TEIXEIRA DE ARAUJO PROFESSOR - 14588,Encaminhado ao Psicólogo (%),0.42857142857142855,percentual
AVARE (7).xlsx,28,Semana 28 · 09/08 a 15/08,JOAO TEIXEIRA DE ARAUJO PROFESSOR - 14588,Ocorrências Concluídas,6.0,numero
AVARE (7).xlsx,28,Semana 28 · 09/08 a 15/08,JOAO TEIXEIRA DE ARAUJO PROFESSOR - 14588,Ocorrências Concluídas (%),0.8571428571428571,percentual
AVARE (7).xlsx,28,Semana 28 · 09/08 a 15/08,JOAO TEIXEIRA DE ARAUJO PROFESSOR - 14588,Psicólogo Agendado,3.0,numero
AVARE (7).xlsx,28,Semana 28 · 09/08 a 15/08,JOAO TEIXEIRA DE ARAUJO PROFESSOR - 14588,Psicólogo Agendado (%),1.0,percentual
AVARE (7).xlsx,28,Semana 28 · 09/08 a 15/08,JOAO TEIXEIRA DE ARAUJO PROFESSOR - 14588,Total de Ocorrências,7.0,numero
AVARE (7).xlsx,28,Semana 28 · 09/08 a 15/08,JOSE APARECIDO CASTELUCCI PROFESSOR - 49888,(%) Preenchimento,1.0,percentual
AVARE (7).xlsx,28,Semana 28 · 09/08 a 15/08,JOSE APARECIDO CASTELUCCI PROFESSOR - 49888,Total de Não Ocorrências,5.0,numero
AVARE (7).xlsx,28,Semana 28 · 09/08 a 15/08,JOSE LEITE PINHEIRO PROFESSOR - 14527,(%) Amarelos,1.0,percentual
AVARE (7).xlsx,28,Semana 28 · 09/08 a 15/08,JOSE LEITE PINHEIRO PROFESSOR - 14527,(%) Preenchimento,1.0,percentual
AVARE (7).xlsx,28,Semana 28 · 09/08 a 15/08,JOSE LEITE PINHEIRO PROFESSOR - 14527,Chamados Amarelos,1.0,numero
AVARE (7).xlsx,28,Semana 28 · 09/08 a 15/08,JOSE LEITE PINHEIRO PROFESSOR - 14527,Ocorrências Concluídas,1.0,numero
AVARE (7).xlsx,28,Semana 28 · 09/08 a 15/08,JOSE LEITE PINHEIRO PROFESSOR - 14527,Ocorrências Concluídas (%),1.0,percentual
AVARE (7).xlsx,28,Semana 28 · 09/08 a 15/08,JOSE LEITE PINHEIRO PROFESSOR - 14527,Total de Não Ocorrências,2.0,numero
AVARE (7).xlsx,28,Semana 28 · 09/08 a 15/08,JOSE LEITE PINHEIRO PROFESSOR - 14527,Total de Ocorrências,1.0,numero
AVARE (7).xlsx,28,Semana 28 · 09/08 a 15/08,JOSE PENNA - 14540,(%) Amarelos,1.0,percentual
AVARE (7).xlsx,28,Semana 28 · 09/08 a 15/08,JOSE PENNA - 14540,(%) Preenchimento,1.0,percentual
AVARE (7).xlsx,28,Semana 28 · 09/08 a 15/08,JOSE PENNA - 14540,Chamados Amarelos,3.0,numero
AVARE (7).xlsx,28,Semana 28 · 09/08 a 15/08,JOSE PENNA - 14540,Ocorrências Concluídas,3.0,numero
AVARE (7).xlsx,28,Semana 28 · 09/08 a 15/08,JOSE PENNA - 14540,Ocorrências Concluídas (%),1.0,percentual
AVARE (7).xlsx,28,Semana 28 · 09/08 a 15/08,JOSE PENNA - 14540,Total de Não Ocorrências,1.0,numero
AVARE (7).xlsx,28,Semana 28 · 09/08 a 15/08,JOSE PENNA - 14540,Total de Ocorrências,3.0,numero
AVARE (7).xlsx,28,Semana 28 · 09/08 a 15/08,JOSE PIRES DE CARVALHO DOUTOR - 924088,(%) Preenchimento,1.0,percentual
AVARE (7).xlsx,28,Semana 28 · 09/08 a 15/08,JOSE PIRES DE CARVALHO DOUTOR - 924088,(%) Vermelhos,1.0,percentual
AVARE (7).xlsx,28,Semana 28 · 09/08 a 15/08,JOSE PIRES DE CARVALHO DOUTOR - 924088,Chamados Vermelhos,1.0,numero
AVARE (7).xlsx,28,Semana 28 · 09/08 a 15/08,JOSE PIRES DE CARVALHO DOUTOR - 924088,Ocorrências Concluídas,1.0,numero
AVARE (7).xlsx,28,Semana 28 · 09/08 a 15/08,JOSE PIRES DE CARVALHO DOUTOR - 924088,Ocorrências Concluídas (%),1.0,percentual
AVARE (7).xlsx,28,Semana 28 · 09/08 a 15/08,JOSE PIRES DE CARVALHO DOUTOR - 924088,Total de Não Ocorrências,4.0,numero
AVARE (7).xlsx,28,Semana 28 · 09/08 a 15/08,JOSE PIRES DE CARVALHO DOUTOR - 924088,Total de Ocorrências,1.0,numero
AVARE (7).xlsx,28,Semana 28 · 09/08 a 15/08,MARIA IZABEL CRUZ PIMENTEL DONA - 38908,(%) Amarelos,1.0,percentual
AVARE (7).xlsx,28,Semana 28 · 09/08 a 15/08,MARIA IZABEL CRUZ PIMENTEL DONA - 38908,(%) Preenchimento,1.0,percentual
AVARE (7).xlsx,28,Semana 28 · 09/08 a 15/08,MARIA IZABEL CRUZ PIMENTEL DONA - 38908,Chamados Amarelos,1.0,numero
AVARE (7).xlsx,28,Semana 28 · 09/08 a 15/08,MARIA IZABEL CRUZ PIMENTEL DONA - 38908,Total de Não Ocorrências,4.0,numero
AVARE (7).xlsx,28,Semana 28 · 09/08 a 15/08,MARIA IZABEL CRUZ PIMENTEL DONA - 38908,Total de Ocorrências,1.0,numero
AVARE (7).xlsx,28,Semana 28 · 09/08 a 15/08,MATILDE VIEIRA - 14679,(%) Amarelos,0.5,percentual
AVARE (7).xlsx,28,Semana 28 · 09/08 a 15/08,MATILDE VIEIRA - 14679,(%) Preenchimento,1.0,percentual
AVARE (7).xlsx,28,Semana 28 · 09/08 a 15/08,MATILDE VIEIRA - 14679,(%) Vermelhos,0.5,percentual
AVARE (7).xlsx,28,Semana 28 · 09/08 a 15/08,MATILDE VIEIRA - 14679,Atendido pelo Psicólogo,2.0,numero
AVARE (7).xlsx,28,Semana 28 · 09/08 a 15/08,MATILDE VIEIRA - 14679,Atendido pelo Psicólogo (%),1.0,percentual
AVARE (7).xlsx,28,Semana 28 · 09/08 a 15/08,MATILDE VIEIRA - 14679,Chamados Amarelos,2.0,numero
AVARE (7).xlsx,28,Semana 28 · 09/08 a 15/08,MATILDE VIEIRA - 14679,Chamados Vermelhos,2.0,numero
AVARE (7).xlsx,28,Semana 28 · 09/08 a 15/08,MATILDE VIEIRA - 14679,Encaminhado ao Psicólogo,2.0,numero
AVARE (7).xlsx,28,Semana 28 · 09/08 a 15/08,MATILDE VIEIRA - 14679,Encaminhado ao Psicólogo (%),0.5,percentual
AVARE (7).xlsx,28,Semana 28 · 09/08 a 15/08,MATILDE VIEIRA - 14679,Ocorrências Concluídas,3.0,numero
AVARE (7).xlsx,28,Semana 28 · 09/08 a 15/08,MATILDE VIEIRA - 14679,Ocorrências Concluídas (%),0.75,percentual
AVARE (7).xlsx,28,Semana 28 · 09/08 a 15/08,MATILDE VIEIRA - 14679,Psicólogo Agendado,2.0,numero
AVARE (7).xlsx,28,Semana 28 · 09/08 a 15/08,MATILDE VIEIRA - 14679,Psicólogo Agendado (%),1.0,percentual
AVARE (7).xlsx,28,Semana 28 · 09/08 a 15/08,MATILDE VIEIRA - 14679,Total de Ocorrências,4.0,numero
AVARE (7).xlsx,28,Semana 28 · 09/08 a 15/08,PAULO ARAUJO NOVAES DOUTOR - 14461,(%) Amarelos,0.9166666666666666,percentual
AVARE (7).xlsx,28,Semana 28 · 09/08 a 15/08,PAULO ARAUJO NOVAES DOUTOR - 14461,(%) Preenchimento,1.0,percentual
AVARE (7).xlsx,28,Semana 28 · 09/08 a 15/08,PAULO ARAUJO NOVAES DOUTOR - 14461,(%) Vermelhos,0.08333333333333333,percentual
AVARE (7).xlsx,28,Semana 28 · 09/08 a 15/08,PAULO ARAUJO NOVAES DOUTOR - 14461,Chamados Amarelos,11.0,numero
AVARE (7).xlsx,28,Semana 28 · 09/08 a 15/08,PAULO ARAUJO NOVAES DOUTOR - 14461,Chamados Vermelhos,1.0,numero
AVARE (7).xlsx,28,Semana 28 · 09/08 a 15/08,PAULO ARAUJO NOVAES DOUTOR - 14461,Ocorrências Concluídas,8.0,numero
AVARE (7).xlsx,28,Semana 28 · 09/08 a 15/08,PAULO ARAUJO NOVAES DOUTOR - 14461,Ocorrências Concluídas (%),0.6666666666666666,percentual
AVARE (7).xlsx,28,Semana 28 · 09/08 a 15/08,PAULO ARAUJO NOVAES DOUTOR - 14461,Total de Ocorrências,12.0,numero
AVARE (7).xlsx,28,Semana 28 · 09/08 a 15/08,PAULO DELICIO - 14515,(%) Amarelos,1.0,percentual
AVARE (7).xlsx,28,Semana 28 · 09/08 a 15/08,PAULO DELICIO - 14515,(%) Preenchimento,1.0,percentual
AVARE (7).xlsx,28,Semana 28 · 09/08 a 15/08,PAULO DELICIO - 14515,Chamados Amarelos,3.0,numero
AVARE (7).xlsx,28,Semana 28 · 09/08 a 15/08,PAULO DELICIO - 14515,Ocorrências Concluídas,3.0,numero
AVARE (7).xlsx,28,Semana 28 · 09/08 a 15/08,PAULO DELICIO - 14515,Ocorrências Concluídas (%),1.0,percentual
AVARE (7).xlsx,28,Semana 28 · 09/08 a 15/08,PAULO DELICIO - 14515,Total de Não Ocorrências,3.0,numero
AVARE (7).xlsx,28,Semana 28 · 09/08 a 15/08,PAULO DELICIO - 14515,Total de Ocorrências,3.0,numero
AVARE (7).xlsx,28,Semana 28 · 09/08 a 15/08,PEDRO BENTO ALVES - 14503,(%) Amarelos,0.75,percentual
AVARE (7).xlsx,28,Semana 28 · 09/08 a 15/08,PEDRO BENTO ALVES - 14503,(%) Preenchimento,1.0,percentual
AVARE (7).xlsx,28,Semana 28 · 09/08 a 15/08,PEDRO BENTO ALVES - 14503,(%) Vermelhos,0.25,percentual
AVARE (7).xlsx,28,Semana 28 · 09/08 a 15/08,PEDRO BENTO ALVES - 14503,Atendido pelo Psicólogo,1.0,numero
AVARE (7).xlsx,28,Semana 28 · 09/08 a 15/08,PEDRO BENTO ALVES - 14503,Atendido pelo Psicólogo (%),1.0,percentual
AVARE (7).xlsx,28,Semana 28 · 09/08 a 15/08,PEDRO BENTO ALVES - 14503,Chamados Amarelos,6.0,numero
AVARE (7).xlsx,28,Semana 28 · 09/08 a 15/08,PEDRO BENTO ALVES - 14503,Chamados Vermelhos,2.0,numero
AVARE (7).xlsx,28,Semana 28 · 09/08 a 15/08,PEDRO BENTO ALVES - 14503,Encaminhado ao Psicólogo,1.0,numero
AVARE (7).xlsx,28,Semana 28 · 09/08 a 15/08,PEDRO BENTO ALVES - 14503,Encaminhado ao Psicólogo (%),0.125,percentual
AVARE (7).xlsx,28,Semana 28 · 09/08 a 15/08,PEDRO BENTO ALVES - 14503,Encaminhado à Rede Protetiva,1.0,numero
AVARE (7).xlsx,28,Semana 28 · 09/08 a 15/08,PEDRO BENTO ALVES - 14503,Encaminhado à Rede Protetiva (%),0.125,percentual
AVARE (7).xlsx,28,Semana 28 · 09/08 a 15/08,PEDRO BENTO ALVES - 14503,Ocorrências Concluídas,8.0,numero
AVARE (7).xlsx,28,Semana 28 · 09/08 a 15/08,PEDRO BENTO ALVES - 14503,Ocorrências Concluídas (%),1.0,percentual
AVARE (7).xlsx,28,Semana 28 · 09/08 a 15/08,PEDRO BENTO ALVES - 14503,Psicólogo Agendado,1.0,numero
AVARE (7).xlsx,28,Semana 28 · 09/08 a 15/08,PEDRO BENTO ALVES - 14503,Psicólogo Agendado (%),1.0,percentual
AVARE (7).xlsx,28,Semana 28 · 09/08 a 15/08,PEDRO BENTO ALVES - 14503,Total de Não Ocorrências,2.0,numero
AVARE (7).xlsx,28,Semana 28 · 09/08 a 15/08,PEDRO BENTO ALVES - 14503,Total de Ocorrências,8.0,numero
AVARE (7).xlsx,28,Semana 28 · 09/08 a 15/08,PROFESSORA MARIANA APARECIDA TODESCATO - 191516,(%) Amarelos,1.0,percentual
AVARE (7).xlsx,28,Semana 28 · 09/08 a 15/08,PROFESSORA MARIANA APARECIDA TODESCATO - 191516,(%) Preenchimento,1.0,percentual
AVARE (7).xlsx,28,Semana 28 · 09/08 a 15/08,PROFESSORA MARIANA APARECIDA TODESCATO - 191516,Chamados Amarelos,2.0,numero
AVARE (7).xlsx,28,Semana 28 · 09/08 a 15/08,PROFESSORA MARIANA APARECIDA TODESCATO - 191516,Ocorrências Concluídas,2.0,numero
AVARE (7).xlsx,28,Semana 28 · 09/08 a 15/08,PROFESSORA MARIANA APARECIDA TODESCATO - 191516,Ocorrências Concluídas (%),1.0,percentual
AVARE (7).xlsx,28,Semana 28 · 09/08 a 15/08,PROFESSORA MARIANA APARECIDA TODESCATO - 191516,Total de Não Ocorrências,4.0,numero
AVARE (7).xlsx,28,Semana 28 · 09/08 a 15/08,PROFESSORA MARIANA APARECIDA TODESCATO - 191516,Total de Ocorrências,2.0,numero
AVARE (7).xlsx,28,Semana 28 · 09/08 a 15/08,SANDRA APARECIDA DE ARAUJO PROFESSORA - 924337,(%) Amarelos,1.0,percentual
AVARE (7).xlsx,28,Semana 28 · 09/08 a 15/08,SANDRA APARECIDA DE ARAUJO PROFESSORA - 924337,(%) Preenchimento,1.0,percentual
AVARE (7).xlsx,28,Semana 28 · 09/08 a 15/08,SANDRA APARECIDA DE ARAUJO PROFESSORA - 924337,Chamados Amarelos,1.0,numero
AVARE (7).xlsx,28,Semana 28 · 09/08 a 15/08,SANDRA APARECIDA DE ARAUJO PROFESSORA - 924337,Ocorrências Concluídas,1.0,numero
AVARE (7).xlsx,28,Semana 28 · 09/08 a 15/08,SANDRA APARECIDA DE ARAUJO PROFESSORA - 924337,Ocorrências Concluídas (%),1.0,percentual
AVARE (7).xlsx,28,Semana 28 · 09/08 a 15/08,SANDRA APARECIDA DE ARAUJO PROFESSORA - 924337,Total de Não Ocorrências,4.0,numero
AVARE (7).xlsx,28,Semana 28 · 09/08 a 15/08,SANDRA APARECIDA DE ARAUJO PROFESSORA - 924337,Total de Ocorrências,1.0,numero
AVARE (6).xlsx,29,Semana 29 · 16/08 a 22/08,ABILIO RAPOSO FERRAZ JUNIOR - 903188,(%) Preenchimento,1.0,percentual
AVARE (6).xlsx,29,Semana 29 · 16/08 a 22/08,ABILIO RAPOSO FERRAZ JUNIOR - 903188,Total de Não Ocorrências,4.0,numero
AVARE (6).xlsx,29,Semana 29 · 16/08 a 22/08,ASSENTAMENTO ZUMBI DOS PALMARES - 566032,(%) Preenchimento,1.0,percentual
AVARE (6).xlsx,29,Semana 29 · 16/08 a 22/08,ASSENTAMENTO ZUMBI DOS PALMARES - 566032,Total de Não Ocorrências,5.0,numero
AVARE (6).xlsx,29,Semana 29 · 16/08 a 22/08,AVELINO APARECIDO RIBEIRO DOUTOR - 14552,(%) Amarelos,1.0,percentual
AVARE (6).xlsx,29,Semana 29 · 16/08 a 22/08,AVELINO APARECIDO RIBEIRO DOUTOR - 14552,(%) Preenchimento,1.0,percentual
AVARE (6).xlsx,29,Semana 29 · 16/08 a 22/08,AVELINO APARECIDO RIBEIRO DOUTOR - 14552,Chamados Amarelos,2.0,numero
AVARE (6).xlsx,29,Semana 29 · 16/08 a 22/08,AVELINO APARECIDO RIBEIRO DOUTOR - 14552,Ocorrências Concluídas,2.0,numero
AVARE (6).xlsx,29,Semana 29 · 16/08 a 22/08,AVELINO APARECIDO RIBEIRO DOUTOR - 14552,Total de Não Ocorrências,8.0,numero
AVARE (6).xlsx,29,Semana 29 · 16/08 a 22/08,AVELINO APARECIDO RIBEIRO DOUTOR - 14552,Total de Ocorrências,2.0,numero
AVARE (6).xlsx,29,Semana 29 · 16/08 a 22/08,AVELINO APARECIDO RIBEIRO DOUTOR - 14552,Índice concluídas,1.0,numero
AVARE (6).xlsx,29,Semana 29 · 16/08 a 22/08,BENE ANDRADE DONA - 14631,(%) Amarelos,0.5,percentual
AVARE (6).xlsx,29,Semana 29 · 16/08 a 22/08,BENE ANDRADE DONA - 14631,(%) Preenchimento,1.0,percentual
AVARE (6).xlsx,29,Semana 29 · 16/08 a 22/08,BENE ANDRADE DONA - 14631,(%) Vermelhos,0.5,percentual
AVARE (6).xlsx,29,Semana 29 · 16/08 a 22/08,BENE ANDRADE DONA - 14631,Chamados Amarelos,1.0,numero
AVARE (6).xlsx,29,Semana 29 · 16/08 a 22/08,BENE ANDRADE DONA - 14631,Chamados Vermelhos,1.0,numero
AVARE (6).xlsx,29,Semana 29 · 16/08 a 22/08,BENE ANDRADE DONA - 14631,Ocorrências Concluídas,2.0,numero
AVARE (6).xlsx,29,Semana 29 · 16/08 a 22/08,BENE ANDRADE DONA - 14631,Total de Não Ocorrências,5.0,numero
AVARE (6).xlsx,29,Semana 29 · 16/08 a 22/08,BENE ANDRADE DONA - 14631,Total de Ocorrências,2.0,numero
AVARE (6).xlsx,29,Semana 29 · 16/08 a 22/08,BENE ANDRADE DONA - 14631,Índice concluídas,1.0,numero
AVARE (6).xlsx,29,Semana 29 · 16/08 a 22/08,CELSO FERREIRA DA SILVA PROFESSOR - 918489,(%) Amarelos,0.8,percentual
AVARE (6).xlsx,29,Semana 29 · 16/08 a 22/08,CELSO FERREIRA DA SILVA PROFESSOR - 918489,(%) Preenchimento,1.0,percentual
AVARE (6).xlsx,29,Semana 29 · 16/08 a 22/08,CELSO FERREIRA DA SILVA PROFESSOR - 918489,(%) Vermelhos,0.2,percentual
AVARE (6).xlsx,29,Semana 29 · 16/08 a 22/08,CELSO FERREIRA DA SILVA PROFESSOR - 918489,Chamados Amarelos,8.0,numero
AVARE (6).xlsx,29,Semana 29 · 16/08 a 22/08,CELSO FERREIRA DA SILVA PROFESSOR - 918489,Chamados Vermelhos,2.0,numero
AVARE (6).xlsx,29,Semana 29 · 16/08 a 22/08,CELSO FERREIRA DA SILVA PROFESSOR - 918489,Ocorrências Concluídas,10.0,numero
AVARE (6).xlsx,29,Semana 29 · 16/08 a 22/08,CELSO FERREIRA DA SILVA PROFESSOR - 918489,Total de Ocorrências,10.0,numero
AVARE (6).xlsx,29,Semana 29 · 16/08 a 22/08,CELSO FERREIRA DA SILVA PROFESSOR - 918489,Índice concluídas,1.0,numero
AVARE (6).xlsx,29,Semana 29 · 16/08 a 22/08,COTA LEONEL DONA - 905185,(%) Preenchimento,1.0,percentual
AVARE (6).xlsx,29,Semana 29 · 16/08 a 22/08,COTA LEONEL DONA - 905185,Total de Não Ocorrências,5.0,numero
AVARE (6).xlsx,29,Semana 29 · 16/08 a 22/08,DIMAS MOZART E SILVA PROFESSOR - 900424,(%) Amarelos,0.666666666666667,percentual
AVARE (6).xlsx,29,Semana 29 · 16/08 a 22/08,DIMAS MOZART E SILVA PROFESSOR - 900424,(%) Atendido pelo Psicólogo,1.0,percentual
AVARE (6).xlsx,29,Semana 29 · 16/08 a 22/08,DIMAS MOZART E SILVA PROFESSOR - 900424,(%) Encaminhado ao Psicólogo,0.333333333333333,percentual
AVARE (6).xlsx,29,Semana 29 · 16/08 a 22/08,DIMAS MOZART E SILVA PROFESSOR - 900424,(%) Encaminhado à Rede Protetiva,0.333333333333333,percentual
AVARE (6).xlsx,29,Semana 29 · 16/08 a 22/08,DIMAS MOZART E SILVA PROFESSOR - 900424,(%) Preenchimento,1.0,percentual
AVARE (6).xlsx,29,Semana 29 · 16/08 a 22/08,DIMAS MOZART E SILVA PROFESSOR - 900424,(%) Psicólogo Agendado,1.0,percentual
AVARE (6).xlsx,29,Semana 29 · 16/08 a 22/08,DIMAS MOZART E SILVA PROFESSOR - 900424,(%) Vermelhos,0.333333333333333,percentual
AVARE (6).xlsx,29,Semana 29 · 16/08 a 22/08,DIMAS MOZART E SILVA PROFESSOR - 900424,Atendido pelo Psicólogo,1.0,numero
AVARE (6).xlsx,29,Semana 29 · 16/08 a 22/08,DIMAS MOZART E SILVA PROFESSOR - 900424,Chamados Amarelos,2.0,numero
AVARE (6).xlsx,29,Semana 29 · 16/08 a 22/08,DIMAS MOZART E SILVA PROFESSOR - 900424,Chamados Vermelhos,1.0,numero
AVARE (6).xlsx,29,Semana 29 · 16/08 a 22/08,DIMAS MOZART E SILVA PROFESSOR - 900424,Encaminhado ao Psicólogo,1.0,numero
AVARE (6).xlsx,29,Semana 29 · 16/08 a 22/08,DIMAS MOZART E SILVA PROFESSOR - 900424,Encaminhado à Rede Protetiva,1.0,numero
AVARE (6).xlsx,29,Semana 29 · 16/08 a 22/08,DIMAS MOZART E SILVA PROFESSOR - 900424,Ocorrências Concluídas,2.0,numero
AVARE (6).xlsx,29,Semana 29 · 16/08 a 22/08,DIMAS MOZART E SILVA PROFESSOR - 900424,Psicólogo Agendado,1.0,numero
AVARE (6).xlsx,29,Semana 29 · 16/08 a 22/08,DIMAS MOZART E SILVA PROFESSOR - 900424,Total de Não Ocorrências,3.0,numero
AVARE (6).xlsx,29,Semana 29 · 16/08 a 22/08,DIMAS MOZART E SILVA PROFESSOR - 900424,Total de Ocorrências,3.0,numero
AVARE (6).xlsx,29,Semana 29 · 16/08 a 22/08,DIMAS MOZART E SILVA PROFESSOR - 900424,Índice concluídas,0.666666666666667,numero
AVARE (6).xlsx,29,Semana 29 · 16/08 a 22/08,EMILIO IMMOOS PADRE - 45226,(%) Amarelos,0.625,percentual
AVARE (6).xlsx,29,Semana 29 · 16/08 a 22/08,EMILIO IMMOOS PADRE - 45226,(%) Preenchimento,1.0,percentual
AVARE (6).xlsx,29,Semana 29 · 16/08 a 22/08,EMILIO IMMOOS PADRE - 45226,(%) Vermelhos,0.375,percentual
AVARE (6).xlsx,29,Semana 29 · 16/08 a 22/08,EMILIO IMMOOS PADRE - 45226,Chamados Amarelos,5.0,numero
AVARE (6).xlsx,29,Semana 29 · 16/08 a 22/08,EMILIO IMMOOS PADRE - 45226,Chamados Vermelhos,3.0,numero
AVARE (6).xlsx,29,Semana 29 · 16/08 a 22/08,EMILIO IMMOOS PADRE - 45226,Ocorrências Concluídas,8.0,numero
AVARE (6).xlsx,29,Semana 29 · 16/08 a 22/08,EMILIO IMMOOS PADRE - 45226,Total de Não Ocorrências,3.0,numero
AVARE (6).xlsx,29,Semana 29 · 16/08 a 22/08,EMILIO IMMOOS PADRE - 45226,Total de Ocorrências,8.0,numero
AVARE (6).xlsx,29,Semana 29 · 16/08 a 22/08,EMILIO IMMOOS PADRE - 45226,Índice concluídas,1.0,numero
AVARE (6).xlsx,29,Semana 29 · 16/08 a 22/08,ERUCE PAULUCCI PROFESSOR - 914484,(%) Amarelos,0.333333333333333,percentual
AVARE (6).xlsx,29,Semana 29 · 16/08 a 22/08,ERUCE PAULUCCI PROFESSOR - 914484,(%) Atendido pelo Psicólogo,1.0,percentual
AVARE (6).xlsx,29,Semana 29 · 16/08 a 22/08,ERUCE PAULUCCI PROFESSOR - 914484,(%) Encaminhado ao Psicólogo,0.666666666666667,percentual
AVARE (6).xlsx,29,Semana 29 · 16/08 a 22/08,ERUCE PAULUCCI PROFESSOR - 914484,(%) Preenchimento,1.0,percentual
AVARE (6).xlsx,29,Semana 29 · 16/08 a 22/08,ERUCE PAULUCCI PROFESSOR - 914484,(%) Psicólogo Agendado,1.0,percentual
AVARE (6).xlsx,29,Semana 29 · 16/08 a 22/08,ERUCE PAULUCCI PROFESSOR - 914484,(%) Vermelhos,0.666666666666667,percentual
AVARE (6).xlsx,29,Semana 29 · 16/08 a 22/08,ERUCE PAULUCCI PROFESSOR - 914484,Atendido pelo Psicólogo,2.0,numero
AVARE (6).xlsx,29,Semana 29 · 16/08 a 22/08,ERUCE PAULUCCI PROFESSOR - 914484,Chamados Amarelos,1.0,numero
AVARE (6).xlsx,29,Semana 29 · 16/08 a 22/08,ERUCE PAULUCCI PROFESSOR - 914484,Chamados Vermelhos,2.0,numero
AVARE (6).xlsx,29,Semana 29 · 16/08 a 22/08,ERUCE PAULUCCI PROFESSOR - 914484,Encaminhado ao Psicólogo,2.0,numero
AVARE (6).xlsx,29,Semana 29 · 16/08 a 22/08,ERUCE PAULUCCI PROFESSOR - 914484,Ocorrências Concluídas,3.0,numero
AVARE (6).xlsx,29,Semana 29 · 16/08 a 22/08,ERUCE PAULUCCI PROFESSOR - 914484,Psicólogo Agendado,2.0,numero
AVARE (6).xlsx,29,Semana 29 · 16/08 a 22/08,ERUCE PAULUCCI PROFESSOR - 914484,Total de Não Ocorrências,2.0,numero
AVARE (6).xlsx,29,Semana 29 · 16/08 a 22/08,ERUCE PAULUCCI PROFESSOR - 914484,Total de Ocorrências,3.0,numero
AVARE (6).xlsx,29,Semana 29 · 16/08 a 22/08,ERUCE PAULUCCI PROFESSOR - 914484,Índice concluídas,1.0,numero
AVARE (6).xlsx,29,Semana 29 · 16/08 a 22/08,GUIDO DIAS DE ALMEIDA PROFESSOR - 910119,(%) Amarelos,0.777777777777778,percentual
AVARE (6).xlsx,29,Semana 29 · 16/08 a 22/08,GUIDO DIAS DE ALMEIDA PROFESSOR - 910119,(%) Preenchimento,1.0,percentual
AVARE (6).xlsx,29,Semana 29 · 16/08 a 22/08,GUIDO DIAS DE ALMEIDA PROFESSOR - 910119,(%) Vermelhos,0.222222222222222,percentual
AVARE (6).xlsx,29,Semana 29 · 16/08 a 22/08,GUIDO DIAS DE ALMEIDA PROFESSOR - 910119,Chamados Amarelos,7.0,numero
AVARE (6).xlsx,29,Semana 29 · 16/08 a 22/08,GUIDO DIAS DE ALMEIDA PROFESSOR - 910119,Chamados Vermelhos,2.0,numero
AVARE (6).xlsx,29,Semana 29 · 16/08 a 22/08,GUIDO DIAS DE ALMEIDA PROFESSOR - 910119,Ocorrências Concluídas,9.0,numero
AVARE (6).xlsx,29,Semana 29 · 16/08 a 22/08,GUIDO DIAS DE ALMEIDA PROFESSOR - 910119,Total de Não Ocorrências,1.0,numero
AVARE (6).xlsx,29,Semana 29 · 16/08 a 22/08,GUIDO DIAS DE ALMEIDA PROFESSOR - 910119,Total de Ocorrências,9.0,numero
AVARE (6).xlsx,29,Semana 29 · 16/08 a 22/08,GUIDO DIAS DE ALMEIDA PROFESSOR - 910119,Índice concluídas,1.0,numero
AVARE (6).xlsx,29,Semana 29 · 16/08 a 22/08,JOAO CRUZ CORONEL - 14497,(%) Amarelos,1.0,percentual
AVARE (6).xlsx,29,Semana 29 · 16/08 a 22/08,JOAO CRUZ CORONEL - 14497,(%) Preenchimento,1.0,percentual
AVARE (6).xlsx,29,Semana 29 · 16/08 a 22/08,JOAO CRUZ CORONEL - 14497,Chamados Amarelos,6.0,numero
AVARE (6).xlsx,29,Semana 29 · 16/08 a 22/08,JOAO CRUZ CORONEL - 14497,Ocorrências Concluídas,6.0,numero
AVARE (6).xlsx,29,Semana 29 · 16/08 a 22/08,JOAO CRUZ CORONEL - 14497,Total de Não Ocorrências,4.0,numero
AVARE (6).xlsx,29,Semana 29 · 16/08 a 22/08,JOAO CRUZ CORONEL - 14497,Total de Ocorrências,6.0,numero
AVARE (6).xlsx,29,Semana 29 · 16/08 a 22/08,JOAO CRUZ CORONEL - 14497,Índice concluídas,1.0,numero
AVARE (6).xlsx,29,Semana 29 · 16/08 a 22/08,JOAO MICHELIN - 14485,(%) Preenchimento,1.0,percentual
AVARE (6).xlsx,29,Semana 29 · 16/08 a 22/08,JOAO MICHELIN - 14485,(%) Vermelhos,1.0,percentual
AVARE (6).xlsx,29,Semana 29 · 16/08 a 22/08,JOAO MICHELIN - 14485,Chamados Vermelhos,2.0,numero
AVARE (6).xlsx,29,Semana 29 · 16/08 a 22/08,JOAO MICHELIN - 14485,Ocorrências Concluídas,2.0,numero
AVARE (6).xlsx,29,Semana 29 · 16/08 a 22/08,JOAO MICHELIN - 14485,Total de Não Ocorrências,5.0,numero
AVARE (6).xlsx,29,Semana 29 · 16/08 a 22/08,JOAO MICHELIN - 14485,Total de Ocorrências,2.0,numero
AVARE (6).xlsx,29,Semana 29 · 16/08 a 22/08,JOAO MICHELIN - 14485,Índice concluídas,1.0,numero
AVARE (6).xlsx,29,Semana 29 · 16/08 a 22/08,JOAO TEIXEIRA DE ARAUJO PROFESSOR - 14588,(%) Amarelos,1.0,percentual
AVARE (6).xlsx,29,Semana 29 · 16/08 a 22/08,JOAO TEIXEIRA DE ARAUJO PROFESSOR - 14588,(%) Preenchimento,1.0,percentual
AVARE (6).xlsx,29,Semana 29 · 16/08 a 22/08,JOAO TEIXEIRA DE ARAUJO PROFESSOR - 14588,Chamados Amarelos,5.0,numero
AVARE (6).xlsx,29,Semana 29 · 16/08 a 22/08,JOAO TEIXEIRA DE ARAUJO PROFESSOR - 14588,Ocorrências Concluídas,5.0,numero
AVARE (6).xlsx,29,Semana 29 · 16/08 a 22/08,JOAO TEIXEIRA DE ARAUJO PROFESSOR - 14588,Total de Não Ocorrências,1.0,numero
AVARE (6).xlsx,29,Semana 29 · 16/08 a 22/08,JOAO TEIXEIRA DE ARAUJO PROFESSOR - 14588,Total de Ocorrências,5.0,numero
AVARE (6).xlsx,29,Semana 29 · 16/08 a 22/08,JOAO TEIXEIRA DE ARAUJO PROFESSOR - 14588,Índice concluídas,1.0,numero
AVARE (6).xlsx,29,Semana 29 · 16/08 a 22/08,JOSE APARECIDO CASTELUCCI PROFESSOR - 49888,(%) Preenchimento,1.0,percentual
AVARE (6).xlsx,29,Semana 29 · 16/08 a 22/08,JOSE APARECIDO CASTELUCCI PROFESSOR - 49888,Total de Não Ocorrências,4.0,numero
AVARE (6).xlsx,29,Semana 29 · 16/08 a 22/08,JOSE LEITE PINHEIRO PROFESSOR - 14527,(%) Amarelos,1.0,percentual
AVARE (6).xlsx,29,Semana 29 · 16/08 a 22/08,JOSE LEITE PINHEIRO PROFESSOR - 14527,(%) Preenchimento,1.0,percentual
AVARE (6).xlsx,29,Semana 29 · 16/08 a 22/08,JOSE LEITE PINHEIRO PROFESSOR - 14527,Chamados Amarelos,1.0,numero
AVARE (6).xlsx,29,Semana 29 · 16/08 a 22/08,JOSE LEITE PINHEIRO PROFESSOR - 14527,Total de Não Ocorrências,4.0,numero
AVARE (6).xlsx,29,Semana 29 · 16/08 a 22/08,JOSE LEITE PINHEIRO PROFESSOR - 14527,Total de Ocorrências,1.0,numero
AVARE (6).xlsx,29,Semana 29 · 16/08 a 22/08,JOSE PENNA - 14540,(%) Amarelos,0.5,percentual
AVARE (6).xlsx,29,Semana 29 · 16/08 a 22/08,JOSE PENNA - 14540,(%) Preenchimento,1.0,percentual
AVARE (6).xlsx,29,Semana 29 · 16/08 a 22/08,JOSE PENNA - 14540,(%) Vermelhos,0.5,percentual
AVARE (6).xlsx,29,Semana 29 · 16/08 a 22/08,JOSE PENNA - 14540,Chamados Amarelos,1.0,numero
AVARE (6).xlsx,29,Semana 29 · 16/08 a 22/08,JOSE PENNA - 14540,Chamados Vermelhos,1.0,numero
AVARE (6).xlsx,29,Semana 29 · 16/08 a 22/08,JOSE PENNA - 14540,Ocorrências Concluídas,2.0,numero
AVARE (6).xlsx,29,Semana 29 · 16/08 a 22/08,JOSE PENNA - 14540,Total de Não Ocorrências,4.0,numero
AVARE (6).xlsx,29,Semana 29 · 16/08 a 22/08,JOSE PENNA - 14540,Total de Ocorrências,2.0,numero
AVARE (6).xlsx,29,Semana 29 · 16/08 a 22/08,JOSE PENNA - 14540,Índice concluídas,1.0,numero
AVARE (6).xlsx,29,Semana 29 · 16/08 a 22/08,JOSE PIRES DE CARVALHO DOUTOR - 924088,(%) Amarelos,1.0,percentual
AVARE (6).xlsx,29,Semana 29 · 16/08 a 22/08,JOSE PIRES DE CARVALHO DOUTOR - 924088,(%) Preenchimento,1.0,percentual
AVARE (6).xlsx,29,Semana 29 · 16/08 a 22/08,JOSE PIRES DE CARVALHO DOUTOR - 924088,Chamados Amarelos,1.0,numero
AVARE (6).xlsx,29,Semana 29 · 16/08 a 22/08,JOSE PIRES DE CARVALHO DOUTOR - 924088,Ocorrências Concluídas,1.0,numero
AVARE (6).xlsx,29,Semana 29 · 16/08 a 22/08,JOSE PIRES DE CARVALHO DOUTOR - 924088,Total de Não Ocorrências,4.0,numero
AVARE (6).xlsx,29,Semana 29 · 16/08 a 22/08,JOSE PIRES DE CARVALHO DOUTOR - 924088,Total de Ocorrências,1.0,numero
AVARE (6).xlsx,29,Semana 29 · 16/08 a 22/08,JOSE PIRES DE CARVALHO DOUTOR - 924088,Índice concluídas,1.0,numero
AVARE (6).xlsx,29,Semana 29 · 16/08 a 22/08,MARIA IZABEL CRUZ PIMENTEL DONA - 38908,(%) Amarelos,1.0,percentual
AVARE (6).xlsx,29,Semana 29 · 16/08 a 22/08,MARIA IZABEL CRUZ PIMENTEL DONA - 38908,(%) Atendido pelo Psicólogo,1.0,percentual
AVARE (6).xlsx,29,Semana 29 · 16/08 a 22/08,MARIA IZABEL CRUZ PIMENTEL DONA - 38908,(%) Encaminhado ao Psicólogo,1.0,percentual
AVARE (6).xlsx,29,Semana 29 · 16/08 a 22/08,MARIA IZABEL CRUZ PIMENTEL DONA - 38908,(%) Preenchimento,1.0,percentual
AVARE (6).xlsx,29,Semana 29 · 16/08 a 22/08,MARIA IZABEL CRUZ PIMENTEL DONA - 38908,(%) Psicólogo Agendado,1.0,percentual
AVARE (6).xlsx,29,Semana 29 · 16/08 a 22/08,MARIA IZABEL CRUZ PIMENTEL DONA - 38908,Atendido pelo Psicólogo,1.0,numero
AVARE (6).xlsx,29,Semana 29 · 16/08 a 22/08,MARIA IZABEL CRUZ PIMENTEL DONA - 38908,Chamados Amarelos,1.0,numero
AVARE (6).xlsx,29,Semana 29 · 16/08 a 22/08,MARIA IZABEL CRUZ PIMENTEL DONA - 38908,Encaminhado ao Psicólogo,1.0,numero
AVARE (6).xlsx,29,Semana 29 · 16/08 a 22/08,MARIA IZABEL CRUZ PIMENTEL DONA - 38908,Ocorrências Concluídas,1.0,numero
AVARE (6).xlsx,29,Semana 29 · 16/08 a 22/08,MARIA IZABEL CRUZ PIMENTEL DONA - 38908,Psicólogo Agendado,1.0,numero
AVARE (6).xlsx,29,Semana 29 · 16/08 a 22/08,MARIA IZABEL CRUZ PIMENTEL DONA - 38908,Total de Não Ocorrências,3.0,numero
AVARE (6).xlsx,29,Semana 29 · 16/08 a 22/08,MARIA IZABEL CRUZ PIMENTEL DONA - 38908,Total de Ocorrências,1.0,numero
AVARE (6).xlsx,29,Semana 29 · 16/08 a 22/08,MARIA IZABEL CRUZ PIMENTEL DONA - 38908,Índice concluídas,1.0,numero
AVARE (6).xlsx,29,Semana 29 · 16/08 a 22/08,MATILDE VIEIRA - 14679,(%) Amarelos,0.888888888888889,percentual
AVARE (6).xlsx,29,Semana 29 · 16/08 a 22/08,MATILDE VIEIRA - 14679,(%) Atendido pelo Psicólogo,1.0,percentual
AVARE (6).xlsx,29,Semana 29 · 16/08 a 22/08,MATILDE VIEIRA - 14679,(%) Encaminhado ao Psicólogo,0.333333333333333,percentual
AVARE (6).xlsx,29,Semana 29 · 16/08 a 22/08,MATILDE VIEIRA - 14679,(%) Encaminhado à Rede Protetiva,0.333333333333333,percentual
AVARE (6).xlsx,29,Semana 29 · 16/08 a 22/08,MATILDE VIEIRA - 14679,(%) Preenchimento,1.0,percentual
AVARE (6).xlsx,29,Semana 29 · 16/08 a 22/08,MATILDE VIEIRA - 14679,(%) Psicólogo Agendado,1.0,percentual
AVARE (6).xlsx,29,Semana 29 · 16/08 a 22/08,MATILDE VIEIRA - 14679,(%) Vermelhos,0.111111111111111,percentual
AVARE (6).xlsx,29,Semana 29 · 16/08 a 22/08,MATILDE VIEIRA - 14679,Atendido pelo Psicólogo,3.0,numero
AVARE (6).xlsx,29,Semana 29 · 16/08 a 22/08,MATILDE VIEIRA - 14679,Chamados Amarelos,8.0,numero
AVARE (6).xlsx,29,Semana 29 · 16/08 a 22/08,MATILDE VIEIRA - 14679,Chamados Vermelhos,1.0,numero
AVARE (6).xlsx,29,Semana 29 · 16/08 a 22/08,MATILDE VIEIRA - 14679,Encaminhado ao Psicólogo,3.0,numero
AVARE (6).xlsx,29,Semana 29 · 16/08 a 22/08,MATILDE VIEIRA - 14679,Encaminhado à Rede Protetiva,3.0,numero
AVARE (6).xlsx,29,Semana 29 · 16/08 a 22/08,MATILDE VIEIRA - 14679,Ocorrências Concluídas,3.0,numero
AVARE (6).xlsx,29,Semana 29 · 16/08 a 22/08,MATILDE VIEIRA - 14679,Psicólogo Agendado,3.0,numero
AVARE (6).xlsx,29,Semana 29 · 16/08 a 22/08,MATILDE VIEIRA - 14679,Total de Não Ocorrências,1.0,numero
AVARE (6).xlsx,29,Semana 29 · 16/08 a 22/08,MATILDE VIEIRA - 14679,Total de Ocorrências,9.0,numero
AVARE (6).xlsx,29,Semana 29 · 16/08 a 22/08,MATILDE VIEIRA - 14679,Índice concluídas,0.333333333333333,numero
AVARE (6).xlsx,29,Semana 29 · 16/08 a 22/08,PAULO ARAUJO NOVAES DOUTOR - 14461,(%) Amarelos,0.583333333333333,percentual
AVARE (6).xlsx,29,Semana 29 · 16/08 a 22/08,PAULO ARAUJO NOVAES DOUTOR - 14461,(%) Atendido pelo Psicólogo,0.833333333333333,percentual
AVARE (6).xlsx,29,Semana 29 · 16/08 a 22/08,PAULO ARAUJO NOVAES DOUTOR - 14461,(%) Encaminhado ao Psicólogo,0.5,percentual
AVARE (6).xlsx,29,Semana 29 · 16/08 a 22/08,PAULO ARAUJO NOVAES DOUTOR - 14461,(%) Encaminhado à Rede Protetiva,0.166666666666667,percentual
AVARE (6).xlsx,29,Semana 29 · 16/08 a 22/08,PAULO ARAUJO NOVAES DOUTOR - 14461,(%) Preenchimento,1.0,percentual
AVARE (6).xlsx,29,Semana 29 · 16/08 a 22/08,PAULO ARAUJO NOVAES DOUTOR - 14461,(%) Psicólogo Agendado,1.0,percentual
AVARE (6).xlsx,29,Semana 29 · 16/08 a 22/08,PAULO ARAUJO NOVAES DOUTOR - 14461,(%) Vermelhos,0.416666666666667,percentual
AVARE (6).xlsx,29,Semana 29 · 16/08 a 22/08,PAULO ARAUJO NOVAES DOUTOR - 14461,Atendido pelo Psicólogo,5.0,numero
AVARE (6).xlsx,29,Semana 29 · 16/08 a 22/08,PAULO ARAUJO NOVAES DOUTOR - 14461,Chamados Amarelos,7.0,numero
AVARE (6).xlsx,29,Semana 29 · 16/08 a 22/08,PAULO ARAUJO NOVAES DOUTOR - 14461,Chamados Vermelhos,5.0,numero
AVARE (6).xlsx,29,Semana 29 · 16/08 a 22/08,PAULO ARAUJO NOVAES DOUTOR - 14461,Encaminhado ao Psicólogo,6.0,numero
AVARE (6).xlsx,29,Semana 29 · 16/08 a 22/08,PAULO ARAUJO NOVAES DOUTOR - 14461,Encaminhado à Rede Protetiva,2.0,numero
AVARE (6).xlsx,29,Semana 29 · 16/08 a 22/08,PAULO ARAUJO NOVAES DOUTOR - 14461,Ocorrências Concluídas,9.0,numero
AVARE (6).xlsx,29,Semana 29 · 16/08 a 22/08,PAULO ARAUJO NOVAES DOUTOR - 14461,Psicólogo Agendado,6.0,numero
AVARE (6).xlsx,29,Semana 29 · 16/08 a 22/08,PAULO ARAUJO NOVAES DOUTOR - 14461,Total de Ocorrências,12.0,numero
AVARE (6).xlsx,29,Semana 29 · 16/08 a 22/08,PAULO ARAUJO NOVAES DOUTOR - 14461,Índice concluídas,0.75,numero
AVARE (6).xlsx,29,Semana 29 · 16/08 a 22/08,PAULO DELICIO - 14515,(%) Amarelos,0.5,percentual
AVARE (6).xlsx,29,Semana 29 · 16/08 a 22/08,PAULO DELICIO - 14515,(%) Preenchimento,1.0,percentual
AVARE (6).xlsx,29,Semana 29 · 16/08 a 22/08,PAULO DELICIO - 14515,(%) Vermelhos,0.5,percentual
AVARE (6).xlsx,29,Semana 29 · 16/08 a 22/08,PAULO DELICIO - 14515,Chamados Amarelos,1.0,numero
AVARE (6).xlsx,29,Semana 29 · 16/08 a 22/08,PAULO DELICIO - 14515,Chamados Vermelhos,1.0,numero
AVARE (6).xlsx,29,Semana 29 · 16/08 a 22/08,PAULO DELICIO - 14515,Ocorrências Concluídas,2.0,numero
AVARE (6).xlsx,29,Semana 29 · 16/08 a 22/08,PAULO DELICIO - 14515,Total de Não Ocorrências,4.0,numero
AVARE (6).xlsx,29,Semana 29 · 16/08 a 22/08,PAULO DELICIO - 14515,Total de Ocorrências,2.0,numero
AVARE (6).xlsx,29,Semana 29 · 16/08 a 22/08,PAULO DELICIO - 14515,Índice concluídas,1.0,numero
AVARE (6).xlsx,29,Semana 29 · 16/08 a 22/08,PEDRO BENTO ALVES - 14503,(%) Preenchimento,1.0,percentual
AVARE (6).xlsx,29,Semana 29 · 16/08 a 22/08,PEDRO BENTO ALVES - 14503,Total de Não Ocorrências,1.0,numero
AVARE (6).xlsx,29,Semana 29 · 16/08 a 22/08,PROFESSORA MARIANA APARECIDA TODESCATO - 191516,(%) Amarelos,1.0,percentual
AVARE (6).xlsx,29,Semana 29 · 16/08 a 22/08,PROFESSORA MARIANA APARECIDA TODESCATO - 191516,(%) Preenchimento,1.0,percentual
AVARE (6).xlsx,29,Semana 29 · 16/08 a 22/08,PROFESSORA MARIANA APARECIDA TODESCATO - 191516,Chamados Amarelos,3.0,numero
AVARE (6).xlsx,29,Semana 29 · 16/08 a 22/08,PROFESSORA MARIANA APARECIDA TODESCATO - 191516,Ocorrências Concluídas,3.0,numero
AVARE (6).xlsx,29,Semana 29 · 16/08 a 22/08,PROFESSORA MARIANA APARECIDA TODESCATO - 191516,Total de Não Ocorrências,3.0,numero
AVARE (6).xlsx,29,Semana 29 · 16/08 a 22/08,PROFESSORA MARIANA APARECIDA TODESCATO - 191516,Total de Ocorrências,3.0,numero
AVARE (6).xlsx,29,Semana 29 · 16/08 a 22/08,PROFESSORA MARIANA APARECIDA TODESCATO - 191516,Índice concluídas,1.0,numero
AVARE (6).xlsx,29,Semana 29 · 16/08 a 22/08,SANDRA APARECIDA DE ARAUJO PROFESSORA - 924337,(%) Amarelos,1.0,percentual
AVARE (6).xlsx,29,Semana 29 · 16/08 a 22/08,SANDRA APARECIDA DE ARAUJO PROFESSORA - 924337,(%) Preenchimento,1.0,percentual
AVARE (6).xlsx,29,Semana 29 · 16/08 a 22/08,SANDRA APARECIDA DE ARAUJO PROFESSORA - 924337,Chamados Amarelos,2.0,numero
AVARE (6).xlsx,29,Semana 29 · 16/08 a 22/08,SANDRA APARECIDA DE ARAUJO PROFESSORA - 924337,Ocorrências Concluídas,2.0,numero
AVARE (6).xlsx,29,Semana 29 · 16/08 a 22/08,SANDRA APARECIDA DE ARAUJO PROFESSORA - 924337,Total de Não Ocorrências,3.0,numero
AVARE (6).xlsx,29,Semana 29 · 16/08 a 22/08,SANDRA APARECIDA DE ARAUJO PROFESSORA - 924337,Total de Ocorrências,2.0,numero
AVARE (6).xlsx,29,Semana 29 · 16/08 a 22/08,SANDRA APARECIDA DE ARAUJO PROFESSORA - 924337,Índice concluídas,1.0,numero
AVARE (5).xlsx,30,Semana 30 · 23/08 a 29/08,ABILIO RAPOSO FERRAZ JUNIOR - 903188,(%) Amarelos,1.0,percentual
AVARE (5).xlsx,30,Semana 30 · 23/08 a 29/08,ABILIO RAPOSO FERRAZ JUNIOR - 903188,(%) Preenchimento,1.0,percentual
AVARE (5).xlsx,30,Semana 30 · 23/08 a 29/08,ABILIO RAPOSO FERRAZ JUNIOR - 903188,Chamados Amarelos,1.0,numero
AVARE (5).xlsx,30,Semana 30 · 23/08 a 29/08,ABILIO RAPOSO FERRAZ JUNIOR - 903188,Ocorrências Concluídas,1.0,numero
AVARE (5).xlsx,30,Semana 30 · 23/08 a 29/08,ABILIO RAPOSO FERRAZ JUNIOR - 903188,Ocorrências Concluídas (%),1.0,percentual
AVARE (5).xlsx,30,Semana 30 · 23/08 a 29/08,ABILIO RAPOSO FERRAZ JUNIOR - 903188,Total de Não Ocorrências,5.0,numero
AVARE (5).xlsx,30,Semana 30 · 23/08 a 29/08,ABILIO RAPOSO FERRAZ JUNIOR - 903188,Total de Ocorrências,1.0,numero
AVARE (5).xlsx,30,Semana 30 · 23/08 a 29/08,ASSENTAMENTO ZUMBI DOS PALMARES - 566032,(%) Preenchimento,1.0,percentual
AVARE (5).xlsx,30,Semana 30 · 23/08 a 29/08,ASSENTAMENTO ZUMBI DOS PALMARES - 566032,Total de Não Ocorrências,5.0,numero
AVARE (5).xlsx,30,Semana 30 · 23/08 a 29/08,AVELINO APARECIDO RIBEIRO DOUTOR - 14552,(%) Amarelos,0.6666666666666666,percentual
AVARE (5).xlsx,30,Semana 30 · 23/08 a 29/08,AVELINO APARECIDO RIBEIRO DOUTOR - 14552,(%) Preenchimento,1.0,percentual
AVARE (5).xlsx,30,Semana 30 · 23/08 a 29/08,AVELINO APARECIDO RIBEIRO DOUTOR - 14552,(%) Vermelhos,0.3333333333333333,percentual
AVARE (5).xlsx,30,Semana 30 · 23/08 a 29/08,AVELINO APARECIDO RIBEIRO DOUTOR - 14552,Chamados Amarelos,2.0,numero
AVARE (5).xlsx,30,Semana 30 · 23/08 a 29/08,AVELINO APARECIDO RIBEIRO DOUTOR - 14552,Chamados Vermelhos,1.0,numero
AVARE (5).xlsx,30,Semana 30 · 23/08 a 29/08,AVELINO APARECIDO RIBEIRO DOUTOR - 14552,Total de Não Ocorrências,8.0,numero
AVARE (5).xlsx,30,Semana 30 · 23/08 a 29/08,AVELINO APARECIDO RIBEIRO DOUTOR - 14552,Total de Ocorrências,3.0,numero
AVARE (5).xlsx,30,Semana 30 · 23/08 a 29/08,BENE ANDRADE DONA - 14631,(%) Amarelos,0.3333333333333333,percentual
AVARE (5).xlsx,30,Semana 30 · 23/08 a 29/08,BENE ANDRADE DONA - 14631,(%) Preenchimento,1.0,percentual
AVARE (5).xlsx,30,Semana 30 · 23/08 a 29/08,BENE ANDRADE DONA - 14631,(%) Vermelhos,0.6666666666666666,percentual
AVARE (5).xlsx,30,Semana 30 · 23/08 a 29/08,BENE ANDRADE DONA - 14631,Chamados Amarelos,1.0,numero
AVARE (5).xlsx,30,Semana 30 · 23/08 a 29/08,BENE ANDRADE DONA - 14631,Chamados Vermelhos,2.0,numero
AVARE (5).xlsx,30,Semana 30 · 23/08 a 29/08,BENE ANDRADE DONA - 14631,Ocorrências Concluídas,3.0,numero
AVARE (5).xlsx,30,Semana 30 · 23/08 a 29/08,BENE ANDRADE DONA - 14631,Ocorrências Concluídas (%),1.0,percentual
AVARE (5).xlsx,30,Semana 30 · 23/08 a 29/08,BENE ANDRADE DONA - 14631,Total de Não Ocorrências,3.0,numero
AVARE (5).xlsx,30,Semana 30 · 23/08 a 29/08,BENE ANDRADE DONA - 14631,Total de Ocorrências,3.0,numero
AVARE (5).xlsx,30,Semana 30 · 23/08 a 29/08,CELSO FERREIRA DA SILVA PROFESSOR - 918489,(%) Amarelos,0.5294117647058824,percentual
AVARE (5).xlsx,30,Semana 30 · 23/08 a 29/08,CELSO FERREIRA DA SILVA PROFESSOR - 918489,(%) Preenchimento,1.0,percentual
AVARE (5).xlsx,30,Semana 30 · 23/08 a 29/08,CELSO FERREIRA DA SILVA PROFESSOR - 918489,(%) Vermelhos,0.47058823529411764,percentual
AVARE (5).xlsx,30,Semana 30 · 23/08 a 29/08,CELSO FERREIRA DA SILVA PROFESSOR - 918489,Atendido pelo Psicólogo,1.0,numero
AVARE (5).xlsx,30,Semana 30 · 23/08 a 29/08,CELSO FERREIRA DA SILVA PROFESSOR - 918489,Atendido pelo Psicólogo (%),1.0,percentual
AVARE (5).xlsx,30,Semana 30 · 23/08 a 29/08,CELSO FERREIRA DA SILVA PROFESSOR - 918489,Chamados Amarelos,9.0,numero
AVARE (5).xlsx,30,Semana 30 · 23/08 a 29/08,CELSO FERREIRA DA SILVA PROFESSOR - 918489,Chamados Vermelhos,8.0,numero
AVARE (5).xlsx,30,Semana 30 · 23/08 a 29/08,CELSO FERREIRA DA SILVA PROFESSOR - 918489,Encaminhado ao Psicólogo,1.0,numero
AVARE (5).xlsx,30,Semana 30 · 23/08 a 29/08,CELSO FERREIRA DA SILVA PROFESSOR - 918489,Encaminhado ao Psicólogo (%),0.058823529411764705,percentual
AVARE (5).xlsx,30,Semana 30 · 23/08 a 29/08,CELSO FERREIRA DA SILVA PROFESSOR - 918489,Ocorrências Concluídas,15.0,numero
AVARE (5).xlsx,30,Semana 30 · 23/08 a 29/08,CELSO FERREIRA DA SILVA PROFESSOR - 918489,Ocorrências Concluídas (%),0.8823529411764706,percentual
AVARE (5).xlsx,30,Semana 30 · 23/08 a 29/08,CELSO FERREIRA DA SILVA PROFESSOR - 918489,Psicólogo Agendado,1.0,numero
AVARE (5).xlsx,30,Semana 30 · 23/08 a 29/08,CELSO FERREIRA DA SILVA PROFESSOR - 918489,Psicólogo Agendado (%),1.0,percentual
AVARE (5).xlsx,30,Semana 30 · 23/08 a 29/08,CELSO FERREIRA DA SILVA PROFESSOR - 918489,Total de Não Ocorrências,1.0,numero
AVARE (5).xlsx,30,Semana 30 · 23/08 a 29/08,CELSO FERREIRA DA SILVA PROFESSOR - 918489,Total de Ocorrências,17.0,numero
AVARE (5).xlsx,30,Semana 30 · 23/08 a 29/08,COTA LEONEL DONA - 905185,(%) Amarelos,1.0,percentual
AVARE (5).xlsx,30,Semana 30 · 23/08 a 29/08,COTA LEONEL DONA - 905185,(%) Preenchimento,1.0,percentual
AVARE (5).xlsx,30,Semana 30 · 23/08 a 29/08,COTA LEONEL DONA - 905185,Chamados Amarelos,1.0,numero
AVARE (5).xlsx,30,Semana 30 · 23/08 a 29/08,COTA LEONEL DONA - 905185,Ocorrências Concluídas,1.0,numero
AVARE (5).xlsx,30,Semana 30 · 23/08 a 29/08,COTA LEONEL DONA - 905185,Ocorrências Concluídas (%),1.0,percentual
AVARE (5).xlsx,30,Semana 30 · 23/08 a 29/08,COTA LEONEL DONA - 905185,Total de Não Ocorrências,4.0,numero
AVARE (5).xlsx,30,Semana 30 · 23/08 a 29/08,COTA LEONEL DONA - 905185,Total de Ocorrências,1.0,numero
AVARE (5).xlsx,30,Semana 30 · 23/08 a 29/08,DIMAS MOZART E SILVA PROFESSOR - 900424,(%) Amarelos,0.5,percentual
AVARE (5).xlsx,30,Semana 30 · 23/08 a 29/08,DIMAS MOZART E SILVA PROFESSOR - 900424,(%) Preenchimento,1.0,percentual
AVARE (5).xlsx,30,Semana 30 · 23/08 a 29/08,DIMAS MOZART E SILVA PROFESSOR - 900424,(%) Vermelhos,0.5,percentual
AVARE (5).xlsx,30,Semana 30 · 23/08 a 29/08,DIMAS MOZART E SILVA PROFESSOR - 900424,Chamados Amarelos,2.0,numero
AVARE (5).xlsx,30,Semana 30 · 23/08 a 29/08,DIMAS MOZART E SILVA PROFESSOR - 900424,Chamados Vermelhos,2.0,numero
AVARE (5).xlsx,30,Semana 30 · 23/08 a 29/08,DIMAS MOZART E SILVA PROFESSOR - 900424,Encaminhado à Rede de Saúde,1.0,numero
AVARE (5).xlsx,30,Semana 30 · 23/08 a 29/08,DIMAS MOZART E SILVA PROFESSOR - 900424,Encaminhado à Rede de Saúde (%),0.25,percentual
AVARE (5).xlsx,30,Semana 30 · 23/08 a 29/08,DIMAS MOZART E SILVA PROFESSOR - 900424,Ocorrências Concluídas,4.0,numero
AVARE (5).xlsx,30,Semana 30 · 23/08 a 29/08,DIMAS MOZART E SILVA PROFESSOR - 900424,Ocorrências Concluídas (%),1.0,percentual
AVARE (5).xlsx,30,Semana 30 · 23/08 a 29/08,DIMAS MOZART E SILVA PROFESSOR - 900424,Total de Não Ocorrências,2.0,numero
AVARE (5).xlsx,30,Semana 30 · 23/08 a 29/08,DIMAS MOZART E SILVA PROFESSOR - 900424,Total de Ocorrências,4.0,numero
AVARE (5).xlsx,30,Semana 30 · 23/08 a 29/08,EMILIO IMMOOS PADRE - 45226,(%) Preenchimento,1.0,percentual
AVARE (5).xlsx,30,Semana 30 · 23/08 a 29/08,EMILIO IMMOOS PADRE - 45226,Total de Não Ocorrências,2.0,numero
AVARE (5).xlsx,30,Semana 30 · 23/08 a 29/08,ERUCE PAULUCCI PROFESSOR - 914484,(%) Amarelos,0.42857142857142855,percentual
AVARE (5).xlsx,30,Semana 30 · 23/08 a 29/08,ERUCE PAULUCCI PROFESSOR - 914484,(%) Preenchimento,1.0,percentual
AVARE (5).xlsx,30,Semana 30 · 23/08 a 29/08,ERUCE PAULUCCI PROFESSOR - 914484,(%) Vermelhos,0.5714285714285714,percentual
AVARE (5).xlsx,30,Semana 30 · 23/08 a 29/08,ERUCE PAULUCCI PROFESSOR - 914484,Atendido pelo Psicólogo,2.0,numero
AVARE (5).xlsx,30,Semana 30 · 23/08 a 29/08,ERUCE PAULUCCI PROFESSOR - 914484,Atendido pelo Psicólogo (%),0.6666666666666666,percentual
AVARE (5).xlsx,30,Semana 30 · 23/08 a 29/08,ERUCE PAULUCCI PROFESSOR - 914484,Chamados Amarelos,3.0,numero
AVARE (5).xlsx,30,Semana 30 · 23/08 a 29/08,ERUCE PAULUCCI PROFESSOR - 914484,Chamados Vermelhos,4.0,numero
AVARE (5).xlsx,30,Semana 30 · 23/08 a 29/08,ERUCE PAULUCCI PROFESSOR - 914484,Encaminhado ao Psicólogo,3.0,numero
AVARE (5).xlsx,30,Semana 30 · 23/08 a 29/08,ERUCE PAULUCCI PROFESSOR - 914484,Encaminhado ao Psicólogo (%),0.42857142857142855,percentual
AVARE (5).xlsx,30,Semana 30 · 23/08 a 29/08,ERUCE PAULUCCI PROFESSOR - 914484,Ocorrências Concluídas,6.0,numero
AVARE (5).xlsx,30,Semana 30 · 23/08 a 29/08,ERUCE PAULUCCI PROFESSOR - 914484,Ocorrências Concluídas (%),0.8571428571428571,percentual
AVARE (5).xlsx,30,Semana 30 · 23/08 a 29/08,ERUCE PAULUCCI PROFESSOR - 914484,Psicólogo Agendado,3.0,numero
AVARE (5).xlsx,30,Semana 30 · 23/08 a 29/08,ERUCE PAULUCCI PROFESSOR - 914484,Psicólogo Agendado (%),1.0,percentual
AVARE (5).xlsx,30,Semana 30 · 23/08 a 29/08,ERUCE PAULUCCI PROFESSOR - 914484,Total de Não Ocorrências,2.0,numero
AVARE (5).xlsx,30,Semana 30 · 23/08 a 29/08,ERUCE PAULUCCI PROFESSOR - 914484,Total de Ocorrências,7.0,numero
AVARE (5).xlsx,30,Semana 30 · 23/08 a 29/08,GUIDO DIAS DE ALMEIDA PROFESSOR - 910119,(%) Amarelos,0.8333333333333334,percentual
AVARE (5).xlsx,30,Semana 30 · 23/08 a 29/08,GUIDO DIAS DE ALMEIDA PROFESSOR - 910119,(%) Preenchimento,1.0,percentual
AVARE (5).xlsx,30,Semana 30 · 23/08 a 29/08,GUIDO DIAS DE ALMEIDA PROFESSOR - 910119,(%) Vermelhos,0.16666666666666666,percentual
AVARE (5).xlsx,30,Semana 30 · 23/08 a 29/08,GUIDO DIAS DE ALMEIDA PROFESSOR - 910119,Chamados Amarelos,5.0,numero
AVARE (5).xlsx,30,Semana 30 · 23/08 a 29/08,GUIDO DIAS DE ALMEIDA PROFESSOR - 910119,Chamados Vermelhos,1.0,numero
AVARE (5).xlsx,30,Semana 30 · 23/08 a 29/08,GUIDO DIAS DE ALMEIDA PROFESSOR - 910119,Encaminhado ao Psicólogo,1.0,numero
AVARE (5).xlsx,30,Semana 30 · 23/08 a 29/08,GUIDO DIAS DE ALMEIDA PROFESSOR - 910119,Encaminhado ao Psicólogo (%),0.16666666666666666,percentual
AVARE (5).xlsx,30,Semana 30 · 23/08 a 29/08,GUIDO DIAS DE ALMEIDA PROFESSOR - 910119,Encaminhado à Rede de Saúde,1.0,numero
AVARE (5).xlsx,30,Semana 30 · 23/08 a 29/08,GUIDO DIAS DE ALMEIDA PROFESSOR - 910119,Encaminhado à Rede de Saúde (%),0.16666666666666666,percentual
AVARE (5).xlsx,30,Semana 30 · 23/08 a 29/08,GUIDO DIAS DE ALMEIDA PROFESSOR - 910119,Ocorrências Concluídas,6.0,numero
AVARE (5).xlsx,30,Semana 30 · 23/08 a 29/08,GUIDO DIAS DE ALMEIDA PROFESSOR - 910119,Ocorrências Concluídas (%),1.0,percentual
AVARE (5).xlsx,30,Semana 30 · 23/08 a 29/08,GUIDO DIAS DE ALMEIDA PROFESSOR - 910119,Total de Não Ocorrências,2.0,numero
AVARE (5).xlsx,30,Semana 30 · 23/08 a 29/08,GUIDO DIAS DE ALMEIDA PROFESSOR - 910119,Total de Ocorrências,6.0,numero
AVARE (5).xlsx,30,Semana 30 · 23/08 a 29/08,JOAO CRUZ CORONEL - 14497,(%) Amarelos,0.5,percentual
AVARE (5).xlsx,30,Semana 30 · 23/08 a 29/08,JOAO CRUZ CORONEL - 14497,(%) Preenchimento,1.0,percentual
AVARE (5).xlsx,30,Semana 30 · 23/08 a 29/08,JOAO CRUZ CORONEL - 14497,(%) Vermelhos,0.5,percentual
AVARE (5).xlsx,30,Semana 30 · 23/08 a 29/08,JOAO CRUZ CORONEL - 14497,Chamados Amarelos,5.0,numero
AVARE (5).xlsx,30,Semana 30 · 23/08 a 29/08,JOAO CRUZ CORONEL - 14497,Chamados Vermelhos,5.0,numero
AVARE (5).xlsx,30,Semana 30 · 23/08 a 29/08,JOAO CRUZ CORONEL - 14497,Encaminhado ao Psicólogo,1.0,numero
AVARE (5).xlsx,30,Semana 30 · 23/08 a 29/08,JOAO CRUZ CORONEL - 14497,Encaminhado ao Psicólogo (%),0.1,percentual
AVARE (5).xlsx,30,Semana 30 · 23/08 a 29/08,JOAO CRUZ CORONEL - 14497,Ocorrências Concluídas,10.0,numero
AVARE (5).xlsx,30,Semana 30 · 23/08 a 29/08,JOAO CRUZ CORONEL - 14497,Ocorrências Concluídas (%),1.0,percentual
AVARE (5).xlsx,30,Semana 30 · 23/08 a 29/08,JOAO CRUZ CORONEL - 14497,Psicólogo Agendado,1.0,numero
AVARE (5).xlsx,30,Semana 30 · 23/08 a 29/08,JOAO CRUZ CORONEL - 14497,Psicólogo Agendado (%),1.0,percentual
AVARE (5).xlsx,30,Semana 30 · 23/08 a 29/08,JOAO CRUZ CORONEL - 14497,Total de Não Ocorrências,3.0,numero
AVARE (5).xlsx,30,Semana 30 · 23/08 a 29/08,JOAO CRUZ CORONEL - 14497,Total de Ocorrências,10.0,numero
AVARE (5).xlsx,30,Semana 30 · 23/08 a 29/08,JOAO MICHELIN - 14485,(%) Preenchimento,1.0,percentual
AVARE (5).xlsx,30,Semana 30 · 23/08 a 29/08,JOAO MICHELIN - 14485,(%) Vermelhos,1.0,percentual
AVARE (5).xlsx,30,Semana 30 · 23/08 a 29/08,JOAO MICHELIN - 14485,Chamados Vermelhos,1.0,numero
AVARE (5).xlsx,30,Semana 30 · 23/08 a 29/08,JOAO MICHELIN - 14485,Ocorrências Concluídas,1.0,numero
AVARE (5).xlsx,30,Semana 30 · 23/08 a 29/08,JOAO MICHELIN - 14485,Ocorrências Concluídas (%),1.0,percentual
AVARE (5).xlsx,30,Semana 30 · 23/08 a 29/08,JOAO MICHELIN - 14485,Total de Não Ocorrências,4.0,numero
AVARE (5).xlsx,30,Semana 30 · 23/08 a 29/08,JOAO MICHELIN - 14485,Total de Ocorrências,1.0,numero
AVARE (5).xlsx,30,Semana 30 · 23/08 a 29/08,JOAO TEIXEIRA DE ARAUJO PROFESSOR - 14588,(%) Amarelos,0.5,percentual
AVARE (5).xlsx,30,Semana 30 · 23/08 a 29/08,JOAO TEIXEIRA DE ARAUJO PROFESSOR - 14588,(%) Preenchimento,1.0,percentual
AVARE (5).xlsx,30,Semana 30 · 23/08 a 29/08,JOAO TEIXEIRA DE ARAUJO PROFESSOR - 14588,(%) Vermelhos,0.5,percentual
AVARE (5).xlsx,30,Semana 30 · 23/08 a 29/08,JOAO TEIXEIRA DE ARAUJO PROFESSOR - 14588,Chamados Amarelos,3.0,numero
AVARE (5).xlsx,30,Semana 30 · 23/08 a 29/08,JOAO TEIXEIRA DE ARAUJO PROFESSOR - 14588,Chamados Vermelhos,3.0,numero
AVARE (5).xlsx,30,Semana 30 · 23/08 a 29/08,JOAO TEIXEIRA DE ARAUJO PROFESSOR - 14588,Ocorrências Concluídas,6.0,numero
AVARE (5).xlsx,30,Semana 30 · 23/08 a 29/08,JOAO TEIXEIRA DE ARAUJO PROFESSOR - 14588,Ocorrências Concluídas (%),1.0,percentual
AVARE (5).xlsx,30,Semana 30 · 23/08 a 29/08,JOAO TEIXEIRA DE ARAUJO PROFESSOR - 14588,Total de Não Ocorrências,2.0,numero
AVARE (5).xlsx,30,Semana 30 · 23/08 a 29/08,JOAO TEIXEIRA DE ARAUJO PROFESSOR - 14588,Total de Ocorrências,6.0,numero
AVARE (5).xlsx,30,Semana 30 · 23/08 a 29/08,JOSE APARECIDO CASTELUCCI PROFESSOR - 49888,(%) Preenchimento,1.0,percentual
AVARE (5).xlsx,30,Semana 30 · 23/08 a 29/08,JOSE APARECIDO CASTELUCCI PROFESSOR - 49888,(%) Vermelhos,1.0,percentual
AVARE (5).xlsx,30,Semana 30 · 23/08 a 29/08,JOSE APARECIDO CASTELUCCI PROFESSOR - 49888,Chamados Vermelhos,1.0,numero
AVARE (5).xlsx,30,Semana 30 · 23/08 a 29/08,JOSE APARECIDO CASTELUCCI PROFESSOR - 49888,Ocorrências Concluídas,1.0,numero
AVARE (5).xlsx,30,Semana 30 · 23/08 a 29/08,JOSE APARECIDO CASTELUCCI PROFESSOR - 49888,Ocorrências Concluídas (%),1.0,percentual
AVARE (5).xlsx,30,Semana 30 · 23/08 a 29/08,JOSE APARECIDO CASTELUCCI PROFESSOR - 49888,Total de Não Ocorrências,4.0,numero
AVARE (5).xlsx,30,Semana 30 · 23/08 a 29/08,JOSE APARECIDO CASTELUCCI PROFESSOR - 49888,Total de Ocorrências,1.0,numero
AVARE (5).xlsx,30,Semana 30 · 23/08 a 29/08,JOSE LEITE PINHEIRO PROFESSOR - 14527,(%) Amarelos,0.5,percentual
AVARE (5).xlsx,30,Semana 30 · 23/08 a 29/08,JOSE LEITE PINHEIRO PROFESSOR - 14527,(%) Preenchimento,1.0,percentual
AVARE (5).xlsx,30,Semana 30 · 23/08 a 29/08,JOSE LEITE PINHEIRO PROFESSOR - 14527,(%) Vermelhos,0.5,percentual
AVARE (5).xlsx,30,Semana 30 · 23/08 a 29/08,JOSE LEITE PINHEIRO PROFESSOR - 14527,Chamados Amarelos,2.0,numero
AVARE (5).xlsx,30,Semana 30 · 23/08 a 29/08,JOSE LEITE PINHEIRO PROFESSOR - 14527,Chamados Vermelhos,2.0,numero
AVARE (5).xlsx,30,Semana 30 · 23/08 a 29/08,JOSE LEITE PINHEIRO PROFESSOR - 14527,Ocorrências Concluídas,4.0,numero
AVARE (5).xlsx,30,Semana 30 · 23/08 a 29/08,JOSE LEITE PINHEIRO PROFESSOR - 14527,Ocorrências Concluídas (%),1.0,percentual
AVARE (5).xlsx,30,Semana 30 · 23/08 a 29/08,JOSE LEITE PINHEIRO PROFESSOR - 14527,Total de Não Ocorrências,1.0,numero
AVARE (5).xlsx,30,Semana 30 · 23/08 a 29/08,JOSE LEITE PINHEIRO PROFESSOR - 14527,Total de Ocorrências,4.0,numero
AVARE (5).xlsx,30,Semana 30 · 23/08 a 29/08,JOSE PENNA - 14540,(%) Amarelos,1.0,percentual
AVARE (5).xlsx,30,Semana 30 · 23/08 a 29/08,JOSE PENNA - 14540,(%) Preenchimento,1.0,percentual
AVARE (5).xlsx,30,Semana 30 · 23/08 a 29/08,JOSE PENNA - 14540,Chamados Amarelos,1.0,numero
AVARE (5).xlsx,30,Semana 30 · 23/08 a 29/08,JOSE PENNA - 14540,Ocorrências Concluídas,1.0,numero
AVARE (5).xlsx,30,Semana 30 · 23/08 a 29/08,JOSE PENNA - 14540,Ocorrências Concluídas (%),1.0,percentual
AVARE (5).xlsx,30,Semana 30 · 23/08 a 29/08,JOSE PENNA - 14540,Total de Não Ocorrências,5.0,numero
AVARE (5).xlsx,30,Semana 30 · 23/08 a 29/08,JOSE PENNA - 14540,Total de Ocorrências,1.0,numero
AVARE (5).xlsx,30,Semana 30 · 23/08 a 29/08,JOSE PIRES DE CARVALHO DOUTOR - 924088,(%) Preenchimento,1.0,percentual
AVARE (5).xlsx,30,Semana 30 · 23/08 a 29/08,JOSE PIRES DE CARVALHO DOUTOR - 924088,Total de Não Ocorrências,4.0,numero
AVARE (5).xlsx,30,Semana 30 · 23/08 a 29/08,MARIA IZABEL CRUZ PIMENTEL DONA - 38908,(%) Preenchimento,1.0,percentual
AVARE (5).xlsx,30,Semana 30 · 23/08 a 29/08,MARIA IZABEL CRUZ PIMENTEL DONA - 38908,(%) Vermelhos,1.0,percentual
AVARE (5).xlsx,30,Semana 30 · 23/08 a 29/08,MARIA IZABEL CRUZ PIMENTEL DONA - 38908,Chamados Vermelhos,1.0,numero
AVARE (5).xlsx,30,Semana 30 · 23/08 a 29/08,MARIA IZABEL CRUZ PIMENTEL DONA - 38908,Total de Não Ocorrências,4.0,numero
AVARE (5).xlsx,30,Semana 30 · 23/08 a 29/08,MARIA IZABEL CRUZ PIMENTEL DONA - 38908,Total de Ocorrências,1.0,numero
AVARE (5).xlsx,30,Semana 30 · 23/08 a 29/08,MATILDE VIEIRA - 14679,(%) Amarelos,1.0,percentual
AVARE (5).xlsx,30,Semana 30 · 23/08 a 29/08,MATILDE VIEIRA - 14679,(%) Preenchimento,1.0,percentual
AVARE (5).xlsx,30,Semana 30 · 23/08 a 29/08,MATILDE VIEIRA - 14679,Chamados Amarelos,1.0,numero
AVARE (5).xlsx,30,Semana 30 · 23/08 a 29/08,MATILDE VIEIRA - 14679,Ocorrências Concluídas,1.0,numero
AVARE (5).xlsx,30,Semana 30 · 23/08 a 29/08,MATILDE VIEIRA - 14679,Ocorrências Concluídas (%),1.0,percentual
AVARE (5).xlsx,30,Semana 30 · 23/08 a 29/08,MATILDE VIEIRA - 14679,Total de Não Ocorrências,4.0,numero
AVARE (5).xlsx,30,Semana 30 · 23/08 a 29/08,MATILDE VIEIRA - 14679,Total de Ocorrências,1.0,numero
AVARE (5).xlsx,30,Semana 30 · 23/08 a 29/08,PAULO ARAUJO NOVAES DOUTOR - 14461,(%) Amarelos,0.4,percentual
AVARE (5).xlsx,30,Semana 30 · 23/08 a 29/08,PAULO ARAUJO NOVAES DOUTOR - 14461,(%) Preenchimento,1.0,percentual
AVARE (5).xlsx,30,Semana 30 · 23/08 a 29/08,PAULO ARAUJO NOVAES DOUTOR - 14461,(%) Vermelhos,0.6,percentual
AVARE (5).xlsx,30,Semana 30 · 23/08 a 29/08,PAULO ARAUJO NOVAES DOUTOR - 14461,Atendido pelo Psicólogo,1.0,numero
AVARE (5).xlsx,30,Semana 30 · 23/08 a 29/08,PAULO ARAUJO NOVAES DOUTOR - 14461,Atendido pelo Psicólogo (%),1.0,percentual
AVARE (5).xlsx,30,Semana 30 · 23/08 a 29/08,PAULO ARAUJO NOVAES DOUTOR - 14461,Chamados Amarelos,2.0,numero
AVARE (5).xlsx,30,Semana 30 · 23/08 a 29/08,PAULO ARAUJO NOVAES DOUTOR - 14461,Chamados Vermelhos,3.0,numero
AVARE (5).xlsx,30,Semana 30 · 23/08 a 29/08,PAULO ARAUJO NOVAES DOUTOR - 14461,Encaminhado ao Psicólogo,1.0,numero
AVARE (5).xlsx,30,Semana 30 · 23/08 a 29/08,PAULO ARAUJO NOVAES DOUTOR - 14461,Encaminhado ao Psicólogo (%),0.2,percentual
AVARE (5).xlsx,30,Semana 30 · 23/08 a 29/08,PAULO ARAUJO NOVAES DOUTOR - 14461,Ocorrências Concluídas,3.0,numero
AVARE (5).xlsx,30,Semana 30 · 23/08 a 29/08,PAULO ARAUJO NOVAES DOUTOR - 14461,Ocorrências Concluídas (%),0.6,percentual
AVARE (5).xlsx,30,Semana 30 · 23/08 a 29/08,PAULO ARAUJO NOVAES DOUTOR - 14461,Psicólogo Agendado,1.0,numero
AVARE (5).xlsx,30,Semana 30 · 23/08 a 29/08,PAULO ARAUJO NOVAES DOUTOR - 14461,Psicólogo Agendado (%),1.0,percentual
AVARE (5).xlsx,30,Semana 30 · 23/08 a 29/08,PAULO ARAUJO NOVAES DOUTOR - 14461,Total de Ocorrências,5.0,numero
AVARE (5).xlsx,30,Semana 30 · 23/08 a 29/08,PAULO DELICIO - 14515,(%) Amarelos,0.6,percentual
AVARE (5).xlsx,30,Semana 30 · 23/08 a 29/08,PAULO DELICIO - 14515,(%) Preenchimento,1.0,percentual
AVARE (5).xlsx,30,Semana 30 · 23/08 a 29/08,PAULO DELICIO - 14515,(%) Vermelhos,0.4,percentual
AVARE (5).xlsx,30,Semana 30 · 23/08 a 29/08,PAULO DELICIO - 14515,Chamados Amarelos,3.0,numero
AVARE (5).xlsx,30,Semana 30 · 23/08 a 29/08,PAULO DELICIO - 14515,Chamados Vermelhos,2.0,numero
AVARE (5).xlsx,30,Semana 30 · 23/08 a 29/08,PAULO DELICIO - 14515,Ocorrências Concluídas,5.0,numero
AVARE (5).xlsx,30,Semana 30 · 23/08 a 29/08,PAULO DELICIO - 14515,Ocorrências Concluídas (%),1.0,percentual
AVARE (5).xlsx,30,Semana 30 · 23/08 a 29/08,PAULO DELICIO - 14515,Total de Não Ocorrências,1.0,numero
AVARE (5).xlsx,30,Semana 30 · 23/08 a 29/08,PAULO DELICIO - 14515,Total de Ocorrências,5.0,numero
AVARE (5).xlsx,30,Semana 30 · 23/08 a 29/08,PEDRO BENTO ALVES - 14503,(%) Amarelos,0.8,percentual
AVARE (5).xlsx,30,Semana 30 · 23/08 a 29/08,PEDRO BENTO ALVES - 14503,(%) Preenchimento,0.6,percentual
AVARE (5).xlsx,30,Semana 30 · 23/08 a 29/08,PEDRO BENTO ALVES - 14503,(%) Vermelhos,0.2,percentual
AVARE (5).xlsx,30,Semana 30 · 23/08 a 29/08,PEDRO BENTO ALVES - 14503,Chamados Amarelos,4.0,numero
AVARE (5).xlsx,30,Semana 30 · 23/08 a 29/08,PEDRO BENTO ALVES - 14503,Chamados Vermelhos,1.0,numero
AVARE (5).xlsx,30,Semana 30 · 23/08 a 29/08,PEDRO BENTO ALVES - 14503,Ocorrências Concluídas,5.0,numero
AVARE (5).xlsx,30,Semana 30 · 23/08 a 29/08,PEDRO BENTO ALVES - 14503,Ocorrências Concluídas (%),1.0,percentual
AVARE (5).xlsx,30,Semana 30 · 23/08 a 29/08,PEDRO BENTO ALVES - 14503,Total de Não Ocorrências,3.0,numero
AVARE (5).xlsx,30,Semana 30 · 23/08 a 29/08,PEDRO BENTO ALVES - 14503,Total de Ocorrências,5.0,numero
AVARE (5).xlsx,30,Semana 30 · 23/08 a 29/08,PROFESSORA MARIANA APARECIDA TODESCATO - 191516,(%) Amarelos,0.5,percentual
AVARE (5).xlsx,30,Semana 30 · 23/08 a 29/08,PROFESSORA MARIANA APARECIDA TODESCATO - 191516,(%) Preenchimento,1.0,percentual
AVARE (5).xlsx,30,Semana 30 · 23/08 a 29/08,PROFESSORA MARIANA APARECIDA TODESCATO - 191516,(%) Vermelhos,0.5,percentual
AVARE (5).xlsx,30,Semana 30 · 23/08 a 29/08,PROFESSORA MARIANA APARECIDA TODESCATO - 191516,Chamados Amarelos,1.0,numero
AVARE (5).xlsx,30,Semana 30 · 23/08 a 29/08,PROFESSORA MARIANA APARECIDA TODESCATO - 191516,Chamados Vermelhos,1.0,numero
AVARE (5).xlsx,30,Semana 30 · 23/08 a 29/08,PROFESSORA MARIANA APARECIDA TODESCATO - 191516,Ocorrências Concluídas,2.0,numero
AVARE (5).xlsx,30,Semana 30 · 23/08 a 29/08,PROFESSORA MARIANA APARECIDA TODESCATO - 191516,Ocorrências Concluídas (%),1.0,percentual
AVARE (5).xlsx,30,Semana 30 · 23/08 a 29/08,PROFESSORA MARIANA APARECIDA TODESCATO - 191516,Total de Não Ocorrências,4.0,numero
AVARE (5).xlsx,30,Semana 30 · 23/08 a 29/08,PROFESSORA MARIANA APARECIDA TODESCATO - 191516,Total de Ocorrências,2.0,numero
AVARE (5).xlsx,30,Semana 30 · 23/08 a 29/08,SANDRA APARECIDA DE ARAUJO PROFESSORA - 924337,(%) Amarelos,1.0,percentual
AVARE (5).xlsx,30,Semana 30 · 23/08 a 29/08,SANDRA APARECIDA DE ARAUJO PROFESSORA - 924337,(%) Preenchimento,1.0,percentual
AVARE (5).xlsx,30,Semana 30 · 23/08 a 29/08,SANDRA APARECIDA DE ARAUJO PROFESSORA - 924337,Chamados Amarelos,1.0,numero
AVARE (5).xlsx,30,Semana 30 · 23/08 a 29/08,SANDRA APARECIDA DE ARAUJO PROFESSORA - 924337,Ocorrências Concluídas,1.0,numero
AVARE (5).xlsx,30,Semana 30 · 23/08 a 29/08,SANDRA APARECIDA DE ARAUJO PROFESSORA - 924337,Ocorrências Concluídas (%),1.0,percentual
AVARE (5).xlsx,30,Semana 30 · 23/08 a 29/08,SANDRA APARECIDA DE ARAUJO PROFESSORA - 924337,Total de Não Ocorrências,4.0,numero
AVARE (5).xlsx,30,Semana 30 · 23/08 a 29/08,SANDRA APARECIDA DE ARAUJO PROFESSORA - 924337,Total de Ocorrências,1.0,numero
AVARE (4).xlsx,31,Semana 31 · 30/08 a 05/09,ABILIO RAPOSO FERRAZ JUNIOR - 903188,(%) Preenchimento,1.0,percentual
AVARE (4).xlsx,31,Semana 31 · 30/08 a 05/09,ABILIO RAPOSO FERRAZ JUNIOR - 903188,Total de Não Ocorrências,4.0,numero
AVARE (4).xlsx,31,Semana 31 · 30/08 a 05/09,ASSENTAMENTO ZUMBI DOS PALMARES - 566032,(%) Preenchimento,1.0,percentual
AVARE (4).xlsx,31,Semana 31 · 30/08 a 05/09,ASSENTAMENTO ZUMBI DOS PALMARES - 566032,Total de Não Ocorrências,5.0,numero
AVARE (4).xlsx,31,Semana 31 · 30/08 a 05/09,AVELINO APARECIDO RIBEIRO DOUTOR - 14552,(%) Amarelos,1.0,percentual
AVARE (4).xlsx,31,Semana 31 · 30/08 a 05/09,AVELINO APARECIDO RIBEIRO DOUTOR - 14552,(%) Preenchimento,1.0,percentual
AVARE (4).xlsx,31,Semana 31 · 30/08 a 05/09,AVELINO APARECIDO RIBEIRO DOUTOR - 14552,Chamados Amarelos,3.0,numero
AVARE (4).xlsx,31,Semana 31 · 30/08 a 05/09,AVELINO APARECIDO RIBEIRO DOUTOR - 14552,Total de Não Ocorrências,8.0,numero
AVARE (4).xlsx,31,Semana 31 · 30/08 a 05/09,AVELINO APARECIDO RIBEIRO DOUTOR - 14552,Total de Ocorrências,3.0,numero
AVARE (4).xlsx,31,Semana 31 · 30/08 a 05/09,BENE ANDRADE DONA - 14631,(%) Amarelos,0.5,percentual
AVARE (4).xlsx,31,Semana 31 · 30/08 a 05/09,BENE ANDRADE DONA - 14631,(%) Preenchimento,1.0,percentual
AVARE (4).xlsx,31,Semana 31 · 30/08 a 05/09,BENE ANDRADE DONA - 14631,(%) Vermelhos,0.5,percentual
AVARE (4).xlsx,31,Semana 31 · 30/08 a 05/09,BENE ANDRADE DONA - 14631,Atendido pelo Psicólogo,1.0,numero
AVARE (4).xlsx,31,Semana 31 · 30/08 a 05/09,BENE ANDRADE DONA - 14631,Atendido pelo Psicólogo (%),1.0,percentual
AVARE (4).xlsx,31,Semana 31 · 30/08 a 05/09,BENE ANDRADE DONA - 14631,Chamados Amarelos,2.0,numero
AVARE (4).xlsx,31,Semana 31 · 30/08 a 05/09,BENE ANDRADE DONA - 14631,Chamados Vermelhos,2.0,numero
AVARE (4).xlsx,31,Semana 31 · 30/08 a 05/09,BENE ANDRADE DONA - 14631,Encaminhado ao Psicólogo,1.0,numero
AVARE (4).xlsx,31,Semana 31 · 30/08 a 05/09,BENE ANDRADE DONA - 14631,Encaminhado ao Psicólogo (%),0.25,percentual
AVARE (4).xlsx,31,Semana 31 · 30/08 a 05/09,BENE ANDRADE DONA - 14631,Ocorrências Concluídas,4.0,numero
AVARE (4).xlsx,31,Semana 31 · 30/08 a 05/09,BENE ANDRADE DONA - 14631,Ocorrências Concluídas (%),1.0,percentual
AVARE (4).xlsx,31,Semana 31 · 30/08 a 05/09,BENE ANDRADE DONA - 14631,Psicólogo Agendado,1.0,numero
AVARE (4).xlsx,31,Semana 31 · 30/08 a 05/09,BENE ANDRADE DONA - 14631,Psicólogo Agendado (%),1.0,percentual
AVARE (4).xlsx,31,Semana 31 · 30/08 a 05/09,BENE ANDRADE DONA - 14631,Total de Não Ocorrências,2.0,numero
AVARE (4).xlsx,31,Semana 31 · 30/08 a 05/09,BENE ANDRADE DONA - 14631,Total de Ocorrências,4.0,numero
AVARE (4).xlsx,31,Semana 31 · 30/08 a 05/09,CELSO FERREIRA DA SILVA PROFESSOR - 918489,(%) Amarelos,0.75,percentual
AVARE (4).xlsx,31,Semana 31 · 30/08 a 05/09,CELSO FERREIRA DA SILVA PROFESSOR - 918489,(%) Preenchimento,1.0,percentual
AVARE (4).xlsx,31,Semana 31 · 30/08 a 05/09,CELSO FERREIRA DA SILVA PROFESSOR - 918489,(%) Vermelhos,0.25,percentual
AVARE (4).xlsx,31,Semana 31 · 30/08 a 05/09,CELSO FERREIRA DA SILVA PROFESSOR - 918489,Atendido pelo Psicólogo,1.0,numero
AVARE (4).xlsx,31,Semana 31 · 30/08 a 05/09,CELSO FERREIRA DA SILVA PROFESSOR - 918489,Atendido pelo Psicólogo (%),0.5,percentual
AVARE (4).xlsx,31,Semana 31 · 30/08 a 05/09,CELSO FERREIRA DA SILVA PROFESSOR - 918489,Chamados Amarelos,3.0,numero
AVARE (4).xlsx,31,Semana 31 · 30/08 a 05/09,CELSO FERREIRA DA SILVA PROFESSOR - 918489,Chamados Vermelhos,1.0,numero
AVARE (4).xlsx,31,Semana 31 · 30/08 a 05/09,CELSO FERREIRA DA SILVA PROFESSOR - 918489,Encaminhado ao Psicólogo,2.0,numero
AVARE (4).xlsx,31,Semana 31 · 30/08 a 05/09,CELSO FERREIRA DA SILVA PROFESSOR - 918489,Encaminhado ao Psicólogo (%),0.5,percentual
AVARE (4).xlsx,31,Semana 31 · 30/08 a 05/09,CELSO FERREIRA DA SILVA PROFESSOR - 918489,Ocorrências Concluídas,3.0,numero
AVARE (4).xlsx,31,Semana 31 · 30/08 a 05/09,CELSO FERREIRA DA SILVA PROFESSOR - 918489,Ocorrências Concluídas (%),0.75,percentual
AVARE (4).xlsx,31,Semana 31 · 30/08 a 05/09,CELSO FERREIRA DA SILVA PROFESSOR - 918489,Psicólogo Agendado,2.0,numero
AVARE (4).xlsx,31,Semana 31 · 30/08 a 05/09,CELSO FERREIRA DA SILVA PROFESSOR - 918489,Psicólogo Agendado (%),1.0,percentual
AVARE (4).xlsx,31,Semana 31 · 30/08 a 05/09,CELSO FERREIRA DA SILVA PROFESSOR - 918489,Total de Não Ocorrências,2.0,numero
AVARE (4).xlsx,31,Semana 31 · 30/08 a 05/09,CELSO FERREIRA DA SILVA PROFESSOR - 918489,Total de Ocorrências,4.0,numero
AVARE (4).xlsx,31,Semana 31 · 30/08 a 05/09,COTA LEONEL DONA - 905185,(%) Preenchimento,1.0,percentual
AVARE (4).xlsx,31,Semana 31 · 30/08 a 05/09,COTA LEONEL DONA - 905185,Total de Não Ocorrências,5.0,numero
AVARE (4).xlsx,31,Semana 31 · 30/08 a 05/09,DIMAS MOZART E SILVA PROFESSOR - 900424,(%) Amarelos,1.0,percentual
AVARE (4).xlsx,31,Semana 31 · 30/08 a 05/09,DIMAS MOZART E SILVA PROFESSOR - 900424,(%) Preenchimento,1.0,percentual
AVARE (4).xlsx,31,Semana 31 · 30/08 a 05/09,DIMAS MOZART E SILVA PROFESSOR - 900424,Chamados Amarelos,3.0,numero
AVARE (4).xlsx,31,Semana 31 · 30/08 a 05/09,DIMAS MOZART E SILVA PROFESSOR - 900424,Ocorrências Concluídas,3.0,numero
AVARE (4).xlsx,31,Semana 31 · 30/08 a 05/09,DIMAS MOZART E SILVA PROFESSOR - 900424,Ocorrências Concluídas (%),1.0,percentual
AVARE (4).xlsx,31,Semana 31 · 30/08 a 05/09,DIMAS MOZART E SILVA PROFESSOR - 900424,Total de Não Ocorrências,2.0,numero
AVARE (4).xlsx,31,Semana 31 · 30/08 a 05/09,DIMAS MOZART E SILVA PROFESSOR - 900424,Total de Ocorrências,3.0,numero
AVARE (4).xlsx,31,Semana 31 · 30/08 a 05/09,EMILIO IMMOOS PADRE - 45226,(%) Amarelos,0.6666666666666666,percentual
AVARE (4).xlsx,31,Semana 31 · 30/08 a 05/09,EMILIO IMMOOS PADRE - 45226,(%) Preenchimento,1.0,percentual
AVARE (4).xlsx,31,Semana 31 · 30/08 a 05/09,EMILIO IMMOOS PADRE - 45226,(%) Vermelhos,0.3333333333333333,percentual
AVARE (4).xlsx,31,Semana 31 · 30/08 a 05/09,EMILIO IMMOOS PADRE - 45226,Chamados Amarelos,2.0,numero
AVARE (4).xlsx,31,Semana 31 · 30/08 a 05/09,EMILIO IMMOOS PADRE - 45226,Chamados Vermelhos,1.0,numero
AVARE (4).xlsx,31,Semana 31 · 30/08 a 05/09,EMILIO IMMOOS PADRE - 45226,Ocorrências Concluídas,3.0,numero
AVARE (4).xlsx,31,Semana 31 · 30/08 a 05/09,EMILIO IMMOOS PADRE - 45226,Ocorrências Concluídas (%),1.0,percentual
AVARE (4).xlsx,31,Semana 31 · 30/08 a 05/09,EMILIO IMMOOS PADRE - 45226,Total de Não Ocorrências,3.0,numero
AVARE (4).xlsx,31,Semana 31 · 30/08 a 05/09,EMILIO IMMOOS PADRE - 45226,Total de Ocorrências,3.0,numero
AVARE (4).xlsx,31,Semana 31 · 30/08 a 05/09,ERUCE PAULUCCI PROFESSOR - 914484,(%) Amarelos,0.25,percentual
AVARE (4).xlsx,31,Semana 31 · 30/08 a 05/09,ERUCE PAULUCCI PROFESSOR - 914484,(%) Preenchimento,1.0,percentual
AVARE (4).xlsx,31,Semana 31 · 30/08 a 05/09,ERUCE PAULUCCI PROFESSOR - 914484,(%) Vermelhos,0.75,percentual
AVARE (4).xlsx,31,Semana 31 · 30/08 a 05/09,ERUCE PAULUCCI PROFESSOR - 914484,Atendido pelo Psicólogo,2.0,numero
AVARE (4).xlsx,31,Semana 31 · 30/08 a 05/09,ERUCE PAULUCCI PROFESSOR - 914484,Atendido pelo Psicólogo (%),1.0,percentual
AVARE (4).xlsx,31,Semana 31 · 30/08 a 05/09,ERUCE PAULUCCI PROFESSOR - 914484,Chamados Amarelos,1.0,numero
AVARE (4).xlsx,31,Semana 31 · 30/08 a 05/09,ERUCE PAULUCCI PROFESSOR - 914484,Chamados Vermelhos,3.0,numero
AVARE (4).xlsx,31,Semana 31 · 30/08 a 05/09,ERUCE PAULUCCI PROFESSOR - 914484,Encaminhado ao Psicólogo,2.0,numero
AVARE (4).xlsx,31,Semana 31 · 30/08 a 05/09,ERUCE PAULUCCI PROFESSOR - 914484,Encaminhado ao Psicólogo (%),0.5,percentual
AVARE (4).xlsx,31,Semana 31 · 30/08 a 05/09,ERUCE PAULUCCI PROFESSOR - 914484,Ocorrências Concluídas,4.0,numero
AVARE (4).xlsx,31,Semana 31 · 30/08 a 05/09,ERUCE PAULUCCI PROFESSOR - 914484,Ocorrências Concluídas (%),1.0,percentual
AVARE (4).xlsx,31,Semana 31 · 30/08 a 05/09,ERUCE PAULUCCI PROFESSOR - 914484,Psicólogo Agendado,2.0,numero
AVARE (4).xlsx,31,Semana 31 · 30/08 a 05/09,ERUCE PAULUCCI PROFESSOR - 914484,Psicólogo Agendado (%),1.0,percentual
AVARE (4).xlsx,31,Semana 31 · 30/08 a 05/09,ERUCE PAULUCCI PROFESSOR - 914484,Total de Não Ocorrências,3.0,numero
AVARE (4).xlsx,31,Semana 31 · 30/08 a 05/09,ERUCE PAULUCCI PROFESSOR - 914484,Total de Ocorrências,4.0,numero
AVARE (4).xlsx,31,Semana 31 · 30/08 a 05/09,GUIDO DIAS DE ALMEIDA PROFESSOR - 910119,(%) Preenchimento,1.0,percentual
AVARE (4).xlsx,31,Semana 31 · 30/08 a 05/09,GUIDO DIAS DE ALMEIDA PROFESSOR - 910119,(%) Vermelhos,1.0,percentual
AVARE (4).xlsx,31,Semana 31 · 30/08 a 05/09,GUIDO DIAS DE ALMEIDA PROFESSOR - 910119,Chamados Vermelhos,1.0,numero
AVARE (4).xlsx,31,Semana 31 · 30/08 a 05/09,GUIDO DIAS DE ALMEIDA PROFESSOR - 910119,Ocorrências Concluídas,1.0,numero
AVARE (4).xlsx,31,Semana 31 · 30/08 a 05/09,GUIDO DIAS DE ALMEIDA PROFESSOR - 910119,Ocorrências Concluídas (%),1.0,percentual
AVARE (4).xlsx,31,Semana 31 · 30/08 a 05/09,GUIDO DIAS DE ALMEIDA PROFESSOR - 910119,Total de Não Ocorrências,4.0,numero
AVARE (4).xlsx,31,Semana 31 · 30/08 a 05/09,GUIDO DIAS DE ALMEIDA PROFESSOR - 910119,Total de Ocorrências,1.0,numero
AVARE (4).xlsx,31,Semana 31 · 30/08 a 05/09,JOAO CRUZ CORONEL - 14497,(%) Amarelos,0.75,percentual
AVARE (4).xlsx,31,Semana 31 · 30/08 a 05/09,JOAO CRUZ CORONEL - 14497,(%) Preenchimento,1.0,percentual
AVARE (4).xlsx,31,Semana 31 · 30/08 a 05/09,JOAO CRUZ CORONEL - 14497,(%) Vermelhos,0.25,percentual
AVARE (4).xlsx,31,Semana 31 · 30/08 a 05/09,JOAO CRUZ CORONEL - 14497,Chamados Amarelos,3.0,numero
AVARE (4).xlsx,31,Semana 31 · 30/08 a 05/09,JOAO CRUZ CORONEL - 14497,Chamados Vermelhos,1.0,numero
AVARE (4).xlsx,31,Semana 31 · 30/08 a 05/09,JOAO CRUZ CORONEL - 14497,Ocorrências Concluídas,4.0,numero
AVARE (4).xlsx,31,Semana 31 · 30/08 a 05/09,JOAO CRUZ CORONEL - 14497,Ocorrências Concluídas (%),1.0,percentual
AVARE (4).xlsx,31,Semana 31 · 30/08 a 05/09,JOAO CRUZ CORONEL - 14497,Total de Não Ocorrências,2.0,numero
AVARE (4).xlsx,31,Semana 31 · 30/08 a 05/09,JOAO CRUZ CORONEL - 14497,Total de Ocorrências,4.0,numero
AVARE (4).xlsx,31,Semana 31 · 30/08 a 05/09,JOAO MICHELIN - 14485,(%) Preenchimento,1.0,percentual
AVARE (4).xlsx,31,Semana 31 · 30/08 a 05/09,JOAO MICHELIN - 14485,(%) Vermelhos,1.0,percentual
AVARE (4).xlsx,31,Semana 31 · 30/08 a 05/09,JOAO MICHELIN - 14485,Chamados Vermelhos,1.0,numero
AVARE (4).xlsx,31,Semana 31 · 30/08 a 05/09,JOAO MICHELIN - 14485,Encaminhado ao Psicólogo,1.0,numero
AVARE (4).xlsx,31,Semana 31 · 30/08 a 05/09,JOAO MICHELIN - 14485,Encaminhado ao Psicólogo (%),1.0,percentual
AVARE (4).xlsx,31,Semana 31 · 30/08 a 05/09,JOAO MICHELIN - 14485,Psicólogo Agendado,1.0,numero
AVARE (4).xlsx,31,Semana 31 · 30/08 a 05/09,JOAO MICHELIN - 14485,Psicólogo Agendado (%),1.0,percentual
AVARE (4).xlsx,31,Semana 31 · 30/08 a 05/09,JOAO MICHELIN - 14485,Total de Não Ocorrências,3.0,numero
AVARE (4).xlsx,31,Semana 31 · 30/08 a 05/09,JOAO MICHELIN - 14485,Total de Ocorrências,1.0,numero
AVARE (4).xlsx,31,Semana 31 · 30/08 a 05/09,JOAO TEIXEIRA DE ARAUJO PROFESSOR - 14588,(%) Amarelos,0.75,percentual
AVARE (4).xlsx,31,Semana 31 · 30/08 a 05/09,JOAO TEIXEIRA DE ARAUJO PROFESSOR - 14588,(%) Preenchimento,1.0,percentual
AVARE (4).xlsx,31,Semana 31 · 30/08 a 05/09,JOAO TEIXEIRA DE ARAUJO PROFESSOR - 14588,(%) Vermelhos,0.25,percentual
AVARE (4).xlsx,31,Semana 31 · 30/08 a 05/09,JOAO TEIXEIRA DE ARAUJO PROFESSOR - 14588,Chamados Amarelos,3.0,numero
AVARE (4).xlsx,31,Semana 31 · 30/08 a 05/09,JOAO TEIXEIRA DE ARAUJO PROFESSOR - 14588,Chamados Vermelhos,1.0,numero
AVARE (4).xlsx,31,Semana 31 · 30/08 a 05/09,JOAO TEIXEIRA DE ARAUJO PROFESSOR - 14588,Ocorrências Concluídas,4.0,numero
AVARE (4).xlsx,31,Semana 31 · 30/08 a 05/09,JOAO TEIXEIRA DE ARAUJO PROFESSOR - 14588,Ocorrências Concluídas (%),1.0,percentual
AVARE (4).xlsx,31,Semana 31 · 30/08 a 05/09,JOAO TEIXEIRA DE ARAUJO PROFESSOR - 14588,Total de Não Ocorrências,1.0,numero
AVARE (4).xlsx,31,Semana 31 · 30/08 a 05/09,JOAO TEIXEIRA DE ARAUJO PROFESSOR - 14588,Total de Ocorrências,4.0,numero
AVARE (4).xlsx,31,Semana 31 · 30/08 a 05/09,JOSE APARECIDO CASTELUCCI PROFESSOR - 49888,(%) Amarelos,0.5,percentual
AVARE (4).xlsx,31,Semana 31 · 30/08 a 05/09,JOSE APARECIDO CASTELUCCI PROFESSOR - 49888,(%) Preenchimento,1.0,percentual
AVARE (4).xlsx,31,Semana 31 · 30/08 a 05/09,JOSE APARECIDO CASTELUCCI PROFESSOR - 49888,(%) Vermelhos,0.5,percentual
AVARE (4).xlsx,31,Semana 31 · 30/08 a 05/09,JOSE APARECIDO CASTELUCCI PROFESSOR - 49888,Chamados Amarelos,1.0,numero
AVARE (4).xlsx,31,Semana 31 · 30/08 a 05/09,JOSE APARECIDO CASTELUCCI PROFESSOR - 49888,Chamados Vermelhos,1.0,numero
AVARE (4).xlsx,31,Semana 31 · 30/08 a 05/09,JOSE APARECIDO CASTELUCCI PROFESSOR - 49888,Ocorrências Concluídas,2.0,numero
AVARE (4).xlsx,31,Semana 31 · 30/08 a 05/09,JOSE APARECIDO CASTELUCCI PROFESSOR - 49888,Ocorrências Concluídas (%),1.0,percentual
AVARE (4).xlsx,31,Semana 31 · 30/08 a 05/09,JOSE APARECIDO CASTELUCCI PROFESSOR - 49888,Total de Não Ocorrências,4.0,numero
AVARE (4).xlsx,31,Semana 31 · 30/08 a 05/09,JOSE APARECIDO CASTELUCCI PROFESSOR - 49888,Total de Ocorrências,2.0,numero
AVARE (4).xlsx,31,Semana 31 · 30/08 a 05/09,JOSE LEITE PINHEIRO PROFESSOR - 14527,(%) Amarelos,0.75,percentual
AVARE (4).xlsx,31,Semana 31 · 30/08 a 05/09,JOSE LEITE PINHEIRO PROFESSOR - 14527,(%) Preenchimento,1.0,percentual
AVARE (4).xlsx,31,Semana 31 · 30/08 a 05/09,JOSE LEITE PINHEIRO PROFESSOR - 14527,(%) Vermelhos,0.25,percentual
AVARE (4).xlsx,31,Semana 31 · 30/08 a 05/09,JOSE LEITE PINHEIRO PROFESSOR - 14527,Chamados Amarelos,3.0,numero
AVARE (4).xlsx,31,Semana 31 · 30/08 a 05/09,JOSE LEITE PINHEIRO PROFESSOR - 14527,Chamados Vermelhos,1.0,numero
AVARE (4).xlsx,31,Semana 31 · 30/08 a 05/09,JOSE LEITE PINHEIRO PROFESSOR - 14527,Ocorrências Concluídas,4.0,numero
AVARE (4).xlsx,31,Semana 31 · 30/08 a 05/09,JOSE LEITE PINHEIRO PROFESSOR - 14527,Ocorrências Concluídas (%),1.0,percentual
AVARE (4).xlsx,31,Semana 31 · 30/08 a 05/09,JOSE LEITE PINHEIRO PROFESSOR - 14527,Total de Não Ocorrências,2.0,numero
AVARE (4).xlsx,31,Semana 31 · 30/08 a 05/09,JOSE LEITE PINHEIRO PROFESSOR - 14527,Total de Ocorrências,4.0,numero
AVARE (4).xlsx,31,Semana 31 · 30/08 a 05/09,JOSE PENNA - 14540,(%) Amarelos,1.0,percentual
AVARE (4).xlsx,31,Semana 31 · 30/08 a 05/09,JOSE PENNA - 14540,(%) Preenchimento,1.0,percentual
AVARE (4).xlsx,31,Semana 31 · 30/08 a 05/09,JOSE PENNA - 14540,Chamados Amarelos,1.0,numero
AVARE (4).xlsx,31,Semana 31 · 30/08 a 05/09,JOSE PENNA - 14540,Ocorrências Concluídas,1.0,numero
AVARE (4).xlsx,31,Semana 31 · 30/08 a 05/09,JOSE PENNA - 14540,Ocorrências Concluídas (%),1.0,percentual
AVARE (4).xlsx,31,Semana 31 · 30/08 a 05/09,JOSE PENNA - 14540,Total de Não Ocorrências,4.0,numero
AVARE (4).xlsx,31,Semana 31 · 30/08 a 05/09,JOSE PENNA - 14540,Total de Ocorrências,1.0,numero
AVARE (4).xlsx,31,Semana 31 · 30/08 a 05/09,JOSE PIRES DE CARVALHO DOUTOR - 924088,(%) Amarelos,1.0,percentual
AVARE (4).xlsx,31,Semana 31 · 30/08 a 05/09,JOSE PIRES DE CARVALHO DOUTOR - 924088,(%) Preenchimento,1.0,percentual
AVARE (4).xlsx,31,Semana 31 · 30/08 a 05/09,JOSE PIRES DE CARVALHO DOUTOR - 924088,Chamados Amarelos,3.0,numero
AVARE (4).xlsx,31,Semana 31 · 30/08 a 05/09,JOSE PIRES DE CARVALHO DOUTOR - 924088,Ocorrências Concluídas,3.0,numero
AVARE (4).xlsx,31,Semana 31 · 30/08 a 05/09,JOSE PIRES DE CARVALHO DOUTOR - 924088,Ocorrências Concluídas (%),1.0,percentual
AVARE (4).xlsx,31,Semana 31 · 30/08 a 05/09,JOSE PIRES DE CARVALHO DOUTOR - 924088,Total de Não Ocorrências,3.0,numero
AVARE (4).xlsx,31,Semana 31 · 30/08 a 05/09,JOSE PIRES DE CARVALHO DOUTOR - 924088,Total de Ocorrências,3.0,numero
AVARE (4).xlsx,31,Semana 31 · 30/08 a 05/09,MARIA IZABEL CRUZ PIMENTEL DONA - 38908,(%) Preenchimento,1.0,percentual
AVARE (4).xlsx,31,Semana 31 · 30/08 a 05/09,MARIA IZABEL CRUZ PIMENTEL DONA - 38908,Total de Não Ocorrências,5.0,numero
AVARE (4).xlsx,31,Semana 31 · 30/08 a 05/09,MATILDE VIEIRA - 14679,(%) Amarelos,0.6666666666666666,percentual
AVARE (4).xlsx,31,Semana 31 · 30/08 a 05/09,MATILDE VIEIRA - 14679,(%) Preenchimento,0.8,percentual
AVARE (4).xlsx,31,Semana 31 · 30/08 a 05/09,MATILDE VIEIRA - 14679,(%) Vermelhos,0.3333333333333333,percentual
AVARE (4).xlsx,31,Semana 31 · 30/08 a 05/09,MATILDE VIEIRA - 14679,Atendido pelo Psicólogo,1.0,numero
AVARE (4).xlsx,31,Semana 31 · 30/08 a 05/09,MATILDE VIEIRA - 14679,Atendido pelo Psicólogo (%),0.5,percentual
AVARE (4).xlsx,31,Semana 31 · 30/08 a 05/09,MATILDE VIEIRA - 14679,Chamados Amarelos,2.0,numero
AVARE (4).xlsx,31,Semana 31 · 30/08 a 05/09,MATILDE VIEIRA - 14679,Chamados Vermelhos,1.0,numero
AVARE (4).xlsx,31,Semana 31 · 30/08 a 05/09,MATILDE VIEIRA - 14679,Encaminhado ao Psicólogo,2.0,numero
AVARE (4).xlsx,31,Semana 31 · 30/08 a 05/09,MATILDE VIEIRA - 14679,Encaminhado ao Psicólogo (%),0.6666666666666666,percentual
AVARE (4).xlsx,31,Semana 31 · 30/08 a 05/09,MATILDE VIEIRA - 14679,Ocorrências Concluídas,1.0,numero
AVARE (4).xlsx,31,Semana 31 · 30/08 a 05/09,MATILDE VIEIRA - 14679,Ocorrências Concluídas (%),0.3333333333333333,percentual
AVARE (4).xlsx,31,Semana 31 · 30/08 a 05/09,MATILDE VIEIRA - 14679,Psicólogo Agendado,2.0,numero
AVARE (4).xlsx,31,Semana 31 · 30/08 a 05/09,MATILDE VIEIRA - 14679,Psicólogo Agendado (%),1.0,percentual
AVARE (4).xlsx,31,Semana 31 · 30/08 a 05/09,MATILDE VIEIRA - 14679,Total de Não Ocorrências,3.0,numero
AVARE (4).xlsx,31,Semana 31 · 30/08 a 05/09,MATILDE VIEIRA - 14679,Total de Ocorrências,3.0,numero
AVARE (4).xlsx,31,Semana 31 · 30/08 a 05/09,PAULO ARAUJO NOVAES DOUTOR - 14461,(%) Amarelos,0.625,percentual
AVARE (4).xlsx,31,Semana 31 · 30/08 a 05/09,PAULO ARAUJO NOVAES DOUTOR - 14461,(%) Preenchimento,1.0,percentual
AVARE (4).xlsx,31,Semana 31 · 30/08 a 05/09,PAULO ARAUJO NOVAES DOUTOR - 14461,(%) Vermelhos,0.375,percentual
AVARE (4).xlsx,31,Semana 31 · 30/08 a 05/09,PAULO ARAUJO NOVAES DOUTOR - 14461,Atendido pelo Psicólogo,1.0,numero
AVARE (4).xlsx,31,Semana 31 · 30/08 a 05/09,PAULO ARAUJO NOVAES DOUTOR - 14461,Atendido pelo Psicólogo (%),0.3333333333333333,percentual
AVARE (4).xlsx,31,Semana 31 · 30/08 a 05/09,PAULO ARAUJO NOVAES DOUTOR - 14461,Chamados Amarelos,5.0,numero
AVARE (4).xlsx,31,Semana 31 · 30/08 a 05/09,PAULO ARAUJO NOVAES DOUTOR - 14461,Chamados Vermelhos,3.0,numero
AVARE (4).xlsx,31,Semana 31 · 30/08 a 05/09,PAULO ARAUJO NOVAES DOUTOR - 14461,Encaminhado ao Psicólogo,3.0,numero
AVARE (4).xlsx,31,Semana 31 · 30/08 a 05/09,PAULO ARAUJO NOVAES DOUTOR - 14461,Encaminhado ao Psicólogo (%),0.375,percentual
AVARE (4).xlsx,31,Semana 31 · 30/08 a 05/09,PAULO ARAUJO NOVAES DOUTOR - 14461,Ocorrências Concluídas,5.0,numero
AVARE (4).xlsx,31,Semana 31 · 30/08 a 05/09,PAULO ARAUJO NOVAES DOUTOR - 14461,Ocorrências Concluídas (%),0.625,percentual
AVARE (4).xlsx,31,Semana 31 · 30/08 a 05/09,PAULO ARAUJO NOVAES DOUTOR - 14461,Psicólogo Agendado,2.0,numero
AVARE (4).xlsx,31,Semana 31 · 30/08 a 05/09,PAULO ARAUJO NOVAES DOUTOR - 14461,Psicólogo Agendado (%),0.6666666666666666,percentual
AVARE (4).xlsx,31,Semana 31 · 30/08 a 05/09,PAULO ARAUJO NOVAES DOUTOR - 14461,Total de Não Ocorrências,2.0,numero
AVARE (4).xlsx,31,Semana 31 · 30/08 a 05/09,PAULO ARAUJO NOVAES DOUTOR - 14461,Total de Ocorrências,8.0,numero
AVARE (4).xlsx,31,Semana 31 · 30/08 a 05/09,PAULO DELICIO - 14515,(%) Amarelos,1.0,percentual
AVARE (4).xlsx,31,Semana 31 · 30/08 a 05/09,PAULO DELICIO - 14515,(%) Preenchimento,1.0,percentual
AVARE (4).xlsx,31,Semana 31 · 30/08 a 05/09,PAULO DELICIO - 14515,Chamados Amarelos,1.0,numero
AVARE (4).xlsx,31,Semana 31 · 30/08 a 05/09,PAULO DELICIO - 14515,Ocorrências Concluídas,1.0,numero
AVARE (4).xlsx,31,Semana 31 · 30/08 a 05/09,PAULO DELICIO - 14515,Ocorrências Concluídas (%),1.0,percentual
AVARE (4).xlsx,31,Semana 31 · 30/08 a 05/09,PAULO DELICIO - 14515,Total de Não Ocorrências,4.0,numero
AVARE (4).xlsx,31,Semana 31 · 30/08 a 05/09,PAULO DELICIO - 14515,Total de Ocorrências,1.0,numero
AVARE (4).xlsx,31,Semana 31 · 30/08 a 05/09,PEDRO BENTO ALVES - 14503,(%) Preenchimento,0.8,percentual
AVARE (4).xlsx,31,Semana 31 · 30/08 a 05/09,PEDRO BENTO ALVES - 14503,Total de Não Ocorrências,3.0,numero
AVARE (4).xlsx,31,Semana 31 · 30/08 a 05/09,PROFESSORA MARIANA APARECIDA TODESCATO - 191516,(%) Amarelos,1.0,percentual
AVARE (4).xlsx,31,Semana 31 · 30/08 a 05/09,PROFESSORA MARIANA APARECIDA TODESCATO - 191516,(%) Preenchimento,1.0,percentual
AVARE (4).xlsx,31,Semana 31 · 30/08 a 05/09,PROFESSORA MARIANA APARECIDA TODESCATO - 191516,Chamados Amarelos,1.0,numero
AVARE (4).xlsx,31,Semana 31 · 30/08 a 05/09,PROFESSORA MARIANA APARECIDA TODESCATO - 191516,Ocorrências Concluídas,1.0,numero
AVARE (4).xlsx,31,Semana 31 · 30/08 a 05/09,PROFESSORA MARIANA APARECIDA TODESCATO - 191516,Ocorrências Concluídas (%),1.0,percentual
AVARE (4).xlsx,31,Semana 31 · 30/08 a 05/09,PROFESSORA MARIANA APARECIDA TODESCATO - 191516,Total de Não Ocorrências,4.0,numero
AVARE (4).xlsx,31,Semana 31 · 30/08 a 05/09,PROFESSORA MARIANA APARECIDA TODESCATO - 191516,Total de Ocorrências,1.0,numero
AVARE (4).xlsx,31,Semana 31 · 30/08 a 05/09,SANDRA APARECIDA DE ARAUJO PROFESSORA - 924337,(%) Amarelos,1.0,percentual
AVARE (4).xlsx,31,Semana 31 · 30/08 a 05/09,SANDRA APARECIDA DE ARAUJO PROFESSORA - 924337,(%) Preenchimento,1.0,percentual
AVARE (4).xlsx,31,Semana 31 · 30/08 a 05/09,SANDRA APARECIDA DE ARAUJO PROFESSORA - 924337,Chamados Amarelos,2.0,numero
AVARE (4).xlsx,31,Semana 31 · 30/08 a 05/09,SANDRA APARECIDA DE ARAUJO PROFESSORA - 924337,Ocorrências Concluídas,2.0,numero
AVARE (4).xlsx,31,Semana 31 · 30/08 a 05/09,SANDRA APARECIDA DE ARAUJO PROFESSORA - 924337,Ocorrências Concluídas (%),1.0,percentual
AVARE (4).xlsx,31,Semana 31 · 30/08 a 05/09,SANDRA APARECIDA DE ARAUJO PROFESSORA - 924337,Total de Ocorrências,2.0,numero
AVARE (3).xlsx,32,Semana 32 · 06/09 a 12/09,ABILIO RAPOSO FERRAZ JUNIOR - 903188,(%) Amarelos,0.5,percentual
AVARE (3).xlsx,32,Semana 32 · 06/09 a 12/09,ABILIO RAPOSO FERRAZ JUNIOR - 903188,(%) Preenchimento,1.0,percentual
AVARE (3).xlsx,32,Semana 32 · 06/09 a 12/09,ABILIO RAPOSO FERRAZ JUNIOR - 903188,(%) Vermelhos,0.5,percentual
AVARE (3).xlsx,32,Semana 32 · 06/09 a 12/09,ABILIO RAPOSO FERRAZ JUNIOR - 903188,Chamados Amarelos,1.0,numero
AVARE (3).xlsx,32,Semana 32 · 06/09 a 12/09,ABILIO RAPOSO FERRAZ JUNIOR - 903188,Chamados Vermelhos,1.0,numero
AVARE (3).xlsx,32,Semana 32 · 06/09 a 12/09,ABILIO RAPOSO FERRAZ JUNIOR - 903188,Ocorrências Concluídas,2.0,numero
AVARE (3).xlsx,32,Semana 32 · 06/09 a 12/09,ABILIO RAPOSO FERRAZ JUNIOR - 903188,Total de Não Ocorrências,2.0,numero
AVARE (3).xlsx,32,Semana 32 · 06/09 a 12/09,ABILIO RAPOSO FERRAZ JUNIOR - 903188,Total de Ocorrências,2.0,numero
AVARE (3).xlsx,32,Semana 32 · 06/09 a 12/09,ABILIO RAPOSO FERRAZ JUNIOR - 903188,Índice concluídas,1.0,numero
AVARE (3).xlsx,32,Semana 32 · 06/09 a 12/09,ASSENTAMENTO ZUMBI DOS PALMARES - 566032,(%) Preenchimento,1.0,percentual
AVARE (3).xlsx,32,Semana 32 · 06/09 a 12/09,ASSENTAMENTO ZUMBI DOS PALMARES - 566032,Total de Não Ocorrências,3.0,numero
AVARE (3).xlsx,32,Semana 32 · 06/09 a 12/09,AVELINO APARECIDO RIBEIRO DOUTOR - 14552,(%) Amarelos,1.0,percentual
AVARE (3).xlsx,32,Semana 32 · 06/09 a 12/09,AVELINO APARECIDO RIBEIRO DOUTOR - 14552,(%) Preenchimento,1.0,percentual
AVARE (3).xlsx,32,Semana 32 · 06/09 a 12/09,AVELINO APARECIDO RIBEIRO DOUTOR - 14552,Chamados Amarelos,1.0,numero
AVARE (3).xlsx,32,Semana 32 · 06/09 a 12/09,AVELINO APARECIDO RIBEIRO DOUTOR - 14552,Total de Não Ocorrências,6.0,numero
AVARE (3).xlsx,32,Semana 32 · 06/09 a 12/09,AVELINO APARECIDO RIBEIRO DOUTOR - 14552,Total de Ocorrências,1.0,numero
AVARE (3).xlsx,32,Semana 32 · 06/09 a 12/09,BENE ANDRADE DONA - 14631,(%) Amarelos,0.8,percentual
AVARE (3).xlsx,32,Semana 32 · 06/09 a 12/09,BENE ANDRADE DONA - 14631,(%) Encaminhado ao Psicólogo,0.2,percentual
AVARE (3).xlsx,32,Semana 32 · 06/09 a 12/09,BENE ANDRADE DONA - 14631,(%) Preenchimento,1.0,percentual
AVARE (3).xlsx,32,Semana 32 · 06/09 a 12/09,BENE ANDRADE DONA - 14631,(%) Psicólogo Agendado,1.0,percentual
AVARE (3).xlsx,32,Semana 32 · 06/09 a 12/09,BENE ANDRADE DONA - 14631,(%) Vermelhos,0.2,percentual
AVARE (3).xlsx,32,Semana 32 · 06/09 a 12/09,BENE ANDRADE DONA - 14631,Chamados Amarelos,4.0,numero
AVARE (3).xlsx,32,Semana 32 · 06/09 a 12/09,BENE ANDRADE DONA - 14631,Chamados Vermelhos,1.0,numero
AVARE (3).xlsx,32,Semana 32 · 06/09 a 12/09,BENE ANDRADE DONA - 14631,Encaminhado ao Psicólogo,1.0,numero
AVARE (3).xlsx,32,Semana 32 · 06/09 a 12/09,BENE ANDRADE DONA - 14631,Ocorrências Concluídas,5.0,numero
AVARE (3).xlsx,32,Semana 32 · 06/09 a 12/09,BENE ANDRADE DONA - 14631,Psicólogo Agendado,1.0,numero
AVARE (3).xlsx,32,Semana 32 · 06/09 a 12/09,BENE ANDRADE DONA - 14631,Total de Não Ocorrências,1.0,numero
AVARE (3).xlsx,32,Semana 32 · 06/09 a 12/09,BENE ANDRADE DONA - 14631,Total de Ocorrências,5.0,numero
AVARE (3).xlsx,32,Semana 32 · 06/09 a 12/09,BENE ANDRADE DONA - 14631,Índice concluídas,1.0,numero
AVARE (3).xlsx,32,Semana 32 · 06/09 a 12/09,CELSO FERREIRA DA SILVA PROFESSOR - 918489,(%) Amarelos,0.75,percentual
AVARE (3).xlsx,32,Semana 32 · 06/09 a 12/09,CELSO FERREIRA DA SILVA PROFESSOR - 918489,(%) Atendido pelo Psicólogo,1.0,percentual
AVARE (3).xlsx,32,Semana 32 · 06/09 a 12/09,CELSO FERREIRA DA SILVA PROFESSOR - 918489,(%) Encaminhado ao Psicólogo,0.125,percentual
AVARE (3).xlsx,32,Semana 32 · 06/09 a 12/09,CELSO FERREIRA DA SILVA PROFESSOR - 918489,(%) Preenchimento,1.0,percentual
AVARE (3).xlsx,32,Semana 32 · 06/09 a 12/09,CELSO FERREIRA DA SILVA PROFESSOR - 918489,(%) Psicólogo Agendado,1.0,percentual
AVARE (3).xlsx,32,Semana 32 · 06/09 a 12/09,CELSO FERREIRA DA SILVA PROFESSOR - 918489,(%) Vermelhos,0.25,percentual
AVARE (3).xlsx,32,Semana 32 · 06/09 a 12/09,CELSO FERREIRA DA SILVA PROFESSOR - 918489,Atendido pelo Psicólogo,1.0,numero
AVARE (3).xlsx,32,Semana 32 · 06/09 a 12/09,CELSO FERREIRA DA SILVA PROFESSOR - 918489,Chamados Amarelos,6.0,numero
AVARE (3).xlsx,32,Semana 32 · 06/09 a 12/09,CELSO FERREIRA DA SILVA PROFESSOR - 918489,Chamados Vermelhos,2.0,numero
AVARE (3).xlsx,32,Semana 32 · 06/09 a 12/09,CELSO FERREIRA DA SILVA PROFESSOR - 918489,Encaminhado ao Psicólogo,1.0,numero
AVARE (3).xlsx,32,Semana 32 · 06/09 a 12/09,CELSO FERREIRA DA SILVA PROFESSOR - 918489,Ocorrências Concluídas,7.0,numero
AVARE (3).xlsx,32,Semana 32 · 06/09 a 12/09,CELSO FERREIRA DA SILVA PROFESSOR - 918489,Psicólogo Agendado,1.0,numero
AVARE (3).xlsx,32,Semana 32 · 06/09 a 12/09,CELSO FERREIRA DA SILVA PROFESSOR - 918489,Total de Não Ocorrências,2.0,numero
AVARE (3).xlsx,32,Semana 32 · 06/09 a 12/09,CELSO FERREIRA DA SILVA PROFESSOR - 918489,Total de Ocorrências,8.0,numero
AVARE (3).xlsx,32,Semana 32 · 06/09 a 12/09,CELSO FERREIRA DA SILVA PROFESSOR - 918489,Índice concluídas,0.875,numero
AVARE (3).xlsx,32,Semana 32 · 06/09 a 12/09,COTA LEONEL DONA - 905185,(%) Amarelos,1.0,percentual
AVARE (3).xlsx,32,Semana 32 · 06/09 a 12/09,COTA LEONEL DONA - 905185,(%) Preenchimento,1.0,percentual
AVARE (3).xlsx,32,Semana 32 · 06/09 a 12/09,COTA LEONEL DONA - 905185,Chamados Amarelos,1.0,numero
AVARE (3).xlsx,32,Semana 32 · 06/09 a 12/09,COTA LEONEL DONA - 905185,Ocorrências Concluídas,1.0,numero
AVARE (3).xlsx,32,Semana 32 · 06/09 a 12/09,COTA LEONEL DONA - 905185,Total de Não Ocorrências,2.0,numero
AVARE (3).xlsx,32,Semana 32 · 06/09 a 12/09,COTA LEONEL DONA - 905185,Total de Ocorrências,1.0,numero
AVARE (3).xlsx,32,Semana 32 · 06/09 a 12/09,COTA LEONEL DONA - 905185,Índice concluídas,1.0,numero
AVARE (3).xlsx,32,Semana 32 · 06/09 a 12/09,DIMAS MOZART E SILVA PROFESSOR - 900424,(%) Amarelos,1.0,percentual
AVARE (3).xlsx,32,Semana 32 · 06/09 a 12/09,DIMAS MOZART E SILVA PROFESSOR - 900424,(%) Preenchimento,1.0,percentual
AVARE (3).xlsx,32,Semana 32 · 06/09 a 12/09,DIMAS MOZART E SILVA PROFESSOR - 900424,Chamados Amarelos,1.0,numero
AVARE (3).xlsx,32,Semana 32 · 06/09 a 12/09,DIMAS MOZART E SILVA PROFESSOR - 900424,Ocorrências Concluídas,1.0,numero
AVARE (3).xlsx,32,Semana 32 · 06/09 a 12/09,DIMAS MOZART E SILVA PROFESSOR - 900424,Total de Não Ocorrências,2.0,numero
AVARE (3).xlsx,32,Semana 32 · 06/09 a 12/09,DIMAS MOZART E SILVA PROFESSOR - 900424,Total de Ocorrências,1.0,numero
AVARE (3).xlsx,32,Semana 32 · 06/09 a 12/09,DIMAS MOZART E SILVA PROFESSOR - 900424,Índice concluídas,1.0,numero
AVARE (3).xlsx,32,Semana 32 · 06/09 a 12/09,EMILIO IMMOOS PADRE - 45226,(%) Amarelos,0.75,percentual
AVARE (3).xlsx,32,Semana 32 · 06/09 a 12/09,EMILIO IMMOOS PADRE - 45226,(%) Preenchimento,1.0,percentual
AVARE (3).xlsx,32,Semana 32 · 06/09 a 12/09,EMILIO IMMOOS PADRE - 45226,(%) Vermelhos,0.25,percentual
AVARE (3).xlsx,32,Semana 32 · 06/09 a 12/09,EMILIO IMMOOS PADRE - 45226,Chamados Amarelos,3.0,numero
AVARE (3).xlsx,32,Semana 32 · 06/09 a 12/09,EMILIO IMMOOS PADRE - 45226,Chamados Vermelhos,1.0,numero
AVARE (3).xlsx,32,Semana 32 · 06/09 a 12/09,EMILIO IMMOOS PADRE - 45226,Ocorrências Concluídas,4.0,numero
AVARE (3).xlsx,32,Semana 32 · 06/09 a 12/09,EMILIO IMMOOS PADRE - 45226,Total de Não Ocorrências,2.0,numero
AVARE (3).xlsx,32,Semana 32 · 06/09 a 12/09,EMILIO IMMOOS PADRE - 45226,Total de Ocorrências,4.0,numero
AVARE (3).xlsx,32,Semana 32 · 06/09 a 12/09,EMILIO IMMOOS PADRE - 45226,Índice concluídas,1.0,numero
AVARE (3).xlsx,32,Semana 32 · 06/09 a 12/09,ERUCE PAULUCCI PROFESSOR - 914484,(%) Preenchimento,1.0,percentual
AVARE (3).xlsx,32,Semana 32 · 06/09 a 12/09,ERUCE PAULUCCI PROFESSOR - 914484,Total de Não Ocorrências,3.0,numero
AVARE (3).xlsx,32,Semana 32 · 06/09 a 12/09,GUIDO DIAS DE ALMEIDA PROFESSOR - 910119,(%) Amarelos,0.777777777777778,percentual
AVARE (3).xlsx,32,Semana 32 · 06/09 a 12/09,GUIDO DIAS DE ALMEIDA PROFESSOR - 910119,(%) Preenchimento,1.0,percentual
AVARE (3).xlsx,32,Semana 32 · 06/09 a 12/09,GUIDO DIAS DE ALMEIDA PROFESSOR - 910119,(%) Vermelhos,0.222222222222222,percentual
AVARE (3).xlsx,32,Semana 32 · 06/09 a 12/09,GUIDO DIAS DE ALMEIDA PROFESSOR - 910119,Chamados Amarelos,7.0,numero
AVARE (3).xlsx,32,Semana 32 · 06/09 a 12/09,GUIDO DIAS DE ALMEIDA PROFESSOR - 910119,Chamados Vermelhos,2.0,numero
AVARE (3).xlsx,32,Semana 32 · 06/09 a 12/09,GUIDO DIAS DE ALMEIDA PROFESSOR - 910119,Ocorrências Concluídas,9.0,numero
AVARE (3).xlsx,32,Semana 32 · 06/09 a 12/09,GUIDO DIAS DE ALMEIDA PROFESSOR - 910119,Total de Não Ocorrências,3.0,numero
AVARE (3).xlsx,32,Semana 32 · 06/09 a 12/09,GUIDO DIAS DE ALMEIDA PROFESSOR - 910119,Total de Ocorrências,9.0,numero
AVARE (3).xlsx,32,Semana 32 · 06/09 a 12/09,GUIDO DIAS DE ALMEIDA PROFESSOR - 910119,Índice concluídas,1.0,numero
AVARE (3).xlsx,32,Semana 32 · 06/09 a 12/09,JOAO CRUZ CORONEL - 14497,(%) Amarelos,1.0,percentual
AVARE (3).xlsx,32,Semana 32 · 06/09 a 12/09,JOAO CRUZ CORONEL - 14497,(%) Atendido pelo Psicólogo,1.0,percentual
AVARE (3).xlsx,32,Semana 32 · 06/09 a 12/09,JOAO CRUZ CORONEL - 14497,(%) Encaminhado ao Psicólogo,1.0,percentual
AVARE (3).xlsx,32,Semana 32 · 06/09 a 12/09,JOAO CRUZ CORONEL - 14497,(%) Preenchimento,1.0,percentual
AVARE (3).xlsx,32,Semana 32 · 06/09 a 12/09,JOAO CRUZ CORONEL - 14497,(%) Psicólogo Agendado,1.0,percentual
AVARE (3).xlsx,32,Semana 32 · 06/09 a 12/09,JOAO CRUZ CORONEL - 14497,Atendido pelo Psicólogo,1.0,numero
AVARE (3).xlsx,32,Semana 32 · 06/09 a 12/09,JOAO CRUZ CORONEL - 14497,Chamados Amarelos,1.0,numero
AVARE (3).xlsx,32,Semana 32 · 06/09 a 12/09,JOAO CRUZ CORONEL - 14497,Encaminhado ao Psicólogo,1.0,numero
AVARE (3).xlsx,32,Semana 32 · 06/09 a 12/09,JOAO CRUZ CORONEL - 14497,Ocorrências Concluídas,1.0,numero
AVARE (3).xlsx,32,Semana 32 · 06/09 a 12/09,JOAO CRUZ CORONEL - 14497,Psicólogo Agendado,1.0,numero
AVARE (3).xlsx,32,Semana 32 · 06/09 a 12/09,JOAO CRUZ CORONEL - 14497,Total de Não Ocorrências,3.0,numero
AVARE (3).xlsx,32,Semana 32 · 06/09 a 12/09,JOAO CRUZ CORONEL - 14497,Total de Ocorrências,1.0,numero
AVARE (3).xlsx,32,Semana 32 · 06/09 a 12/09,JOAO CRUZ CORONEL - 14497,Índice concluídas,1.0,numero
AVARE (3).xlsx,32,Semana 32 · 06/09 a 12/09,JOAO MICHELIN - 14485,(%) Preenchimento,1.0,percentual
AVARE (3).xlsx,32,Semana 32 · 06/09 a 12/09,JOAO MICHELIN - 14485,Total de Não Ocorrências,3.0,numero
AVARE (3).xlsx,32,Semana 32 · 06/09 a 12/09,JOAO TEIXEIRA DE ARAUJO PROFESSOR - 14588,(%) Amarelos,1.0,percentual
AVARE (3).xlsx,32,Semana 32 · 06/09 a 12/09,JOAO TEIXEIRA DE ARAUJO PROFESSOR - 14588,(%) Preenchimento,1.0,percentual
AVARE (3).xlsx,32,Semana 32 · 06/09 a 12/09,JOAO TEIXEIRA DE ARAUJO PROFESSOR - 14588,Chamados Amarelos,1.0,numero
AVARE (3).xlsx,32,Semana 32 · 06/09 a 12/09,JOAO TEIXEIRA DE ARAUJO PROFESSOR - 14588,Ocorrências Concluídas,1.0,numero
AVARE (3).xlsx,32,Semana 32 · 06/09 a 12/09,JOAO TEIXEIRA DE ARAUJO PROFESSOR - 14588,Total de Não Ocorrências,2.0,numero
AVARE (3).xlsx,32,Semana 32 · 06/09 a 12/09,JOAO TEIXEIRA DE ARAUJO PROFESSOR - 14588,Total de Ocorrências,1.0,numero
AVARE (3).xlsx,32,Semana 32 · 06/09 a 12/09,JOAO TEIXEIRA DE ARAUJO PROFESSOR - 14588,Índice concluídas,1.0,numero
AVARE (3).xlsx,32,Semana 32 · 06/09 a 12/09,JOSE APARECIDO CASTELUCCI PROFESSOR - 49888,(%) Preenchimento,1.0,percentual
AVARE (3).xlsx,32,Semana 32 · 06/09 a 12/09,JOSE APARECIDO CASTELUCCI PROFESSOR - 49888,Total de Não Ocorrências,3.0,numero
AVARE (3).xlsx,32,Semana 32 · 06/09 a 12/09,JOSE LEITE PINHEIRO PROFESSOR - 14527,(%) Amarelos,1.0,percentual
AVARE (3).xlsx,32,Semana 32 · 06/09 a 12/09,JOSE LEITE PINHEIRO PROFESSOR - 14527,(%) Preenchimento,1.0,percentual
AVARE (3).xlsx,32,Semana 32 · 06/09 a 12/09,JOSE LEITE PINHEIRO PROFESSOR - 14527,Chamados Amarelos,6.0,numero
AVARE (3).xlsx,32,Semana 32 · 06/09 a 12/09,JOSE LEITE PINHEIRO PROFESSOR - 14527,Ocorrências Concluídas,5.0,numero
AVARE (3).xlsx,32,Semana 32 · 06/09 a 12/09,JOSE LEITE PINHEIRO PROFESSOR - 14527,Total de Não Ocorrências,1.0,numero
AVARE (3).xlsx,32,Semana 32 · 06/09 a 12/09,JOSE LEITE PINHEIRO PROFESSOR - 14527,Total de Ocorrências,6.0,numero
AVARE (3).xlsx,32,Semana 32 · 06/09 a 12/09,JOSE LEITE PINHEIRO PROFESSOR - 14527,Índice concluídas,0.833333333333333,numero
AVARE (3).xlsx,32,Semana 32 · 06/09 a 12/09,JOSE PENNA - 14540,(%) Preenchimento,1.0,percentual
AVARE (3).xlsx,32,Semana 32 · 06/09 a 12/09,JOSE PENNA - 14540,Total de Não Ocorrências,3.0,numero
AVARE (3).xlsx,32,Semana 32 · 06/09 a 12/09,JOSE PIRES DE CARVALHO DOUTOR - 924088,(%) Preenchimento,1.0,percentual
AVARE (3).xlsx,32,Semana 32 · 06/09 a 12/09,JOSE PIRES DE CARVALHO DOUTOR - 924088,Total de Não Ocorrências,3.0,numero
AVARE (3).xlsx,32,Semana 32 · 06/09 a 12/09,MARIA IZABEL CRUZ PIMENTEL DONA - 38908,(%) Amarelos,0.6,percentual
AVARE (3).xlsx,32,Semana 32 · 06/09 a 12/09,MARIA IZABEL CRUZ PIMENTEL DONA - 38908,(%) Preenchimento,1.0,percentual
AVARE (3).xlsx,32,Semana 32 · 06/09 a 12/09,MARIA IZABEL CRUZ PIMENTEL DONA - 38908,(%) Vermelhos,0.4,percentual
AVARE (3).xlsx,32,Semana 32 · 06/09 a 12/09,MARIA IZABEL CRUZ PIMENTEL DONA - 38908,Chamados Amarelos,3.0,numero
AVARE (3).xlsx,32,Semana 32 · 06/09 a 12/09,MARIA IZABEL CRUZ PIMENTEL DONA - 38908,Chamados Vermelhos,2.0,numero
AVARE (3).xlsx,32,Semana 32 · 06/09 a 12/09,MARIA IZABEL CRUZ PIMENTEL DONA - 38908,Ocorrências Concluídas,4.0,numero
AVARE (3).xlsx,32,Semana 32 · 06/09 a 12/09,MARIA IZABEL CRUZ PIMENTEL DONA - 38908,Total de Não Ocorrências,2.0,numero
AVARE (3).xlsx,32,Semana 32 · 06/09 a 12/09,MARIA IZABEL CRUZ PIMENTEL DONA - 38908,Total de Ocorrências,5.0,numero
AVARE (3).xlsx,32,Semana 32 · 06/09 a 12/09,MARIA IZABEL CRUZ PIMENTEL DONA - 38908,Índice concluídas,0.8,numero
AVARE (3).xlsx,32,Semana 32 · 06/09 a 12/09,MATILDE VIEIRA - 14679,(%) Atendido pelo Psicólogo,1.0,percentual
AVARE (3).xlsx,32,Semana 32 · 06/09 a 12/09,MATILDE VIEIRA - 14679,(%) Encaminhado ao Psicólogo,1.0,percentual
AVARE (3).xlsx,32,Semana 32 · 06/09 a 12/09,MATILDE VIEIRA - 14679,(%) Preenchimento,1.0,percentual
AVARE (3).xlsx,32,Semana 32 · 06/09 a 12/09,MATILDE VIEIRA - 14679,(%) Psicólogo Agendado,1.0,percentual
AVARE (3).xlsx,32,Semana 32 · 06/09 a 12/09,MATILDE VIEIRA - 14679,(%) Vermelhos,1.0,percentual
AVARE (3).xlsx,32,Semana 32 · 06/09 a 12/09,MATILDE VIEIRA - 14679,Atendido pelo Psicólogo,1.0,numero
AVARE (3).xlsx,32,Semana 32 · 06/09 a 12/09,MATILDE VIEIRA - 14679,Chamados Vermelhos,1.0,numero
AVARE (3).xlsx,32,Semana 32 · 06/09 a 12/09,MATILDE VIEIRA - 14679,Encaminhado ao Psicólogo,1.0,numero
AVARE (3).xlsx,32,Semana 32 · 06/09 a 12/09,MATILDE VIEIRA - 14679,Ocorrências Concluídas,1.0,numero
AVARE (3).xlsx,32,Semana 32 · 06/09 a 12/09,MATILDE VIEIRA - 14679,Psicólogo Agendado,1.0,numero
AVARE (3).xlsx,32,Semana 32 · 06/09 a 12/09,MATILDE VIEIRA - 14679,Total de Não Ocorrências,2.0,numero
AVARE (3).xlsx,32,Semana 32 · 06/09 a 12/09,MATILDE VIEIRA - 14679,Total de Ocorrências,1.0,numero
AVARE (3).xlsx,32,Semana 32 · 06/09 a 12/09,MATILDE VIEIRA - 14679,Índice concluídas,1.0,numero
AVARE (3).xlsx,32,Semana 32 · 06/09 a 12/09,PAULO ARAUJO NOVAES DOUTOR - 14461,(%) Amarelos,0.4,percentual
AVARE (3).xlsx,32,Semana 32 · 06/09 a 12/09,PAULO ARAUJO NOVAES DOUTOR - 14461,(%) Encaminhado ao Psicólogo,0.4,percentual
AVARE (3).xlsx,32,Semana 32 · 06/09 a 12/09,PAULO ARAUJO NOVAES DOUTOR - 14461,(%) Preenchimento,0.666666666666667,percentual
AVARE (3).xlsx,32,Semana 32 · 06/09 a 12/09,PAULO ARAUJO NOVAES DOUTOR - 14461,(%) Psicólogo Agendado,1.0,percentual
AVARE (3).xlsx,32,Semana 32 · 06/09 a 12/09,PAULO ARAUJO NOVAES DOUTOR - 14461,(%) Vermelhos,0.6,percentual
AVARE (3).xlsx,32,Semana 32 · 06/09 a 12/09,PAULO ARAUJO NOVAES DOUTOR - 14461,Chamados Amarelos,2.0,numero
AVARE (3).xlsx,32,Semana 32 · 06/09 a 12/09,PAULO ARAUJO NOVAES DOUTOR - 14461,Chamados Vermelhos,3.0,numero
AVARE (3).xlsx,32,Semana 32 · 06/09 a 12/09,PAULO ARAUJO NOVAES DOUTOR - 14461,Encaminhado ao Psicólogo,2.0,numero
AVARE (3).xlsx,32,Semana 32 · 06/09 a 12/09,PAULO ARAUJO NOVAES DOUTOR - 14461,Psicólogo Agendado,2.0,numero
AVARE (3).xlsx,32,Semana 32 · 06/09 a 12/09,PAULO ARAUJO NOVAES DOUTOR - 14461,Total de Ocorrências,5.0,numero
AVARE (3).xlsx,32,Semana 32 · 06/09 a 12/09,PAULO DELICIO - 14515,(%) Amarelos,1.0,percentual
AVARE (3).xlsx,32,Semana 32 · 06/09 a 12/09,PAULO DELICIO - 14515,(%) Preenchimento,1.0,percentual
AVARE (3).xlsx,32,Semana 32 · 06/09 a 12/09,PAULO DELICIO - 14515,Chamados Amarelos,1.0,numero
AVARE (3).xlsx,32,Semana 32 · 06/09 a 12/09,PAULO DELICIO - 14515,Ocorrências Concluídas,1.0,numero
AVARE (3).xlsx,32,Semana 32 · 06/09 a 12/09,PAULO DELICIO - 14515,Total de Não Ocorrências,2.0,numero
AVARE (3).xlsx,32,Semana 32 · 06/09 a 12/09,PAULO DELICIO - 14515,Total de Ocorrências,1.0,numero
AVARE (3).xlsx,32,Semana 32 · 06/09 a 12/09,PAULO DELICIO - 14515,Índice concluídas,1.0,numero
AVARE (3).xlsx,32,Semana 32 · 06/09 a 12/09,PEDRO BENTO ALVES - 14503,(%) Preenchimento,1.0,percentual
AVARE (3).xlsx,32,Semana 32 · 06/09 a 12/09,PEDRO BENTO ALVES - 14503,Total de Não Ocorrências,2.0,numero
AVARE (3).xlsx,32,Semana 32 · 06/09 a 12/09,PROFESSORA MARIANA APARECIDA TODESCATO - 191516,(%) Preenchimento,1.0,percentual
AVARE (3).xlsx,32,Semana 32 · 06/09 a 12/09,PROFESSORA MARIANA APARECIDA TODESCATO - 191516,Total de Não Ocorrências,3.0,numero
AVARE (3).xlsx,32,Semana 32 · 06/09 a 12/09,SANDRA APARECIDA DE ARAUJO PROFESSORA - 924337,(%) Amarelos,0.333333333333333,percentual
AVARE (3).xlsx,32,Semana 32 · 06/09 a 12/09,SANDRA APARECIDA DE ARAUJO PROFESSORA - 924337,(%) Preenchimento,1.0,percentual
AVARE (3).xlsx,32,Semana 32 · 06/09 a 12/09,SANDRA APARECIDA DE ARAUJO PROFESSORA - 924337,(%) Vermelhos,0.666666666666667,percentual
AVARE (3).xlsx,32,Semana 32 · 06/09 a 12/09,SANDRA APARECIDA DE ARAUJO PROFESSORA - 924337,Chamados Amarelos,1.0,numero
AVARE (3).xlsx,32,Semana 32 · 06/09 a 12/09,SANDRA APARECIDA DE ARAUJO PROFESSORA - 924337,Chamados Vermelhos,2.0,numero
AVARE (3).xlsx,32,Semana 32 · 06/09 a 12/09,SANDRA APARECIDA DE ARAUJO PROFESSORA - 924337,Ocorrências Concluídas,3.0,numero
AVARE (3).xlsx,32,Semana 32 · 06/09 a 12/09,SANDRA APARECIDA DE ARAUJO PROFESSORA - 924337,Total de Não Ocorrências,2.0,numero
AVARE (3).xlsx,32,Semana 32 · 06/09 a 12/09,SANDRA APARECIDA DE ARAUJO PROFESSORA - 924337,Total de Ocorrências,3.0,numero
AVARE (3).xlsx,32,Semana 32 · 06/09 a 12/09,SANDRA APARECIDA DE ARAUJO PROFESSORA - 924337,Índice concluídas,1.0,numero
AVARE (2).xlsx,33,Semana 33 · 13/09 a 19/09,ABILIO RAPOSO FERRAZ JUNIOR - 903188,(%) Amarelos,1.0,percentual
AVARE (2).xlsx,33,Semana 33 · 13/09 a 19/09,ABILIO RAPOSO FERRAZ JUNIOR - 903188,(%) Preenchimento,1.0,percentual
AVARE (2).xlsx,33,Semana 33 · 13/09 a 19/09,ABILIO RAPOSO FERRAZ JUNIOR - 903188,Chamados Amarelos,1.0,numero
AVARE (2).xlsx,33,Semana 33 · 13/09 a 19/09,ABILIO RAPOSO FERRAZ JUNIOR - 903188,Ocorrências Concluídas,1.0,numero
AVARE (2).xlsx,33,Semana 33 · 13/09 a 19/09,ABILIO RAPOSO FERRAZ JUNIOR - 903188,Total de Não Ocorrências,4.0,numero
AVARE (2).xlsx,33,Semana 33 · 13/09 a 19/09,ABILIO RAPOSO FERRAZ JUNIOR - 903188,Total de Ocorrências,1.0,numero
AVARE (2).xlsx,33,Semana 33 · 13/09 a 19/09,ABILIO RAPOSO FERRAZ JUNIOR - 903188,Índice concluídas,1.0,numero
AVARE (2).xlsx,33,Semana 33 · 13/09 a 19/09,ASSENTAMENTO ZUMBI DOS PALMARES - 566032,(%) Amarelos,1.0,percentual
AVARE (2).xlsx,33,Semana 33 · 13/09 a 19/09,ASSENTAMENTO ZUMBI DOS PALMARES - 566032,(%) Preenchimento,1.0,percentual
AVARE (2).xlsx,33,Semana 33 · 13/09 a 19/09,ASSENTAMENTO ZUMBI DOS PALMARES - 566032,Chamados Amarelos,1.0,numero
AVARE (2).xlsx,33,Semana 33 · 13/09 a 19/09,ASSENTAMENTO ZUMBI DOS PALMARES - 566032,Total de Não Ocorrências,5.0,numero
AVARE (2).xlsx,33,Semana 33 · 13/09 a 19/09,ASSENTAMENTO ZUMBI DOS PALMARES - 566032,Total de Ocorrências,1.0,numero
AVARE (2).xlsx,33,Semana 33 · 13/09 a 19/09,AVELINO APARECIDO RIBEIRO DOUTOR - 14552,(%) Amarelos,1.0,percentual
AVARE (2).xlsx,33,Semana 33 · 13/09 a 19/09,AVELINO APARECIDO RIBEIRO DOUTOR - 14552,(%) Preenchimento,1.0,percentual
AVARE (2).xlsx,33,Semana 33 · 13/09 a 19/09,AVELINO APARECIDO RIBEIRO DOUTOR - 14552,Chamados Amarelos,4.0,numero
AVARE (2).xlsx,33,Semana 33 · 13/09 a 19/09,AVELINO APARECIDO RIBEIRO DOUTOR - 14552,Total de Não Ocorrências,7.0,numero
AVARE (2).xlsx,33,Semana 33 · 13/09 a 19/09,AVELINO APARECIDO RIBEIRO DOUTOR - 14552,Total de Ocorrências,4.0,numero
AVARE (2).xlsx,33,Semana 33 · 13/09 a 19/09,BENE ANDRADE DONA - 14631,(%) Preenchimento,1.0,percentual
AVARE (2).xlsx,33,Semana 33 · 13/09 a 19/09,BENE ANDRADE DONA - 14631,Total de Não Ocorrências,4.0,numero
AVARE (2).xlsx,33,Semana 33 · 13/09 a 19/09,CELSO FERREIRA DA SILVA PROFESSOR - 918489,(%) Amarelos,1.0,percentual
AVARE (2).xlsx,33,Semana 33 · 13/09 a 19/09,CELSO FERREIRA DA SILVA PROFESSOR - 918489,(%) Preenchimento,1.0,percentual
AVARE (2).xlsx,33,Semana 33 · 13/09 a 19/09,CELSO FERREIRA DA SILVA PROFESSOR - 918489,Chamados Amarelos,2.0,numero
AVARE (2).xlsx,33,Semana 33 · 13/09 a 19/09,CELSO FERREIRA DA SILVA PROFESSOR - 918489,Ocorrências Concluídas,2.0,numero
AVARE (2).xlsx,33,Semana 33 · 13/09 a 19/09,CELSO FERREIRA DA SILVA PROFESSOR - 918489,Total de Não Ocorrências,2.0,numero
AVARE (2).xlsx,33,Semana 33 · 13/09 a 19/09,CELSO FERREIRA DA SILVA PROFESSOR - 918489,Total de Ocorrências,2.0,numero
AVARE (2).xlsx,33,Semana 33 · 13/09 a 19/09,CELSO FERREIRA DA SILVA PROFESSOR - 918489,Índice concluídas,1.0,numero
AVARE (2).xlsx,33,Semana 33 · 13/09 a 19/09,COTA LEONEL DONA - 905185,(%) Preenchimento,1.0,percentual
AVARE (2).xlsx,33,Semana 33 · 13/09 a 19/09,COTA LEONEL DONA - 905185,Total de Não Ocorrências,4.0,numero
AVARE (2).xlsx,33,Semana 33 · 13/09 a 19/09,DIMAS MOZART E SILVA PROFESSOR - 900424,(%) Amarelos,1.0,percentual
AVARE (2).xlsx,33,Semana 33 · 13/09 a 19/09,DIMAS MOZART E SILVA PROFESSOR - 900424,(%) Preenchimento,1.0,percentual
AVARE (2).xlsx,33,Semana 33 · 13/09 a 19/09,DIMAS MOZART E SILVA PROFESSOR - 900424,Chamados Amarelos,1.0,numero
AVARE (2).xlsx,33,Semana 33 · 13/09 a 19/09,DIMAS MOZART E SILVA PROFESSOR - 900424,Ocorrências Concluídas,1.0,numero
AVARE (2).xlsx,33,Semana 33 · 13/09 a 19/09,DIMAS MOZART E SILVA PROFESSOR - 900424,Total de Não Ocorrências,4.0,numero
AVARE (2).xlsx,33,Semana 33 · 13/09 a 19/09,DIMAS MOZART E SILVA PROFESSOR - 900424,Total de Ocorrências,1.0,numero
AVARE (2).xlsx,33,Semana 33 · 13/09 a 19/09,DIMAS MOZART E SILVA PROFESSOR - 900424,Índice concluídas,1.0,numero
AVARE (2).xlsx,33,Semana 33 · 13/09 a 19/09,EMILIO IMMOOS PADRE - 45226,(%) Amarelos,1.0,percentual
AVARE (2).xlsx,33,Semana 33 · 13/09 a 19/09,EMILIO IMMOOS PADRE - 45226,(%) Preenchimento,0.25,percentual
AVARE (2).xlsx,33,Semana 33 · 13/09 a 19/09,EMILIO IMMOOS PADRE - 45226,Chamados Amarelos,1.0,numero
AVARE (2).xlsx,33,Semana 33 · 13/09 a 19/09,EMILIO IMMOOS PADRE - 45226,Ocorrências Concluídas,1.0,numero
AVARE (2).xlsx,33,Semana 33 · 13/09 a 19/09,EMILIO IMMOOS PADRE - 45226,Total de Não Ocorrências,1.0,numero
AVARE (2).xlsx,33,Semana 33 · 13/09 a 19/09,EMILIO IMMOOS PADRE - 45226,Total de Ocorrências,1.0,numero
AVARE (2).xlsx,33,Semana 33 · 13/09 a 19/09,EMILIO IMMOOS PADRE - 45226,Índice concluídas,1.0,numero
AVARE (2).xlsx,33,Semana 33 · 13/09 a 19/09,ERUCE PAULUCCI PROFESSOR - 914484,(%) Amarelos,1.0,percentual
AVARE (2).xlsx,33,Semana 33 · 13/09 a 19/09,ERUCE PAULUCCI PROFESSOR - 914484,(%) Preenchimento,1.0,percentual
AVARE (2).xlsx,33,Semana 33 · 13/09 a 19/09,ERUCE PAULUCCI PROFESSOR - 914484,Chamados Amarelos,1.0,numero
AVARE (2).xlsx,33,Semana 33 · 13/09 a 19/09,ERUCE PAULUCCI PROFESSOR - 914484,Ocorrências Concluídas,1.0,numero
AVARE (2).xlsx,33,Semana 33 · 13/09 a 19/09,ERUCE PAULUCCI PROFESSOR - 914484,Total de Não Ocorrências,3.0,numero
AVARE (2).xlsx,33,Semana 33 · 13/09 a 19/09,ERUCE PAULUCCI PROFESSOR - 914484,Total de Ocorrências,1.0,numero
AVARE (2).xlsx,33,Semana 33 · 13/09 a 19/09,ERUCE PAULUCCI PROFESSOR - 914484,Índice concluídas,1.0,numero
AVARE (2).xlsx,33,Semana 33 · 13/09 a 19/09,GUIDO DIAS DE ALMEIDA PROFESSOR - 910119,(%) Amarelos,0.5,percentual
AVARE (2).xlsx,33,Semana 33 · 13/09 a 19/09,GUIDO DIAS DE ALMEIDA PROFESSOR - 910119,(%) Preenchimento,1.0,percentual
AVARE (2).xlsx,33,Semana 33 · 13/09 a 19/09,GUIDO DIAS DE ALMEIDA PROFESSOR - 910119,(%) Vermelhos,0.5,percentual
AVARE (2).xlsx,33,Semana 33 · 13/09 a 19/09,GUIDO DIAS DE ALMEIDA PROFESSOR - 910119,Chamados Amarelos,1.0,numero
AVARE (2).xlsx,33,Semana 33 · 13/09 a 19/09,GUIDO DIAS DE ALMEIDA PROFESSOR - 910119,Chamados Vermelhos,1.0,numero
AVARE (2).xlsx,33,Semana 33 · 13/09 a 19/09,GUIDO DIAS DE ALMEIDA PROFESSOR - 910119,Ocorrências Concluídas,2.0,numero
AVARE (2).xlsx,33,Semana 33 · 13/09 a 19/09,GUIDO DIAS DE ALMEIDA PROFESSOR - 910119,Total de Não Ocorrências,3.0,numero
AVARE (2).xlsx,33,Semana 33 · 13/09 a 19/09,GUIDO DIAS DE ALMEIDA PROFESSOR - 910119,Total de Ocorrências,2.0,numero
AVARE (2).xlsx,33,Semana 33 · 13/09 a 19/09,GUIDO DIAS DE ALMEIDA PROFESSOR - 910119,Índice concluídas,1.0,numero
AVARE (2).xlsx,33,Semana 33 · 13/09 a 19/09,JOAO CRUZ CORONEL - 14497,(%) Amarelos,1.0,percentual
AVARE (2).xlsx,33,Semana 33 · 13/09 a 19/09,JOAO CRUZ CORONEL - 14497,(%) Preenchimento,1.0,percentual
AVARE (2).xlsx,33,Semana 33 · 13/09 a 19/09,JOAO CRUZ CORONEL - 14497,Chamados Amarelos,2.0,numero
AVARE (2).xlsx,33,Semana 33 · 13/09 a 19/09,JOAO CRUZ CORONEL - 14497,Ocorrências Concluídas,2.0,numero
AVARE (2).xlsx,33,Semana 33 · 13/09 a 19/09,JOAO CRUZ CORONEL - 14497,Total de Não Ocorrências,4.0,numero
AVARE (2).xlsx,33,Semana 33 · 13/09 a 19/09,JOAO CRUZ CORONEL - 14497,Total de Ocorrências,2.0,numero
AVARE (2).xlsx,33,Semana 33 · 13/09 a 19/09,JOAO CRUZ CORONEL - 14497,Índice concluídas,1.0,numero
AVARE (2).xlsx,33,Semana 33 · 13/09 a 19/09,JOAO MICHELIN - 14485,(%) Preenchimento,1.0,percentual
AVARE (2).xlsx,33,Semana 33 · 13/09 a 19/09,JOAO MICHELIN - 14485,Total de Não Ocorrências,3.0,numero
AVARE (2).xlsx,33,Semana 33 · 13/09 a 19/09,JOAO TEIXEIRA DE ARAUJO PROFESSOR - 14588,(%) Amarelos,1.0,percentual
AVARE (2).xlsx,33,Semana 33 · 13/09 a 19/09,JOAO TEIXEIRA DE ARAUJO PROFESSOR - 14588,(%) Atendido pelo Psicólogo,1.0,percentual
AVARE (2).xlsx,33,Semana 33 · 13/09 a 19/09,JOAO TEIXEIRA DE ARAUJO PROFESSOR - 14588,(%) Encaminhado ao Psicólogo,0.2,percentual
AVARE (2).xlsx,33,Semana 33 · 13/09 a 19/09,JOAO TEIXEIRA DE ARAUJO PROFESSOR - 14588,(%) Preenchimento,1.0,percentual
AVARE (2).xlsx,33,Semana 33 · 13/09 a 19/09,JOAO TEIXEIRA DE ARAUJO PROFESSOR - 14588,(%) Psicólogo Agendado,1.0,percentual
AVARE (2).xlsx,33,Semana 33 · 13/09 a 19/09,JOAO TEIXEIRA DE ARAUJO PROFESSOR - 14588,Atendido pelo Psicólogo,1.0,numero
AVARE (2).xlsx,33,Semana 33 · 13/09 a 19/09,JOAO TEIXEIRA DE ARAUJO PROFESSOR - 14588,Chamados Amarelos,5.0,numero
AVARE (2).xlsx,33,Semana 33 · 13/09 a 19/09,JOAO TEIXEIRA DE ARAUJO PROFESSOR - 14588,Encaminhado ao Psicólogo,1.0,numero
AVARE (2).xlsx,33,Semana 33 · 13/09 a 19/09,JOAO TEIXEIRA DE ARAUJO PROFESSOR - 14588,Ocorrências Concluídas,5.0,numero
AVARE (2).xlsx,33,Semana 33 · 13/09 a 19/09,JOAO TEIXEIRA DE ARAUJO PROFESSOR - 14588,Psicólogo Agendado,1.0,numero
AVARE (2).xlsx,33,Semana 33 · 13/09 a 19/09,JOAO TEIXEIRA DE ARAUJO PROFESSOR - 14588,Total de Não Ocorrências,1.0,numero
AVARE (2).xlsx,33,Semana 33 · 13/09 a 19/09,JOAO TEIXEIRA DE ARAUJO PROFESSOR - 14588,Total de Ocorrências,5.0,numero
AVARE (2).xlsx,33,Semana 33 · 13/09 a 19/09,JOAO TEIXEIRA DE ARAUJO PROFESSOR - 14588,Índice concluídas,1.0,numero
AVARE (2).xlsx,33,Semana 33 · 13/09 a 19/09,JOSE APARECIDO CASTELUCCI PROFESSOR - 49888,(%) Preenchimento,1.0,percentual
AVARE (2).xlsx,33,Semana 33 · 13/09 a 19/09,JOSE APARECIDO CASTELUCCI PROFESSOR - 49888,Total de Não Ocorrências,5.0,numero
AVARE (2).xlsx,33,Semana 33 · 13/09 a 19/09,JOSE LEITE PINHEIRO PROFESSOR - 14527,(%) Amarelos,0.5,percentual
AVARE (2).xlsx,33,Semana 33 · 13/09 a 19/09,JOSE LEITE PINHEIRO PROFESSOR - 14527,(%) Preenchimento,0.8,percentual
AVARE (2).xlsx,33,Semana 33 · 13/09 a 19/09,JOSE LEITE PINHEIRO PROFESSOR - 14527,(%) Vermelhos,0.5,percentual
AVARE (2).xlsx,33,Semana 33 · 13/09 a 19/09,JOSE LEITE PINHEIRO PROFESSOR - 14527,Chamados Amarelos,5.0,numero
AVARE (2).xlsx,33,Semana 33 · 13/09 a 19/09,JOSE LEITE PINHEIRO PROFESSOR - 14527,Chamados Vermelhos,5.0,numero
AVARE (2).xlsx,33,Semana 33 · 13/09 a 19/09,JOSE LEITE PINHEIRO PROFESSOR - 14527,Ocorrências Concluídas,9.0,numero
AVARE (2).xlsx,33,Semana 33 · 13/09 a 19/09,JOSE LEITE PINHEIRO PROFESSOR - 14527,Total de Ocorrências,10.0,numero
AVARE (2).xlsx,33,Semana 33 · 13/09 a 19/09,JOSE LEITE PINHEIRO PROFESSOR - 14527,Índice concluídas,0.9,numero
AVARE (2).xlsx,33,Semana 33 · 13/09 a 19/09,JOSE PENNA - 14540,(%) Preenchimento,1.0,percentual
AVARE (2).xlsx,33,Semana 33 · 13/09 a 19/09,JOSE PENNA - 14540,Total de Não Ocorrências,4.0,numero
AVARE (2).xlsx,33,Semana 33 · 13/09 a 19/09,JOSE PIRES DE CARVALHO DOUTOR - 924088,(%) Amarelos,1.0,percentual
AVARE (2).xlsx,33,Semana 33 · 13/09 a 19/09,JOSE PIRES DE CARVALHO DOUTOR - 924088,(%) Preenchimento,1.0,percentual
AVARE (2).xlsx,33,Semana 33 · 13/09 a 19/09,JOSE PIRES DE CARVALHO DOUTOR - 924088,Chamados Amarelos,3.0,numero
AVARE (2).xlsx,33,Semana 33 · 13/09 a 19/09,JOSE PIRES DE CARVALHO DOUTOR - 924088,Ocorrências Concluídas,3.0,numero
AVARE (2).xlsx,33,Semana 33 · 13/09 a 19/09,JOSE PIRES DE CARVALHO DOUTOR - 924088,Total de Não Ocorrências,1.0,numero
AVARE (2).xlsx,33,Semana 33 · 13/09 a 19/09,JOSE PIRES DE CARVALHO DOUTOR - 924088,Total de Ocorrências,3.0,numero
AVARE (2).xlsx,33,Semana 33 · 13/09 a 19/09,JOSE PIRES DE CARVALHO DOUTOR - 924088,Índice concluídas,1.0,numero
AVARE (2).xlsx,33,Semana 33 · 13/09 a 19/09,MARIA IZABEL CRUZ PIMENTEL DONA - 38908,(%) Amarelos,1.0,percentual
AVARE (2).xlsx,33,Semana 33 · 13/09 a 19/09,MARIA IZABEL CRUZ PIMENTEL DONA - 38908,(%) Preenchimento,1.0,percentual
AVARE (2).xlsx,33,Semana 33 · 13/09 a 19/09,MARIA IZABEL CRUZ PIMENTEL DONA - 38908,Chamados Amarelos,1.0,numero
AVARE (2).xlsx,33,Semana 33 · 13/09 a 19/09,MARIA IZABEL CRUZ PIMENTEL DONA - 38908,Total de Não Ocorrências,4.0,numero
AVARE (2).xlsx,33,Semana 33 · 13/09 a 19/09,MARIA IZABEL CRUZ PIMENTEL DONA - 38908,Total de Ocorrências,1.0,numero
AVARE (2).xlsx,33,Semana 33 · 13/09 a 19/09,MATILDE VIEIRA - 14679,(%) Amarelos,1.0,percentual
AVARE (2).xlsx,33,Semana 33 · 13/09 a 19/09,MATILDE VIEIRA - 14679,(%) Encaminhado ao Psicólogo,1.0,percentual
AVARE (2).xlsx,33,Semana 33 · 13/09 a 19/09,MATILDE VIEIRA - 14679,(%) Preenchimento,1.0,percentual
AVARE (2).xlsx,33,Semana 33 · 13/09 a 19/09,MATILDE VIEIRA - 14679,(%) Psicólogo Agendado,1.0,percentual
AVARE (2).xlsx,33,Semana 33 · 13/09 a 19/09,MATILDE VIEIRA - 14679,Chamados Amarelos,1.0,numero
AVARE (2).xlsx,33,Semana 33 · 13/09 a 19/09,MATILDE VIEIRA - 14679,Encaminhado ao Psicólogo,1.0,numero
AVARE (2).xlsx,33,Semana 33 · 13/09 a 19/09,MATILDE VIEIRA - 14679,Psicólogo Agendado,1.0,numero
AVARE (2).xlsx,33,Semana 33 · 13/09 a 19/09,MATILDE VIEIRA - 14679,Total de Não Ocorrências,3.0,numero
AVARE (2).xlsx,33,Semana 33 · 13/09 a 19/09,MATILDE VIEIRA - 14679,Total de Ocorrências,1.0,numero
AVARE (2).xlsx,33,Semana 33 · 13/09 a 19/09,PAULO ARAUJO NOVAES DOUTOR - 14461,(%) Amarelos,1.0,percentual
AVARE (2).xlsx,33,Semana 33 · 13/09 a 19/09,PAULO ARAUJO NOVAES DOUTOR - 14461,(%) Preenchimento,0.25,percentual
AVARE (2).xlsx,33,Semana 33 · 13/09 a 19/09,PAULO ARAUJO NOVAES DOUTOR - 14461,Chamados Amarelos,1.0,numero
AVARE (2).xlsx,33,Semana 33 · 13/09 a 19/09,PAULO ARAUJO NOVAES DOUTOR - 14461,Total de Ocorrências,1.0,numero
AVARE (2).xlsx,33,Semana 33 · 13/09 a 19/09,PAULO DELICIO - 14515,(%) Preenchimento,1.0,percentual
AVARE (2).xlsx,33,Semana 33 · 13/09 a 19/09,PAULO DELICIO - 14515,(%) Vermelhos,1.0,percentual
AVARE (2).xlsx,33,Semana 33 · 13/09 a 19/09,PAULO DELICIO - 14515,Chamados Vermelhos,1.0,numero
AVARE (2).xlsx,33,Semana 33 · 13/09 a 19/09,PAULO DELICIO - 14515,Total de Não Ocorrências,4.0,numero
AVARE (2).xlsx,33,Semana 33 · 13/09 a 19/09,PAULO DELICIO - 14515,Total de Ocorrências,1.0,numero
AVARE (2).xlsx,33,Semana 33 · 13/09 a 19/09,PEDRO BENTO ALVES - 14503,(%) Amarelos,1.0,percentual
AVARE (2).xlsx,33,Semana 33 · 13/09 a 19/09,PEDRO BENTO ALVES - 14503,(%) Preenchimento,1.0,percentual
AVARE (2).xlsx,33,Semana 33 · 13/09 a 19/09,PEDRO BENTO ALVES - 14503,Chamados Amarelos,1.0,numero
AVARE (2).xlsx,33,Semana 33 · 13/09 a 19/09,PEDRO BENTO ALVES - 14503,Ocorrências Concluídas,1.0,numero
AVARE (2).xlsx,33,Semana 33 · 13/09 a 19/09,PEDRO BENTO ALVES - 14503,Total de Não Ocorrências,1.0,numero
AVARE (2).xlsx,33,Semana 33 · 13/09 a 19/09,PEDRO BENTO ALVES - 14503,Total de Ocorrências,1.0,numero
AVARE (2).xlsx,33,Semana 33 · 13/09 a 19/09,PEDRO BENTO ALVES - 14503,Índice concluídas,1.0,numero
AVARE (2).xlsx,33,Semana 33 · 13/09 a 19/09,PROFESSORA MARIANA APARECIDA TODESCATO - 191516,(%) Amarelos,1.0,percentual
AVARE (2).xlsx,33,Semana 33 · 13/09 a 19/09,PROFESSORA MARIANA APARECIDA TODESCATO - 191516,(%) Preenchimento,1.0,percentual
AVARE (2).xlsx,33,Semana 33 · 13/09 a 19/09,PROFESSORA MARIANA APARECIDA TODESCATO - 191516,Chamados Amarelos,2.0,numero
AVARE (2).xlsx,33,Semana 33 · 13/09 a 19/09,PROFESSORA MARIANA APARECIDA TODESCATO - 191516,Ocorrências Concluídas,1.0,numero
AVARE (2).xlsx,33,Semana 33 · 13/09 a 19/09,PROFESSORA MARIANA APARECIDA TODESCATO - 191516,Total de Não Ocorrências,4.0,numero
AVARE (2).xlsx,33,Semana 33 · 13/09 a 19/09,PROFESSORA MARIANA APARECIDA TODESCATO - 191516,Total de Ocorrências,2.0,numero
AVARE (2).xlsx,33,Semana 33 · 13/09 a 19/09,PROFESSORA MARIANA APARECIDA TODESCATO - 191516,Índice concluídas,0.5,numero
AVARE (2).xlsx,33,Semana 33 · 13/09 a 19/09,SANDRA APARECIDA DE ARAUJO PROFESSORA - 924337,(%) Preenchimento,1.0,percentual
AVARE (2).xlsx,33,Semana 33 · 13/09 a 19/09,SANDRA APARECIDA DE ARAUJO PROFESSORA - 924337,Total de Não Ocorrências,5.0,numero
AVARE (1).xlsx,34,Semana 34 · 20/09 a 26/09,ABILIO RAPOSO FERRAZ JUNIOR - 903188,(%) Preenchimento,1.0,percentual
AVARE (1).xlsx,34,Semana 34 · 20/09 a 26/09,ABILIO RAPOSO FERRAZ JUNIOR - 903188,(%) Vermelhos,1.0,percentual
AVARE (1).xlsx,34,Semana 34 · 20/09 a 26/09,ABILIO RAPOSO FERRAZ JUNIOR - 903188,Chamados Vermelhos,1.0,numero
AVARE (1).xlsx,34,Semana 34 · 20/09 a 26/09,ABILIO RAPOSO FERRAZ JUNIOR - 903188,Ocorrências Concluídas,1.0,numero
AVARE (1).xlsx,34,Semana 34 · 20/09 a 26/09,ABILIO RAPOSO FERRAZ JUNIOR - 903188,Total de Não Ocorrências,4.0,numero
AVARE (1).xlsx,34,Semana 34 · 20/09 a 26/09,ABILIO RAPOSO FERRAZ JUNIOR - 903188,Total de Ocorrências,1.0,numero
AVARE (1).xlsx,34,Semana 34 · 20/09 a 26/09,ABILIO RAPOSO FERRAZ JUNIOR - 903188,Índice concluídas,1.0,numero
AVARE (1).xlsx,34,Semana 34 · 20/09 a 26/09,ASSENTAMENTO ZUMBI DOS PALMARES - 566032,(%) Preenchimento,1.0,percentual
AVARE (1).xlsx,34,Semana 34 · 20/09 a 26/09,ASSENTAMENTO ZUMBI DOS PALMARES - 566032,Total de Não Ocorrências,5.0,numero
AVARE (1).xlsx,34,Semana 34 · 20/09 a 26/09,AVELINO APARECIDO RIBEIRO DOUTOR - 14552,(%) Amarelos,1.0,percentual
AVARE (1).xlsx,34,Semana 34 · 20/09 a 26/09,AVELINO APARECIDO RIBEIRO DOUTOR - 14552,(%) Preenchimento,1.0,percentual
AVARE (1).xlsx,34,Semana 34 · 20/09 a 26/09,AVELINO APARECIDO RIBEIRO DOUTOR - 14552,Chamados Amarelos,3.0,numero
AVARE (1).xlsx,34,Semana 34 · 20/09 a 26/09,AVELINO APARECIDO RIBEIRO DOUTOR - 14552,Total de Não Ocorrências,10.0,numero
AVARE (1).xlsx,34,Semana 34 · 20/09 a 26/09,AVELINO APARECIDO RIBEIRO DOUTOR - 14552,Total de Ocorrências,3.0,numero
AVARE (1).xlsx,34,Semana 34 · 20/09 a 26/09,BENE ANDRADE DONA - 14631,(%) Amarelos,1.0,percentual
AVARE (1).xlsx,34,Semana 34 · 20/09 a 26/09,BENE ANDRADE DONA - 14631,(%) Preenchimento,1.0,percentual
AVARE (1).xlsx,34,Semana 34 · 20/09 a 26/09,BENE ANDRADE DONA - 14631,Chamados Amarelos,2.0,numero
AVARE (1).xlsx,34,Semana 34 · 20/09 a 26/09,BENE ANDRADE DONA - 14631,Ocorrências Concluídas,2.0,numero
AVARE (1).xlsx,34,Semana 34 · 20/09 a 26/09,BENE ANDRADE DONA - 14631,Total de Não Ocorrências,3.0,numero
AVARE (1).xlsx,34,Semana 34 · 20/09 a 26/09,BENE ANDRADE DONA - 14631,Total de Ocorrências,2.0,numero
AVARE (1).xlsx,34,Semana 34 · 20/09 a 26/09,BENE ANDRADE DONA - 14631,Índice concluídas,1.0,numero
AVARE (1).xlsx,34,Semana 34 · 20/09 a 26/09,CELSO FERREIRA DA SILVA PROFESSOR - 918489,(%) Amarelos,0.714285714285714,percentual
AVARE (1).xlsx,34,Semana 34 · 20/09 a 26/09,CELSO FERREIRA DA SILVA PROFESSOR - 918489,(%) Preenchimento,1.0,percentual
AVARE (1).xlsx,34,Semana 34 · 20/09 a 26/09,CELSO FERREIRA DA SILVA PROFESSOR - 918489,(%) Vermelhos,0.285714285714286,percentual
AVARE (1).xlsx,34,Semana 34 · 20/09 a 26/09,CELSO FERREIRA DA SILVA PROFESSOR - 918489,Chamados Amarelos,5.0,numero
AVARE (1).xlsx,34,Semana 34 · 20/09 a 26/09,CELSO FERREIRA DA SILVA PROFESSOR - 918489,Chamados Vermelhos,2.0,numero
AVARE (1).xlsx,34,Semana 34 · 20/09 a 26/09,CELSO FERREIRA DA SILVA PROFESSOR - 918489,Ocorrências Concluídas,2.0,numero
AVARE (1).xlsx,34,Semana 34 · 20/09 a 26/09,CELSO FERREIRA DA SILVA PROFESSOR - 918489,Total de Não Ocorrências,3.0,numero
AVARE (1).xlsx,34,Semana 34 · 20/09 a 26/09,CELSO FERREIRA DA SILVA PROFESSOR - 918489,Total de Ocorrências,7.0,numero
AVARE (1).xlsx,34,Semana 34 · 20/09 a 26/09,CELSO FERREIRA DA SILVA PROFESSOR - 918489,Índice concluídas,0.285714285714286,numero
AVARE (1).xlsx,34,Semana 34 · 20/09 a 26/09,COTA LEONEL DONA - 905185,(%) Amarelos,1.0,percentual
AVARE (1).xlsx,34,Semana 34 · 20/09 a 26/09,COTA LEONEL DONA - 905185,(%) Preenchimento,1.0,percentual
AVARE (1).xlsx,34,Semana 34 · 20/09 a 26/09,COTA LEONEL DONA - 905185,Chamados Amarelos,3.0,numero
AVARE (1).xlsx,34,Semana 34 · 20/09 a 26/09,COTA LEONEL DONA - 905185,Ocorrências Concluídas,3.0,numero
AVARE (1).xlsx,34,Semana 34 · 20/09 a 26/09,COTA LEONEL DONA - 905185,Total de Não Ocorrências,2.0,numero
AVARE (1).xlsx,34,Semana 34 · 20/09 a 26/09,COTA LEONEL DONA - 905185,Total de Ocorrências,3.0,numero
AVARE (1).xlsx,34,Semana 34 · 20/09 a 26/09,COTA LEONEL DONA - 905185,Índice concluídas,1.0,numero
AVARE (1).xlsx,34,Semana 34 · 20/09 a 26/09,DIMAS MOZART E SILVA PROFESSOR - 900424,(%) Preenchimento,1.0,percentual
AVARE (1).xlsx,34,Semana 34 · 20/09 a 26/09,DIMAS MOZART E SILVA PROFESSOR - 900424,Total de Não Ocorrências,5.0,numero
AVARE (1).xlsx,34,Semana 34 · 20/09 a 26/09,EMILIO IMMOOS PADRE - 45226,(%) Preenchimento,0.6,percentual
AVARE (1).xlsx,34,Semana 34 · 20/09 a 26/09,EMILIO IMMOOS PADRE - 45226,Total de Não Ocorrências,3.0,numero
AVARE (1).xlsx,34,Semana 34 · 20/09 a 26/09,ERUCE PAULUCCI PROFESSOR - 914484,(%) Preenchimento,0.8,percentual
AVARE (1).xlsx,34,Semana 34 · 20/09 a 26/09,ERUCE PAULUCCI PROFESSOR - 914484,Total de Não Ocorrências,4.0,numero
AVARE (1).xlsx,34,Semana 34 · 20/09 a 26/09,GUIDO DIAS DE ALMEIDA PROFESSOR - 910119,(%) Amarelos,1.0,percentual
AVARE (1).xlsx,34,Semana 34 · 20/09 a 26/09,GUIDO DIAS DE ALMEIDA PROFESSOR - 910119,(%) Preenchimento,1.0,percentual
AVARE (1).xlsx,34,Semana 34 · 20/09 a 26/09,GUIDO DIAS DE ALMEIDA PROFESSOR - 910119,Chamados Amarelos,2.0,numero
AVARE (1).xlsx,34,Semana 34 · 20/09 a 26/09,GUIDO DIAS DE ALMEIDA PROFESSOR - 910119,Ocorrências Concluídas,2.0,numero
AVARE (1).xlsx,34,Semana 34 · 20/09 a 26/09,GUIDO DIAS DE ALMEIDA PROFESSOR - 910119,Total de Não Ocorrências,4.0,numero
AVARE (1).xlsx,34,Semana 34 · 20/09 a 26/09,GUIDO DIAS DE ALMEIDA PROFESSOR - 910119,Total de Ocorrências,2.0,numero
AVARE (1).xlsx,34,Semana 34 · 20/09 a 26/09,GUIDO DIAS DE ALMEIDA PROFESSOR - 910119,Índice concluídas,1.0,numero
AVARE (1).xlsx,34,Semana 34 · 20/09 a 26/09,JOAO CRUZ CORONEL - 14497,(%) Amarelos,1.0,percentual
AVARE (1).xlsx,34,Semana 34 · 20/09 a 26/09,JOAO CRUZ CORONEL - 14497,(%) Preenchimento,1.0,percentual
AVARE (1).xlsx,34,Semana 34 · 20/09 a 26/09,JOAO CRUZ CORONEL - 14497,Chamados Amarelos,2.0,numero
AVARE (1).xlsx,34,Semana 34 · 20/09 a 26/09,JOAO CRUZ CORONEL - 14497,Ocorrências Concluídas,2.0,numero
AVARE (1).xlsx,34,Semana 34 · 20/09 a 26/09,JOAO CRUZ CORONEL - 14497,Total de Não Ocorrências,5.0,numero
AVARE (1).xlsx,34,Semana 34 · 20/09 a 26/09,JOAO CRUZ CORONEL - 14497,Total de Ocorrências,2.0,numero
AVARE (1).xlsx,34,Semana 34 · 20/09 a 26/09,JOAO CRUZ CORONEL - 14497,Índice concluídas,1.0,numero
AVARE (1).xlsx,34,Semana 34 · 20/09 a 26/09,JOAO MICHELIN - 14485,(%) Amarelos,0.25,percentual
AVARE (1).xlsx,34,Semana 34 · 20/09 a 26/09,JOAO MICHELIN - 14485,(%) Encaminhado ao Psicólogo,0.5,percentual
AVARE (1).xlsx,34,Semana 34 · 20/09 a 26/09,JOAO MICHELIN - 14485,(%) Preenchimento,1.0,percentual
AVARE (1).xlsx,34,Semana 34 · 20/09 a 26/09,JOAO MICHELIN - 14485,(%) Psicólogo Agendado,0.5,percentual
AVARE (1).xlsx,34,Semana 34 · 20/09 a 26/09,JOAO MICHELIN - 14485,(%) Vermelhos,0.75,percentual
AVARE (1).xlsx,34,Semana 34 · 20/09 a 26/09,JOAO MICHELIN - 14485,Chamados Amarelos,1.0,numero
AVARE (1).xlsx,34,Semana 34 · 20/09 a 26/09,JOAO MICHELIN - 14485,Chamados Vermelhos,3.0,numero
AVARE (1).xlsx,34,Semana 34 · 20/09 a 26/09,JOAO MICHELIN - 14485,Encaminhado ao Psicólogo,2.0,numero
AVARE (1).xlsx,34,Semana 34 · 20/09 a 26/09,JOAO MICHELIN - 14485,Psicólogo Agendado,1.0,numero
AVARE (1).xlsx,34,Semana 34 · 20/09 a 26/09,JOAO MICHELIN - 14485,Total de Não Ocorrências,3.0,numero
AVARE (1).xlsx,34,Semana 34 · 20/09 a 26/09,JOAO MICHELIN - 14485,Total de Ocorrências,4.0,numero
AVARE (1).xlsx,34,Semana 34 · 20/09 a 26/09,JOAO TEIXEIRA DE ARAUJO PROFESSOR - 14588,(%) Amarelos,1.0,percentual
AVARE (1).xlsx,34,Semana 34 · 20/09 a 26/09,JOAO TEIXEIRA DE ARAUJO PROFESSOR - 14588,(%) Preenchimento,1.0,percentual
AVARE (1).xlsx,34,Semana 34 · 20/09 a 26/09,JOAO TEIXEIRA DE ARAUJO PROFESSOR - 14588,Chamados Amarelos,5.0,numero
AVARE (1).xlsx,34,Semana 34 · 20/09 a 26/09,JOAO TEIXEIRA DE ARAUJO PROFESSOR - 14588,Ocorrências Concluídas,4.0,numero
AVARE (1).xlsx,34,Semana 34 · 20/09 a 26/09,JOAO TEIXEIRA DE ARAUJO PROFESSOR - 14588,Total de Não Ocorrências,1.0,numero
AVARE (1).xlsx,34,Semana 34 · 20/09 a 26/09,JOAO TEIXEIRA DE ARAUJO PROFESSOR - 14588,Total de Ocorrências,5.0,numero
AVARE (1).xlsx,34,Semana 34 · 20/09 a 26/09,JOAO TEIXEIRA DE ARAUJO PROFESSOR - 14588,Índice concluídas,0.8,numero
AVARE (1).xlsx,34,Semana 34 · 20/09 a 26/09,JOSE APARECIDO CASTELUCCI PROFESSOR - 49888,(%) Preenchimento,0.8,percentual
AVARE (1).xlsx,34,Semana 34 · 20/09 a 26/09,JOSE APARECIDO CASTELUCCI PROFESSOR - 49888,Total de Não Ocorrências,4.0,numero
AVARE (1).xlsx,34,Semana 34 · 20/09 a 26/09,JOSE LEITE PINHEIRO PROFESSOR - 14527,(%) Amarelos,0.2,percentual
AVARE (1).xlsx,34,Semana 34 · 20/09 a 26/09,JOSE LEITE PINHEIRO PROFESSOR - 14527,(%) Encaminhado ao Psicólogo,0.2,percentual
AVARE (1).xlsx,34,Semana 34 · 20/09 a 26/09,JOSE LEITE PINHEIRO PROFESSOR - 14527,(%) Psicólogo Agendado,1.0,percentual
AVARE (1).xlsx,34,Semana 34 · 20/09 a 26/09,JOSE LEITE PINHEIRO PROFESSOR - 14527,(%) Vermelhos,0.8,percentual
AVARE (1).xlsx,34,Semana 34 · 20/09 a 26/09,JOSE LEITE PINHEIRO PROFESSOR - 14527,Chamados Amarelos,1.0,numero
AVARE (1).xlsx,34,Semana 34 · 20/09 a 26/09,JOSE LEITE PINHEIRO PROFESSOR - 14527,Chamados Vermelhos,4.0,numero
AVARE (1).xlsx,34,Semana 34 · 20/09 a 26/09,JOSE LEITE PINHEIRO PROFESSOR - 14527,Encaminhado ao Psicólogo,1.0,numero
AVARE (1).xlsx,34,Semana 34 · 20/09 a 26/09,JOSE LEITE PINHEIRO PROFESSOR - 14527,Ocorrências Concluídas,3.0,numero
AVARE (1).xlsx,34,Semana 34 · 20/09 a 26/09,JOSE LEITE PINHEIRO PROFESSOR - 14527,Psicólogo Agendado,1.0,numero
AVARE (1).xlsx,34,Semana 34 · 20/09 a 26/09,JOSE LEITE PINHEIRO PROFESSOR - 14527,Total de Ocorrências,5.0,numero
AVARE (1).xlsx,34,Semana 34 · 20/09 a 26/09,JOSE LEITE PINHEIRO PROFESSOR - 14527,Índice concluídas,0.6,numero
AVARE (1).xlsx,34,Semana 34 · 20/09 a 26/09,JOSE PENNA - 14540,(%) Amarelos,1.0,percentual
AVARE (1).xlsx,34,Semana 34 · 20/09 a 26/09,JOSE PENNA - 14540,(%) Preenchimento,0.8,percentual
AVARE (1).xlsx,34,Semana 34 · 20/09 a 26/09,JOSE PENNA - 14540,Chamados Amarelos,2.0,numero
AVARE (1).xlsx,34,Semana 34 · 20/09 a 26/09,JOSE PENNA - 14540,Total de Não Ocorrências,3.0,numero
AVARE (1).xlsx,34,Semana 34 · 20/09 a 26/09,JOSE PENNA - 14540,Total de Ocorrências,2.0,numero
AVARE (1).xlsx,34,Semana 34 · 20/09 a 26/09,JOSE PIRES DE CARVALHO DOUTOR - 924088,(%) Amarelos,0.666666666666667,percentual
AVARE (1).xlsx,34,Semana 34 · 20/09 a 26/09,JOSE PIRES DE CARVALHO DOUTOR - 924088,(%) Atendido pelo Psicólogo,1.0,percentual
AVARE (1).xlsx,34,Semana 34 · 20/09 a 26/09,JOSE PIRES DE CARVALHO DOUTOR - 924088,(%) Encaminhado ao Psicólogo,0.333333333333333,percentual
AVARE (1).xlsx,34,Semana 34 · 20/09 a 26/09,JOSE PIRES DE CARVALHO DOUTOR - 924088,(%) Preenchimento,0.833333333333333,percentual
AVARE (1).xlsx,34,Semana 34 · 20/09 a 26/09,JOSE PIRES DE CARVALHO DOUTOR - 924088,(%) Psicólogo Agendado,1.0,percentual
AVARE (1).xlsx,34,Semana 34 · 20/09 a 26/09,JOSE PIRES DE CARVALHO DOUTOR - 924088,(%) Vermelhos,0.333333333333333,percentual
AVARE (1).xlsx,34,Semana 34 · 20/09 a 26/09,JOSE PIRES DE CARVALHO DOUTOR - 924088,Atendido pelo Psicólogo,1.0,numero
AVARE (1).xlsx,34,Semana 34 · 20/09 a 26/09,JOSE PIRES DE CARVALHO DOUTOR - 924088,Chamados Amarelos,2.0,numero
AVARE (1).xlsx,34,Semana 34 · 20/09 a 26/09,JOSE PIRES DE CARVALHO DOUTOR - 924088,Chamados Vermelhos,1.0,numero
AVARE (1).xlsx,34,Semana 34 · 20/09 a 26/09,JOSE PIRES DE CARVALHO DOUTOR - 924088,Encaminhado ao Psicólogo,1.0,numero
AVARE (1).xlsx,34,Semana 34 · 20/09 a 26/09,JOSE PIRES DE CARVALHO DOUTOR - 924088,Ocorrências Concluídas,2.0,numero
AVARE (1).xlsx,34,Semana 34 · 20/09 a 26/09,JOSE PIRES DE CARVALHO DOUTOR - 924088,Psicólogo Agendado,1.0,numero
AVARE (1).xlsx,34,Semana 34 · 20/09 a 26/09,JOSE PIRES DE CARVALHO DOUTOR - 924088,Total de Não Ocorrências,3.0,numero
AVARE (1).xlsx,34,Semana 34 · 20/09 a 26/09,JOSE PIRES DE CARVALHO DOUTOR - 924088,Total de Ocorrências,3.0,numero
AVARE (1).xlsx,34,Semana 34 · 20/09 a 26/09,JOSE PIRES DE CARVALHO DOUTOR - 924088,Índice concluídas,0.666666666666667,numero
AVARE (1).xlsx,34,Semana 34 · 20/09 a 26/09,MARIA IZABEL CRUZ PIMENTEL DONA - 38908,(%) Amarelos,1.0,percentual
AVARE (1).xlsx,34,Semana 34 · 20/09 a 26/09,MARIA IZABEL CRUZ PIMENTEL DONA - 38908,(%) Preenchimento,1.0,percentual
AVARE (1).xlsx,34,Semana 34 · 20/09 a 26/09,MARIA IZABEL CRUZ PIMENTEL DONA - 38908,Chamados Amarelos,1.0,numero
AVARE (1).xlsx,34,Semana 34 · 20/09 a 26/09,MARIA IZABEL CRUZ PIMENTEL DONA - 38908,Total de Não Ocorrências,5.0,numero
AVARE (1).xlsx,34,Semana 34 · 20/09 a 26/09,MARIA IZABEL CRUZ PIMENTEL DONA - 38908,Total de Ocorrências,1.0,numero
AVARE (1).xlsx,34,Semana 34 · 20/09 a 26/09,MATILDE VIEIRA - 14679,(%) Amarelos,1.0,percentual
AVARE (1).xlsx,34,Semana 34 · 20/09 a 26/09,MATILDE VIEIRA - 14679,(%) Encaminhado à Rede Protetiva,0.5,percentual
AVARE (1).xlsx,34,Semana 34 · 20/09 a 26/09,MATILDE VIEIRA - 14679,(%) Encaminhado à Rede de Saúde,0.5,percentual
AVARE (1).xlsx,34,Semana 34 · 20/09 a 26/09,MATILDE VIEIRA - 14679,(%) Preenchimento,0.8,percentual
AVARE (1).xlsx,34,Semana 34 · 20/09 a 26/09,MATILDE VIEIRA - 14679,Chamados Amarelos,2.0,numero
AVARE (1).xlsx,34,Semana 34 · 20/09 a 26/09,MATILDE VIEIRA - 14679,Encaminhado à Rede Protetiva,1.0,numero
AVARE (1).xlsx,34,Semana 34 · 20/09 a 26/09,MATILDE VIEIRA - 14679,Encaminhado à Rede de Saúde,1.0,numero
AVARE (1).xlsx,34,Semana 34 · 20/09 a 26/09,MATILDE VIEIRA - 14679,Total de Não Ocorrências,2.0,numero
AVARE (1).xlsx,34,Semana 34 · 20/09 a 26/09,MATILDE VIEIRA - 14679,Total de Ocorrências,2.0,numero
AVARE (1).xlsx,34,Semana 34 · 20/09 a 26/09,PAULO ARAUJO NOVAES DOUTOR - 14461,(%) Amarelos,0.5,percentual
AVARE (1).xlsx,34,Semana 34 · 20/09 a 26/09,PAULO ARAUJO NOVAES DOUTOR - 14461,(%) Atendido pelo Psicólogo,1.0,percentual
AVARE (1).xlsx,34,Semana 34 · 20/09 a 26/09,PAULO ARAUJO NOVAES DOUTOR - 14461,(%) Encaminhado ao Psicólogo,0.25,percentual
AVARE (1).xlsx,34,Semana 34 · 20/09 a 26/09,PAULO ARAUJO NOVAES DOUTOR - 14461,(%) Preenchimento,0.428571428571429,percentual
AVARE (1).xlsx,34,Semana 34 · 20/09 a 26/09,PAULO ARAUJO NOVAES DOUTOR - 14461,(%) Psicólogo Agendado,1.0,percentual
AVARE (1).xlsx,34,Semana 34 · 20/09 a 26/09,PAULO ARAUJO NOVAES DOUTOR - 14461,(%) Vermelhos,0.5,percentual
AVARE (1).xlsx,34,Semana 34 · 20/09 a 26/09,PAULO ARAUJO NOVAES DOUTOR - 14461,Atendido pelo Psicólogo,1.0,numero
AVARE (1).xlsx,34,Semana 34 · 20/09 a 26/09,PAULO ARAUJO NOVAES DOUTOR - 14461,Chamados Amarelos,2.0,numero
AVARE (1).xlsx,34,Semana 34 · 20/09 a 26/09,PAULO ARAUJO NOVAES DOUTOR - 14461,Chamados Vermelhos,2.0,numero
AVARE (1).xlsx,34,Semana 34 · 20/09 a 26/09,PAULO ARAUJO NOVAES DOUTOR - 14461,Encaminhado ao Psicólogo,1.0,numero
AVARE (1).xlsx,34,Semana 34 · 20/09 a 26/09,PAULO ARAUJO NOVAES DOUTOR - 14461,Psicólogo Agendado,1.0,numero
AVARE (1).xlsx,34,Semana 34 · 20/09 a 26/09,PAULO ARAUJO NOVAES DOUTOR - 14461,Total de Ocorrências,4.0,numero
AVARE (1).xlsx,34,Semana 34 · 20/09 a 26/09,PAULO DELICIO - 14515,(%) Amarelos,0.5,percentual
AVARE (1).xlsx,34,Semana 34 · 20/09 a 26/09,PAULO DELICIO - 14515,(%) Preenchimento,0.2,percentual
AVARE (1).xlsx,34,Semana 34 · 20/09 a 26/09,PAULO DELICIO - 14515,(%) Vermelhos,0.5,percentual
AVARE (1).xlsx,34,Semana 34 · 20/09 a 26/09,PAULO DELICIO - 14515,Chamados Amarelos,1.0,numero
AVARE (1).xlsx,34,Semana 34 · 20/09 a 26/09,PAULO DELICIO - 14515,Chamados Vermelhos,1.0,numero
AVARE (1).xlsx,34,Semana 34 · 20/09 a 26/09,PAULO DELICIO - 14515,Total de Ocorrências,2.0,numero
AVARE (1).xlsx,34,Semana 34 · 20/09 a 26/09,PEDRO BENTO ALVES - 14503,(%) Amarelos,0.5,percentual
AVARE (1).xlsx,34,Semana 34 · 20/09 a 26/09,PEDRO BENTO ALVES - 14503,(%) Preenchimento,0.4,percentual
AVARE (1).xlsx,34,Semana 34 · 20/09 a 26/09,PEDRO BENTO ALVES - 14503,(%) Vermelhos,0.5,percentual
AVARE (1).xlsx,34,Semana 34 · 20/09 a 26/09,PEDRO BENTO ALVES - 14503,Chamados Amarelos,3.0,numero
AVARE (1).xlsx,34,Semana 34 · 20/09 a 26/09,PEDRO BENTO ALVES - 14503,Chamados Vermelhos,3.0,numero
AVARE (1).xlsx,34,Semana 34 · 20/09 a 26/09,PEDRO BENTO ALVES - 14503,Total de Ocorrências,6.0,numero
AVARE (1).xlsx,34,Semana 34 · 20/09 a 26/09,PROFESSORA MARIANA APARECIDA TODESCATO - 191516,(%) Preenchimento,1.0,percentual
AVARE (1).xlsx,34,Semana 34 · 20/09 a 26/09,PROFESSORA MARIANA APARECIDA TODESCATO - 191516,Total de Não Ocorrências,6.0,numero
AVARE (1).xlsx,34,Semana 34 · 20/09 a 26/09,SANDRA APARECIDA DE ARAUJO PROFESSORA - 924337,(%) Preenchimento,1.0,percentual
AVARE (1).xlsx,34,Semana 34 · 20/09 a 26/09,SANDRA APARECIDA DE ARAUJO PROFESSORA - 924337,Total de Não Ocorrências,5.0,numero
AVARE.xlsx,35,Semana 35 · 30/09 a 03/10,ABILIO RAPOSO FERRAZ JUNIOR - 903188,(%) Preenchimento,0.6,percentual
AVARE.xlsx,35,Semana 35 · 30/09 a 03/10,ABILIO RAPOSO FERRAZ JUNIOR - 903188,Total de Não Ocorrências,3.0,numero
AVARE.xlsx,35,Semana 35 · 30/09 a 03/10,ASSENTAMENTO ZUMBI DOS PALMARES - 566032,(%) Amarelos,1.0,percentual
AVARE.xlsx,35,Semana 35 · 30/09 a 03/10,ASSENTAMENTO ZUMBI DOS PALMARES - 566032,(%) Preenchimento,0.6,percentual
AVARE.xlsx,35,Semana 35 · 30/09 a 03/10,ASSENTAMENTO ZUMBI DOS PALMARES - 566032,Chamados Amarelos,1.0,numero
AVARE.xlsx,35,Semana 35 · 30/09 a 03/10,ASSENTAMENTO ZUMBI DOS PALMARES - 566032,Total de Não Ocorrências,2.0,numero
AVARE.xlsx,35,Semana 35 · 30/09 a 03/10,ASSENTAMENTO ZUMBI DOS PALMARES - 566032,Total de Ocorrências,1.0,numero
AVARE.xlsx,35,Semana 35 · 30/09 a 03/10,AVELINO APARECIDO RIBEIRO DOUTOR - 14552,(%) Preenchimento,0.4,percentual
AVARE.xlsx,35,Semana 35 · 30/09 a 03/10,AVELINO APARECIDO RIBEIRO DOUTOR - 14552,Total de Não Ocorrências,4.0,numero
AVARE.xlsx,35,Semana 35 · 30/09 a 03/10,BENE ANDRADE DONA - 14631,(%) Amarelos,0.5,percentual
AVARE.xlsx,35,Semana 35 · 30/09 a 03/10,BENE ANDRADE DONA - 14631,(%) Preenchimento,0.8,percentual
AVARE.xlsx,35,Semana 35 · 30/09 a 03/10,BENE ANDRADE DONA - 14631,(%) Vermelhos,0.5,percentual
AVARE.xlsx,35,Semana 35 · 30/09 a 03/10,BENE ANDRADE DONA - 14631,Chamados Amarelos,1.0,numero
AVARE.xlsx,35,Semana 35 · 30/09 a 03/10,BENE ANDRADE DONA - 14631,Chamados Vermelhos,1.0,numero
AVARE.xlsx,35,Semana 35 · 30/09 a 03/10,BENE ANDRADE DONA - 14631,Total de Não Ocorrências,2.0,numero
AVARE.xlsx,35,Semana 35 · 30/09 a 03/10,BENE ANDRADE DONA - 14631,Total de Ocorrências,2.0,numero
AVARE.xlsx,35,Semana 35 · 30/09 a 03/10,CELSO FERREIRA DA SILVA PROFESSOR - 918489,(%) Amarelos,0.857142857142857,percentual
AVARE.xlsx,35,Semana 35 · 30/09 a 03/10,CELSO FERREIRA DA SILVA PROFESSOR - 918489,(%) Preenchimento,0.8,percentual
AVARE.xlsx,35,Semana 35 · 30/09 a 03/10,CELSO FERREIRA DA SILVA PROFESSOR - 918489,(%) Vermelhos,0.142857142857143,percentual
AVARE.xlsx,35,Semana 35 · 30/09 a 03/10,CELSO FERREIRA DA SILVA PROFESSOR - 918489,Chamados Amarelos,6.0,numero
AVARE.xlsx,35,Semana 35 · 30/09 a 03/10,CELSO FERREIRA DA SILVA PROFESSOR - 918489,Chamados Vermelhos,1.0,numero
AVARE.xlsx,35,Semana 35 · 30/09 a 03/10,CELSO FERREIRA DA SILVA PROFESSOR - 918489,Ocorrências Concluídas,2.0,numero
AVARE.xlsx,35,Semana 35 · 30/09 a 03/10,CELSO FERREIRA DA SILVA PROFESSOR - 918489,Total de Ocorrências,7.0,numero
AVARE.xlsx,35,Semana 35 · 30/09 a 03/10,CELSO FERREIRA DA SILVA PROFESSOR - 918489,Índice concluídas,0.285714285714286,numero
AVARE.xlsx,35,Semana 35 · 30/09 a 03/10,COTA LEONEL DONA - 905185,(%) Amarelos,1.0,percentual
AVARE.xlsx,35,Semana 35 · 30/09 a 03/10,COTA LEONEL DONA - 905185,(%) Preenchimento,0.4,percentual
AVARE.xlsx,35,Semana 35 · 30/09 a 03/10,COTA LEONEL DONA - 905185,Chamados Amarelos,1.0,numero
AVARE.xlsx,35,Semana 35 · 30/09 a 03/10,COTA LEONEL DONA - 905185,Ocorrências Concluídas,1.0,numero
AVARE.xlsx,35,Semana 35 · 30/09 a 03/10,COTA LEONEL DONA - 905185,Total de Não Ocorrências,1.0,numero
AVARE.xlsx,35,Semana 35 · 30/09 a 03/10,COTA LEONEL DONA - 905185,Total de Ocorrências,1.0,numero
AVARE.xlsx,35,Semana 35 · 30/09 a 03/10,COTA LEONEL DONA - 905185,Índice concluídas,1.0,numero
AVARE.xlsx,35,Semana 35 · 30/09 a 03/10,DIMAS MOZART E SILVA PROFESSOR - 900424,(%) Preenchimento,0.8,percentual
AVARE.xlsx,35,Semana 35 · 30/09 a 03/10,DIMAS MOZART E SILVA PROFESSOR - 900424,Total de Não Ocorrências,4.0,numero
AVARE.xlsx,35,Semana 35 · 30/09 a 03/10,EMILIO IMMOOS PADRE - 45226,(%) Encaminhado ao Psicólogo,1.0,percentual
AVARE.xlsx,35,Semana 35 · 30/09 a 03/10,EMILIO IMMOOS PADRE - 45226,(%) Preenchimento,0.2,percentual
AVARE.xlsx,35,Semana 35 · 30/09 a 03/10,EMILIO IMMOOS PADRE - 45226,(%) Psicólogo Agendado,1.0,percentual
AVARE.xlsx,35,Semana 35 · 30/09 a 03/10,EMILIO IMMOOS PADRE - 45226,(%) Vermelhos,1.0,percentual
AVARE.xlsx,35,Semana 35 · 30/09 a 03/10,EMILIO IMMOOS PADRE - 45226,Chamados Vermelhos,2.0,numero
AVARE.xlsx,35,Semana 35 · 30/09 a 03/10,EMILIO IMMOOS PADRE - 45226,Encaminhado ao Psicólogo,2.0,numero
AVARE.xlsx,35,Semana 35 · 30/09 a 03/10,EMILIO IMMOOS PADRE - 45226,Psicólogo Agendado,2.0,numero
AVARE.xlsx,35,Semana 35 · 30/09 a 03/10,EMILIO IMMOOS PADRE - 45226,Total de Ocorrências,2.0,numero
AVARE.xlsx,35,Semana 35 · 30/09 a 03/10,GUIDO DIAS DE ALMEIDA PROFESSOR - 910119,(%) Amarelos,1.0,percentual
AVARE.xlsx,35,Semana 35 · 30/09 a 03/10,GUIDO DIAS DE ALMEIDA PROFESSOR - 910119,(%) Preenchimento,0.6,percentual
AVARE.xlsx,35,Semana 35 · 30/09 a 03/10,GUIDO DIAS DE ALMEIDA PROFESSOR - 910119,Chamados Amarelos,1.0,numero
AVARE.xlsx,35,Semana 35 · 30/09 a 03/10,GUIDO DIAS DE ALMEIDA PROFESSOR - 910119,Ocorrências Concluídas,1.0,numero
AVARE.xlsx,35,Semana 35 · 30/09 a 03/10,GUIDO DIAS DE ALMEIDA PROFESSOR - 910119,Total de Não Ocorrências,2.0,numero
AVARE.xlsx,35,Semana 35 · 30/09 a 03/10,GUIDO DIAS DE ALMEIDA PROFESSOR - 910119,Total de Ocorrências,1.0,numero
AVARE.xlsx,35,Semana 35 · 30/09 a 03/10,GUIDO DIAS DE ALMEIDA PROFESSOR - 910119,Índice concluídas,1.0,numero
AVARE.xlsx,35,Semana 35 · 30/09 a 03/10,JOAO CRUZ CORONEL - 14497,(%) Amarelos,0.75,percentual
AVARE.xlsx,35,Semana 35 · 30/09 a 03/10,JOAO CRUZ CORONEL - 14497,(%) Encaminhado ao Psicólogo,0.25,percentual
AVARE.xlsx,35,Semana 35 · 30/09 a 03/10,JOAO CRUZ CORONEL - 14497,(%) Preenchimento,1.0,percentual
AVARE.xlsx,35,Semana 35 · 30/09 a 03/10,JOAO CRUZ CORONEL - 14497,(%) Psicólogo Agendado,1.0,percentual
AVARE.xlsx,35,Semana 35 · 30/09 a 03/10,JOAO CRUZ CORONEL - 14497,(%) Vermelhos,0.25,percentual
AVARE.xlsx,35,Semana 35 · 30/09 a 03/10,JOAO CRUZ CORONEL - 14497,Chamados Amarelos,3.0,numero
AVARE.xlsx,35,Semana 35 · 30/09 a 03/10,JOAO CRUZ CORONEL - 14497,Chamados Vermelhos,1.0,numero
AVARE.xlsx,35,Semana 35 · 30/09 a 03/10,JOAO CRUZ CORONEL - 14497,Encaminhado ao Psicólogo,1.0,numero
AVARE.xlsx,35,Semana 35 · 30/09 a 03/10,JOAO CRUZ CORONEL - 14497,Psicólogo Agendado,1.0,numero
AVARE.xlsx,35,Semana 35 · 30/09 a 03/10,JOAO CRUZ CORONEL - 14497,Total de Não Ocorrências,3.0,numero
AVARE.xlsx,35,Semana 35 · 30/09 a 03/10,JOAO CRUZ CORONEL - 14497,Total de Ocorrências,4.0,numero
AVARE.xlsx,35,Semana 35 · 30/09 a 03/10,JOAO MICHELIN - 14485,(%) Preenchimento,0.8,percentual
AVARE.xlsx,35,Semana 35 · 30/09 a 03/10,JOAO MICHELIN - 14485,(%) Vermelhos,1.0,percentual
AVARE.xlsx,35,Semana 35 · 30/09 a 03/10,JOAO MICHELIN - 14485,Chamados Vermelhos,1.0,numero
AVARE.xlsx,35,Semana 35 · 30/09 a 03/10,JOAO MICHELIN - 14485,Total de Não Ocorrências,3.0,numero
AVARE.xlsx,35,Semana 35 · 30/09 a 03/10,JOAO MICHELIN - 14485,Total de Ocorrências,1.0,numero
AVARE.xlsx,35,Semana 35 · 30/09 a 03/10,JOAO TEIXEIRA DE ARAUJO PROFESSOR - 14588,(%) Amarelos,0.6,percentual
AVARE.xlsx,35,Semana 35 · 30/09 a 03/10,JOAO TEIXEIRA DE ARAUJO PROFESSOR - 14588,(%) Encaminhado ao Psicólogo,0.2,percentual
AVARE.xlsx,35,Semana 35 · 30/09 a 03/10,JOAO TEIXEIRA DE ARAUJO PROFESSOR - 14588,(%) Encaminhado à Rede Protetiva,0.2,percentual
AVARE.xlsx,35,Semana 35 · 30/09 a 03/10,JOAO TEIXEIRA DE ARAUJO PROFESSOR - 14588,(%) Preenchimento,0.8,percentual
AVARE.xlsx,35,Semana 35 · 30/09 a 03/10,JOAO TEIXEIRA DE ARAUJO PROFESSOR - 14588,(%) Vermelhos,0.4,percentual
AVARE.xlsx,35,Semana 35 · 30/09 a 03/10,JOAO TEIXEIRA DE ARAUJO PROFESSOR - 14588,Chamados Amarelos,3.0,numero
AVARE.xlsx,35,Semana 35 · 30/09 a 03/10,JOAO TEIXEIRA DE ARAUJO PROFESSOR - 14588,Chamados Vermelhos,2.0,numero
AVARE.xlsx,35,Semana 35 · 30/09 a 03/10,JOAO TEIXEIRA DE ARAUJO PROFESSOR - 14588,Encaminhado ao Psicólogo,1.0,numero
AVARE.xlsx,35,Semana 35 · 30/09 a 03/10,JOAO TEIXEIRA DE ARAUJO PROFESSOR - 14588,Encaminhado à Rede Protetiva,1.0,numero
AVARE.xlsx,35,Semana 35 · 30/09 a 03/10,JOAO TEIXEIRA DE ARAUJO PROFESSOR - 14588,Ocorrências Concluídas,2.0,numero
AVARE.xlsx,35,Semana 35 · 30/09 a 03/10,JOAO TEIXEIRA DE ARAUJO PROFESSOR - 14588,Total de Não Ocorrências,2.0,numero
AVARE.xlsx,35,Semana 35 · 30/09 a 03/10,JOAO TEIXEIRA DE ARAUJO PROFESSOR - 14588,Total de Ocorrências,5.0,numero
AVARE.xlsx,35,Semana 35 · 30/09 a 03/10,JOAO TEIXEIRA DE ARAUJO PROFESSOR - 14588,Índice concluídas,0.4,numero
AVARE.xlsx,35,Semana 35 · 30/09 a 03/10,JOSE LEITE PINHEIRO PROFESSOR - 14527,(%) Amarelos,1.0,percentual
AVARE.xlsx,35,Semana 35 · 30/09 a 03/10,JOSE LEITE PINHEIRO PROFESSOR - 14527,(%) Preenchimento,0.25,percentual
AVARE.xlsx,35,Semana 35 · 30/09 a 03/10,JOSE LEITE PINHEIRO PROFESSOR - 14527,Chamados Amarelos,1.0,numero
AVARE.xlsx,35,Semana 35 · 30/09 a 03/10,JOSE LEITE PINHEIRO PROFESSOR - 14527,Ocorrências Concluídas,1.0,numero
AVARE.xlsx,35,Semana 35 · 30/09 a 03/10,JOSE LEITE PINHEIRO PROFESSOR - 14527,Total de Ocorrências,1.0,numero
AVARE.xlsx,35,Semana 35 · 30/09 a 03/10,JOSE LEITE PINHEIRO PROFESSOR - 14527,Índice concluídas,1.0,numero
AVARE.xlsx,35,Semana 35 · 30/09 a 03/10,JOSE PENNA - 14540,(%) Amarelos,0.75,percentual
AVARE.xlsx,35,Semana 35 · 30/09 a 03/10,JOSE PENNA - 14540,(%) Preenchimento,0.4,percentual
AVARE.xlsx,35,Semana 35 · 30/09 a 03/10,JOSE PENNA - 14540,(%) Vermelhos,0.25,percentual
AVARE.xlsx,35,Semana 35 · 30/09 a 03/10,JOSE PENNA - 14540,Chamados Amarelos,3.0,numero
AVARE.xlsx,35,Semana 35 · 30/09 a 03/10,JOSE PENNA - 14540,Chamados Vermelhos,1.0,numero
AVARE.xlsx,35,Semana 35 · 30/09 a 03/10,JOSE PENNA - 14540,Ocorrências Concluídas,3.0,numero
AVARE.xlsx,35,Semana 35 · 30/09 a 03/10,JOSE PENNA - 14540,Total de Ocorrências,4.0,numero
AVARE.xlsx,35,Semana 35 · 30/09 a 03/10,JOSE PENNA - 14540,Índice concluídas,0.75,numero
AVARE.xlsx,35,Semana 35 · 30/09 a 03/10,JOSE PIRES DE CARVALHO DOUTOR - 924088,(%) Amarelos,1.0,percentual
AVARE.xlsx,35,Semana 35 · 30/09 a 03/10,JOSE PIRES DE CARVALHO DOUTOR - 924088,(%) Preenchimento,1.0,percentual
AVARE.xlsx,35,Semana 35 · 30/09 a 03/10,JOSE PIRES DE CARVALHO DOUTOR - 924088,Chamados Amarelos,2.0,numero
AVARE.xlsx,35,Semana 35 · 30/09 a 03/10,JOSE PIRES DE CARVALHO DOUTOR - 924088,Ocorrências Concluídas,1.0,numero
AVARE.xlsx,35,Semana 35 · 30/09 a 03/10,JOSE PIRES DE CARVALHO DOUTOR - 924088,Total de Não Ocorrências,3.0,numero
AVARE.xlsx,35,Semana 35 · 30/09 a 03/10,JOSE PIRES DE CARVALHO DOUTOR - 924088,Total de Ocorrências,2.0,numero
AVARE.xlsx,35,Semana 35 · 30/09 a 03/10,JOSE PIRES DE CARVALHO DOUTOR - 924088,Índice concluídas,0.5,numero
AVARE.xlsx,35,Semana 35 · 30/09 a 03/10,MARIA IZABEL CRUZ PIMENTEL DONA - 38908,(%) Amarelos,0.428571428571429,percentual
AVARE.xlsx,35,Semana 35 · 30/09 a 03/10,MARIA IZABEL CRUZ PIMENTEL DONA - 38908,(%) Encaminhado ao Psicólogo,0.285714285714286,percentual
AVARE.xlsx,35,Semana 35 · 30/09 a 03/10,MARIA IZABEL CRUZ PIMENTEL DONA - 38908,(%) Preenchimento,1.0,percentual
AVARE.xlsx,35,Semana 35 · 30/09 a 03/10,MARIA IZABEL CRUZ PIMENTEL DONA - 38908,(%) Psicólogo Agendado,1.0,percentual
AVARE.xlsx,35,Semana 35 · 30/09 a 03/10,MARIA IZABEL CRUZ PIMENTEL DONA - 38908,(%) Vermelhos,0.571428571428571,percentual
AVARE.xlsx,35,Semana 35 · 30/09 a 03/10,MARIA IZABEL CRUZ PIMENTEL DONA - 38908,Chamados Amarelos,3.0,numero
AVARE.xlsx,35,Semana 35 · 30/09 a 03/10,MARIA IZABEL CRUZ PIMENTEL DONA - 38908,Chamados Vermelhos,4.0,numero
AVARE.xlsx,35,Semana 35 · 30/09 a 03/10,MARIA IZABEL CRUZ PIMENTEL DONA - 38908,Encaminhado ao Psicólogo,2.0,numero
AVARE.xlsx,35,Semana 35 · 30/09 a 03/10,MARIA IZABEL CRUZ PIMENTEL DONA - 38908,Ocorrências Concluídas,2.0,numero
AVARE.xlsx,35,Semana 35 · 30/09 a 03/10,MARIA IZABEL CRUZ PIMENTEL DONA - 38908,Psicólogo Agendado,2.0,numero
AVARE.xlsx,35,Semana 35 · 30/09 a 03/10,MARIA IZABEL CRUZ PIMENTEL DONA - 38908,Total de Não Ocorrências,4.0,numero
AVARE.xlsx,35,Semana 35 · 30/09 a 03/10,MARIA IZABEL CRUZ PIMENTEL DONA - 38908,Total de Ocorrências,7.0,numero
AVARE.xlsx,35,Semana 35 · 30/09 a 03/10,MARIA IZABEL CRUZ PIMENTEL DONA - 38908,Índice concluídas,0.285714285714286,numero
AVARE.xlsx,35,Semana 35 · 30/09 a 03/10,MATILDE VIEIRA - 14679,(%) Amarelos,0.666666666666667,percentual
AVARE.xlsx,35,Semana 35 · 30/09 a 03/10,MATILDE VIEIRA - 14679,(%) Encaminhado ao Psicólogo,0.333333333333333,percentual
AVARE.xlsx,35,Semana 35 · 30/09 a 03/10,MATILDE VIEIRA - 14679,(%) Preenchimento,0.6,percentual
AVARE.xlsx,35,Semana 35 · 30/09 a 03/10,MATILDE VIEIRA - 14679,(%) Vermelhos,0.333333333333333,percentual
AVARE.xlsx,35,Semana 35 · 30/09 a 03/10,MATILDE VIEIRA - 14679,Chamados Amarelos,2.0,numero
AVARE.xlsx,35,Semana 35 · 30/09 a 03/10,MATILDE VIEIRA - 14679,Chamados Vermelhos,1.0,numero
AVARE.xlsx,35,Semana 35 · 30/09 a 03/10,MATILDE VIEIRA - 14679,Encaminhado ao Psicólogo,1.0,numero
AVARE.xlsx,35,Semana 35 · 30/09 a 03/10,MATILDE VIEIRA - 14679,Ocorrências Concluídas,1.0,numero
AVARE.xlsx,35,Semana 35 · 30/09 a 03/10,MATILDE VIEIRA - 14679,Total de Não Ocorrências,1.0,numero
AVARE.xlsx,35,Semana 35 · 30/09 a 03/10,MATILDE VIEIRA - 14679,Total de Ocorrências,3.0,numero
AVARE.xlsx,35,Semana 35 · 30/09 a 03/10,MATILDE VIEIRA - 14679,Índice concluídas,0.333333333333333,numero
AVARE.xlsx,35,Semana 35 · 30/09 a 03/10,PAULO ARAUJO NOVAES DOUTOR - 14461,(%) Amarelos,0.571428571428571,percentual
AVARE.xlsx,35,Semana 35 · 30/09 a 03/10,PAULO ARAUJO NOVAES DOUTOR - 14461,(%) Encaminhado ao Psicólogo,0.142857142857143,percentual
AVARE.xlsx,35,Semana 35 · 30/09 a 03/10,PAULO ARAUJO NOVAES DOUTOR - 14461,(%) Preenchimento,0.428571428571429,percentual
AVARE.xlsx,35,Semana 35 · 30/09 a 03/10,PAULO ARAUJO NOVAES DOUTOR - 14461,(%) Psicólogo Agendado,1.0,percentual
AVARE.xlsx,35,Semana 35 · 30/09 a 03/10,PAULO ARAUJO NOVAES DOUTOR - 14461,(%) Vermelhos,0.428571428571429,percentual
AVARE.xlsx,35,Semana 35 · 30/09 a 03/10,PAULO ARAUJO NOVAES DOUTOR - 14461,Chamados Amarelos,4.0,numero
AVARE.xlsx,35,Semana 35 · 30/09 a 03/10,PAULO ARAUJO NOVAES DOUTOR - 14461,Chamados Vermelhos,3.0,numero
AVARE.xlsx,35,Semana 35 · 30/09 a 03/10,PAULO ARAUJO NOVAES DOUTOR - 14461,Encaminhado ao Psicólogo,1.0,numero
AVARE.xlsx,35,Semana 35 · 30/09 a 03/10,PAULO ARAUJO NOVAES DOUTOR - 14461,Ocorrências Concluídas,3.0,numero
AVARE.xlsx,35,Semana 35 · 30/09 a 03/10,PAULO ARAUJO NOVAES DOUTOR - 14461,Psicólogo Agendado,1.0,numero
AVARE.xlsx,35,Semana 35 · 30/09 a 03/10,PAULO ARAUJO NOVAES DOUTOR - 14461,Total de Ocorrências,7.0,numero
AVARE.xlsx,35,Semana 35 · 30/09 a 03/10,PAULO ARAUJO NOVAES DOUTOR - 14461,Índice concluídas,0.428571428571429,numero
AVARE.xlsx,35,Semana 35 · 30/09 a 03/10,PEDRO BENTO ALVES - 14503,(%) Amarelos,0.8,percentual
AVARE.xlsx,35,Semana 35 · 30/09 a 03/10,PEDRO BENTO ALVES - 14503,(%) Preenchimento,0.6,percentual
AVARE.xlsx,35,Semana 35 · 30/09 a 03/10,PEDRO BENTO ALVES - 14503,(%) Vermelhos,0.2,percentual
AVARE.xlsx,35,Semana 35 · 30/09 a 03/10,PEDRO BENTO ALVES - 14503,Chamados Amarelos,4.0,numero
AVARE.xlsx,35,Semana 35 · 30/09 a 03/10,PEDRO BENTO ALVES - 14503,Chamados Vermelhos,1.0,numero
AVARE.xlsx,35,Semana 35 · 30/09 a 03/10,PEDRO BENTO ALVES - 14503,Total de Ocorrências,5.0,numero
AVARE.xlsx,35,Semana 35 · 30/09 a 03/10,PROFESSORA MARIANA APARECIDA TODESCATO - 191516,(%) Amarelos,0.666666666666667,percentual
AVARE.xlsx,35,Semana 35 · 30/09 a 03/10,PROFESSORA MARIANA APARECIDA TODESCATO - 191516,(%) Preenchimento,0.666666666666667,percentual
AVARE.xlsx,35,Semana 35 · 30/09 a 03/10,PROFESSORA MARIANA APARECIDA TODESCATO - 191516,(%) Vermelhos,0.333333333333333,percentual
AVARE.xlsx,35,Semana 35 · 30/09 a 03/10,PROFESSORA MARIANA APARECIDA TODESCATO - 191516,Chamados Amarelos,2.0,numero
AVARE.xlsx,35,Semana 35 · 30/09 a 03/10,PROFESSORA MARIANA APARECIDA TODESCATO - 191516,Chamados Vermelhos,1.0,numero
AVARE.xlsx,35,Semana 35 · 30/09 a 03/10,PROFESSORA MARIANA APARECIDA TODESCATO - 191516,Ocorrências Concluídas,3.0,numero
AVARE.xlsx,35,Semana 35 · 30/09 a 03/10,PROFESSORA MARIANA APARECIDA TODESCATO - 191516,Total de Não Ocorrências,1.0,numero
AVARE.xlsx,35,Semana 35 · 30/09 a 03/10,PROFESSORA MARIANA APARECIDA TODESCATO - 191516,Total de Ocorrências,3.0,numero
AVARE.xlsx,35,Semana 35 · 30/09 a 03/10,PROFESSORA MARIANA APARECIDA TODESCATO - 191516,Índice concluídas,1.0,numero
AVARE.xlsx,35,Semana 35 · 30/09 a 03/10,SANDRA APARECIDA DE ARAUJO PROFESSORA - 924337,(%) Preenchimento,0.6,percentual
AVARE.xlsx,35,Semana 35 · 30/09 a 03/10,SANDRA APARECIDA DE ARAUJO PROFESSORA - 924337,Total de Não Ocorrências,3.0,numero
