arquivo,semana,periodo,escola,metrica,valor,tipo_valor
AVARE (21).xlsx,26,Semana 26 · 26/07 a 01/08,ABILIO RAPOSO FERRAZ JUNIOR - 903188,(%) ATPLs Concluídos,1.0,percentual
AVARE (21).xlsx,26,Semana 26 · 26/07 a 01/08,ABILIO RAPOSO FERRAZ JUNIOR - 903188,(%) de Docentes Ativos no Período,1.0,percentual
AVARE (21).xlsx,26,Semana 26 · 26/07 a 01/08,ABILIO RAPOSO FERRAZ JUNIOR - 903188,ATPLs Concluídos,84.0,numero
AVARE (21).xlsx,26,Semana 26 · 26/07 a 01/08,ABILIO RAPOSO FERRAZ JUNIOR - 903188,ATPLs Previstos,84.0,numero
AVARE (21).xlsx,26,Semana 26 · 26/07 a 01/08,ABILIO RAPOSO FERRAZ JUNIOR - 903188,Total Docentes Ativos,42.0,numero
AVARE (21).xlsx,26,Semana 26 · 26/07 a 01/08,ABILIO RAPOSO FERRAZ JUNIOR - 903188,Total Docentes Previstos,42.0,numero
AVARE (21).xlsx,26,Semana 26 · 26/07 a 01/08,ASSENTAMENTO ZUMBI DOS PALMARES - 566032,(%) ATPLs Concluídos,0.9,percentual
AVARE (21).xlsx,26,Semana 26 · 26/07 a 01/08,ASSENTAMENTO ZUMBI DOS PALMARES - 566032,(%) de Docentes Ativos no Período,0.9,percentual
AVARE (21).xlsx,26,Semana 26 · 26/07 a 01/08,ASSENTAMENTO ZUMBI DOS PALMARES - 566032,ATPLs Concluídos,18.0,numero
AVARE (21).xlsx,26,Semana 26 · 26/07 a 01/08,ASSENTAMENTO ZUMBI DOS PALMARES - 566032,ATPLs Previstos,20.0,numero
AVARE (21).xlsx,26,Semana 26 · 26/07 a 01/08,ASSENTAMENTO ZUMBI DOS PALMARES - 566032,Total Docentes Ativos,9.0,numero
AVARE (21).xlsx,26,Semana 26 · 26/07 a 01/08,ASSENTAMENTO ZUMBI DOS PALMARES - 566032,Total Docentes Previstos,10.0,numero
AVARE (21).xlsx,26,Semana 26 · 26/07 a 01/08,AVELINO APARECIDO RIBEIRO DOUTOR - 14552,(%) ATPLs Concluídos,1.0,percentual
AVARE (21).xlsx,26,Semana 26 · 26/07 a 01/08,AVELINO APARECIDO RIBEIRO DOUTOR - 14552,(%) de Docentes Ativos no Período,1.0,percentual
AVARE (21).xlsx,26,Semana 26 · 26/07 a 01/08,AVELINO APARECIDO RIBEIRO DOUTOR - 14552,ATPLs Concluídos,24.0,numero
AVARE (21).xlsx,26,Semana 26 · 26/07 a 01/08,AVELINO APARECIDO RIBEIRO DOUTOR - 14552,ATPLs Previstos,24.0,numero
AVARE (21).xlsx,26,Semana 26 · 26/07 a 01/08,AVELINO APARECIDO RIBEIRO DOUTOR - 14552,Total Docentes Ativos,12.0,numero
AVARE (21).xlsx,26,Semana 26 · 26/07 a 01/08,AVELINO APARECIDO RIBEIRO DOUTOR - 14552,Total Docentes Previstos,12.0,numero
AVARE (21).xlsx,26,Semana 26 · 26/07 a 01/08,BENE ANDRADE DONA - 14631,(%) ATPLs Concluídos,1.0,percentual
AVARE (21).xlsx,26,Semana 26 · 26/07 a 01/08,BENE ANDRADE DONA - 14631,(%) de Docentes Ativos no Período,1.0,percentual
AVARE (21).xlsx,26,Semana 26 · 26/07 a 01/08,BENE ANDRADE DONA - 14631,ATPLs Concluídos,60.0,numero
AVARE (21).xlsx,26,Semana 26 · 26/07 a 01/08,BENE ANDRADE DONA - 14631,ATPLs Previstos,60.0,numero
AVARE (21).xlsx,26,Semana 26 · 26/07 a 01/08,BENE ANDRADE DONA - 14631,Total Docentes Ativos,30.0,numero
AVARE (21).xlsx,26,Semana 26 · 26/07 a 01/08,BENE ANDRADE DONA - 14631,Total Docentes Previstos,30.0,numero
AVARE (21).xlsx,26,Semana 26 · 26/07 a 01/08,CELSO FERREIRA DA SILVA PROFESSOR - 918489,(%) ATPLs Concluídos,1.0,percentual
AVARE (21).xlsx,26,Semana 26 · 26/07 a 01/08,CELSO FERREIRA DA SILVA PROFESSOR - 918489,(%) de Docentes Ativos no Período,1.0,percentual
AVARE (21).xlsx,26,Semana 26 · 26/07 a 01/08,CELSO FERREIRA DA SILVA PROFESSOR - 918489,ATPLs Concluídos,30.0,numero
AVARE (21).xlsx,26,Semana 26 · 26/07 a 01/08,CELSO FERREIRA DA SILVA PROFESSOR - 918489,ATPLs Previstos,30.0,numero
AVARE (21).xlsx,26,Semana 26 · 26/07 a 01/08,CELSO FERREIRA DA SILVA PROFESSOR - 918489,Total Docentes Ativos,15.0,numero
AVARE (21).xlsx,26,Semana 26 · 26/07 a 01/08,CELSO FERREIRA DA SILVA PROFESSOR - 918489,Total Docentes Previstos,15.0,numero
AVARE (21).xlsx,26,Semana 26 · 26/07 a 01/08,COTA LEONEL DONA - 905185,(%) ATPLs Concluídos,0.962962962962963,percentual
AVARE (21).xlsx,26,Semana 26 · 26/07 a 01/08,COTA LEONEL DONA - 905185,(%) de Docentes Ativos no Período,1.0,percentual
AVARE (21).xlsx,26,Semana 26 · 26/07 a 01/08,COTA LEONEL DONA - 905185,ATPLs Concluídos,52.0,numero
AVARE (21).xlsx,26,Semana 26 · 26/07 a 01/08,COTA LEONEL DONA - 905185,ATPLs Previstos,54.0,numero
AVARE (21).xlsx,26,Semana 26 · 26/07 a 01/08,COTA LEONEL DONA - 905185,Total Docentes Ativos,27.0,numero
AVARE (21).xlsx,26,Semana 26 · 26/07 a 01/08,COTA LEONEL DONA - 905185,Total Docentes Previstos,27.0,numero
AVARE (21).xlsx,26,Semana 26 · 26/07 a 01/08,DIMAS MOZART E SILVA PROFESSOR - 900424,(%) ATPLs Concluídos,1.0,percentual
AVARE (21).xlsx,26,Semana 26 · 26/07 a 01/08,DIMAS MOZART E SILVA PROFESSOR - 900424,(%) de Docentes Ativos no Período,1.0,percentual
AVARE (21).xlsx,26,Semana 26 · 26/07 a 01/08,DIMAS MOZART E SILVA PROFESSOR - 900424,ATPLs Concluídos,57.0,numero
AVARE (21).xlsx,26,Semana 26 · 26/07 a 01/08,DIMAS MOZART E SILVA PROFESSOR - 900424,ATPLs Previstos,57.0,numero
AVARE (21).xlsx,26,Semana 26 · 26/07 a 01/08,DIMAS MOZART E SILVA PROFESSOR - 900424,Total Docentes Ativos,29.0,numero
AVARE (21).xlsx,26,Semana 26 · 26/07 a 01/08,DIMAS MOZART E SILVA PROFESSOR - 900424,Total Docentes Previstos,29.0,numero
AVARE (21).xlsx,26,Semana 26 · 26/07 a 01/08,EMILIO IMMOOS PADRE - 45226,(%) ATPLs Concluídos,1.0,percentual
AVARE (21).xlsx,26,Semana 26 · 26/07 a 01/08,EMILIO IMMOOS PADRE - 45226,(%) de Docentes Ativos no Período,1.0,percentual
AVARE (21).xlsx,26,Semana 26 · 26/07 a 01/08,EMILIO IMMOOS PADRE - 45226,ATPLs Concluídos,49.0,numero
AVARE (21).xlsx,26,Semana 26 · 26/07 a 01/08,EMILIO IMMOOS PADRE - 45226,ATPLs Previstos,49.0,numero
AVARE (21).xlsx,26,Semana 26 · 26/07 a 01/08,EMILIO IMMOOS PADRE - 45226,Total Docentes Ativos,25.0,numero
AVARE (21).xlsx,26,Semana 26 · 26/07 a 01/08,EMILIO IMMOOS PADRE - 45226,Total Docentes Previstos,25.0,numero
AVARE (21).xlsx,26,Semana 26 · 26/07 a 01/08,ERUCE PAULUCCI PROFESSOR - 914484,(%) ATPLs Concluídos,0.666666666666667,percentual
AVARE (21).xlsx,26,Semana 26 · 26/07 a 01/08,ERUCE PAULUCCI PROFESSOR - 914484,(%) de Docentes Ativos no Período,0.666666666666667,percentual
AVARE (21).xlsx,26,Semana 26 · 26/07 a 01/08,ERUCE PAULUCCI PROFESSOR - 914484,ATPLs Concluídos,20.0,numero
AVARE (21).xlsx,26,Semana 26 · 26/07 a 01/08,ERUCE PAULUCCI PROFESSOR - 914484,ATPLs Previstos,30.0,numero
AVARE (21).xlsx,26,Semana 26 · 26/07 a 01/08,ERUCE PAULUCCI PROFESSOR - 914484,Total Docentes Ativos,10.0,numero
AVARE (21).xlsx,26,Semana 26 · 26/07 a 01/08,ERUCE PAULUCCI PROFESSOR - 914484,Total Docentes Previstos,15.0,numero
AVARE (21).xlsx,26,Semana 26 · 26/07 a 01/08,GUIDO DIAS DE ALMEIDA PROFESSOR - 910119,(%) ATPLs Concluídos,1.0,percentual
AVARE (21).xlsx,26,Semana 26 · 26/07 a 01/08,GUIDO DIAS DE ALMEIDA PROFESSOR - 910119,(%) de Docentes Ativos no Período,1.0,percentual
AVARE (21).xlsx,26,Semana 26 · 26/07 a 01/08,GUIDO DIAS DE ALMEIDA PROFESSOR - 910119,ATPLs Concluídos,51.0,numero
AVARE (21).xlsx,26,Semana 26 · 26/07 a 01/08,GUIDO DIAS DE ALMEIDA PROFESSOR - 910119,ATPLs Previstos,51.0,numero
AVARE (21).xlsx,26,Semana 26 · 26/07 a 01/08,GUIDO DIAS DE ALMEIDA PROFESSOR - 910119,Total Docentes Ativos,26.0,numero
AVARE (21).xlsx,26,Semana 26 · 26/07 a 01/08,GUIDO DIAS DE ALMEIDA PROFESSOR - 910119,Total Docentes Previstos,26.0,numero
AVARE (21).xlsx,26,Semana 26 · 26/07 a 01/08,JOAO CRUZ CORONEL - 14497,(%) ATPLs Concluídos,1.0,percentual
AVARE (21).xlsx,26,Semana 26 · 26/07 a 01/08,JOAO CRUZ CORONEL - 14497,(%) de Docentes Ativos no Período,1.0,percentual
AVARE (21).xlsx,26,Semana 26 · 26/07 a 01/08,JOAO CRUZ CORONEL - 14497,ATPLs Concluídos,122.0,numero
AVARE (21).xlsx,26,Semana 26 · 26/07 a 01/08,JOAO CRUZ CORONEL - 14497,ATPLs Previstos,122.0,numero
AVARE (21).xlsx,26,Semana 26 · 26/07 a 01/08,JOAO CRUZ CORONEL - 14497,Total Docentes Ativos,61.0,numero
AVARE (21).xlsx,26,Semana 26 · 26/07 a 01/08,JOAO CRUZ CORONEL - 14497,Total Docentes Previstos,61.0,numero
AVARE (21).xlsx,26,Semana 26 · 26/07 a 01/08,JOAO MICHELIN - 14485,(%) ATPLs Concluídos,1.0,percentual
AVARE (21).xlsx,26,Semana 26 · 26/07 a 01/08,JOAO MICHELIN - 14485,(%) de Docentes Ativos no Período,1.0,percentual
AVARE (21).xlsx,26,Semana 26 · 26/07 a 01/08,JOAO MICHELIN - 14485,ATPLs Concluídos,86.0,numero
AVARE (21).xlsx,26,Semana 26 · 26/07 a 01/08,JOAO MICHELIN - 14485,ATPLs Previstos,86.0,numero
AVARE (21).xlsx,26,Semana 26 · 26/07 a 01/08,JOAO MICHELIN - 14485,Total Docentes Ativos,43.0,numero
AVARE (21).xlsx,26,Semana 26 · 26/07 a 01/08,JOAO MICHELIN - 14485,Total Docentes Previstos,43.0,numero
AVARE (21).xlsx,26,Semana 26 · 26/07 a 01/08,JOAO TEIXEIRA DE ARAUJO PROFESSOR - 14588,(%) ATPLs Concluídos,1.0,percentual
AVARE (21).xlsx,26,Semana 26 · 26/07 a 01/08,JOAO TEIXEIRA DE ARAUJO PROFESSOR - 14588,(%) de Docentes Ativos no Período,1.0,percentual
AVARE (21).xlsx,26,Semana 26 · 26/07 a 01/08,JOAO TEIXEIRA DE ARAUJO PROFESSOR - 14588,ATPLs Concluídos,74.0,numero
AVARE (21).xlsx,26,Semana 26 · 26/07 a 01/08,JOAO TEIXEIRA DE ARAUJO PROFESSOR - 14588,ATPLs Previstos,74.0,numero
AVARE (21).xlsx,26,Semana 26 · 26/07 a 01/08,JOAO TEIXEIRA DE ARAUJO PROFESSOR - 14588,Total Docentes Ativos,37.0,numero
AVARE (21).xlsx,26,Semana 26 · 26/07 a 01/08,JOAO TEIXEIRA DE ARAUJO PROFESSOR - 14588,Total Docentes Previstos,37.0,numero
AVARE (21).xlsx,26,Semana 26 · 26/07 a 01/08,JOSE APARECIDO CASTELUCCI PROFESSOR - 49888,(%) ATPLs Concluídos,1.0,percentual
AVARE (21).xlsx,26,Semana 26 · 26/07 a 01/08,JOSE APARECIDO CASTELUCCI PROFESSOR - 49888,(%) de Docentes Ativos no Período,1.0,percentual
AVARE (21).xlsx,26,Semana 26 · 26/07 a 01/08,JOSE APARECIDO CASTELUCCI PROFESSOR - 49888,ATPLs Concluídos,26.0,numero
AVARE (21).xlsx,26,Semana 26 · 26/07 a 01/08,JOSE APARECIDO CASTELUCCI PROFESSOR - 49888,ATPLs Previstos,26.0,numero
AVARE (21).xlsx,26,Semana 26 · 26/07 a 01/08,JOSE APARECIDO CASTELUCCI PROFESSOR - 49888,Total Docentes Ativos,13.0,numero
AVARE (21).xlsx,26,Semana 26 · 26/07 a 01/08,JOSE APARECIDO CASTELUCCI PROFESSOR - 49888,Total Docentes Previstos,13.0,numero
AVARE (21).xlsx,26,Semana 26 · 26/07 a 01/08,JOSE LEITE PINHEIRO PROFESSOR - 14527,(%) ATPLs Concluídos,0.98,percentual
AVARE (21).xlsx,26,Semana 26 · 26/07 a 01/08,JOSE LEITE PINHEIRO PROFESSOR - 14527,(%) de Docentes Ativos no Período,0.98,percentual
AVARE (21).xlsx,26,Semana 26 · 26/07 a 01/08,JOSE LEITE PINHEIRO PROFESSOR - 14527,ATPLs Concluídos,98.0,numero
AVARE (21).xlsx,26,Semana 26 · 26/07 a 01/08,JOSE LEITE PINHEIRO PROFESSOR - 14527,ATPLs Previstos,100.0,numero
AVARE (21).xlsx,26,Semana 26 · 26/07 a 01/08,JOSE LEITE PINHEIRO PROFESSOR - 14527,Total Docentes Ativos,49.0,numero
AVARE (21).xlsx,26,Semana 26 · 26/07 a 01/08,JOSE LEITE PINHEIRO PROFESSOR - 14527,Total Docentes Previstos,50.0,numero
AVARE (21).xlsx,26,Semana 26 · 26/07 a 01/08,JOSE PENNA - 14540,(%) ATPLs Concluídos,0.970149253731343,percentual
AVARE (21).xlsx,26,Semana 26 · 26/07 a 01/08,JOSE PENNA - 14540,(%) de Docentes Ativos no Período,0.970588235294118,percentual
AVARE (21).xlsx,26,Semana 26 · 26/07 a 01/08,JOSE PENNA - 14540,ATPLs Concluídos,65.0,numero
AVARE (21).xlsx,26,Semana 26 · 26/07 a 01/08,JOSE PENNA - 14540,ATPLs Previstos,67.0,numero
AVARE (21).xlsx,26,Semana 26 · 26/07 a 01/08,JOSE PENNA - 14540,Total Docentes Ativos,33.0,numero
AVARE (21).xlsx,26,Semana 26 · 26/07 a 01/08,JOSE PENNA - 14540,Total Docentes Previstos,34.0,numero
AVARE (21).xlsx,26,Semana 26 · 26/07 a 01/08,JOSE PIRES DE CARVALHO DOUTOR - 924088,(%) ATPLs Concluídos,1.0,percentual
AVARE (21).xlsx,26,Semana 26 · 26/07 a 01/08,JOSE PIRES DE CARVALHO DOUTOR - 924088,(%) de Docentes Ativos no Período,1.0,percentual
AVARE (21).xlsx,26,Semana 26 · 26/07 a 01/08,JOSE PIRES DE CARVALHO DOUTOR - 924088,ATPLs Concluídos,34.0,numero
AVARE (21).xlsx,26,Semana 26 · 26/07 a 01/08,JOSE PIRES DE CARVALHO DOUTOR - 924088,ATPLs Previstos,34.0,numero
AVARE (21).xlsx,26,Semana 26 · 26/07 a 01/08,JOSE PIRES DE CARVALHO DOUTOR - 924088,Total Docentes Ativos,17.0,numero
AVARE (21).xlsx,26,Semana 26 · 26/07 a 01/08,JOSE PIRES DE CARVALHO DOUTOR - 924088,Total Docentes Previstos,17.0,numero
AVARE (21).xlsx,26,Semana 26 · 26/07 a 01/08,MARIA IZABEL CRUZ PIMENTEL DONA - 38908,(%) ATPLs Concluídos,1.0,percentual
AVARE (21).xlsx,26,Semana 26 · 26/07 a 01/08,MARIA IZABEL CRUZ PIMENTEL DONA - 38908,(%) de Docentes Ativos no Período,1.0,percentual
AVARE (21).xlsx,26,Semana 26 · 26/07 a 01/08,MARIA IZABEL CRUZ PIMENTEL DONA - 38908,ATPLs Concluídos,76.0,numero
AVARE (21).xlsx,26,Semana 26 · 26/07 a 01/08,MARIA IZABEL CRUZ PIMENTEL DONA - 38908,ATPLs Previstos,76.0,numero
AVARE (21).xlsx,26,Semana 26 · 26/07 a 01/08,MARIA IZABEL CRUZ PIMENTEL DONA - 38908,Total Docentes Ativos,38.0,numero
AVARE (21).xlsx,26,Semana 26 · 26/07 a 01/08,MARIA IZABEL CRUZ PIMENTEL DONA - 38908,Total Docentes Previstos,38.0,numero
AVARE (21).xlsx,26,Semana 26 · 26/07 a 01/08,MATILDE VIEIRA - 14679,(%) ATPLs Concluídos,0.944444444444444,percentual
AVARE (21).xlsx,26,Semana 26 · 26/07 a 01/08,MATILDE VIEIRA - 14679,(%) de Docentes Ativos no Período,0.944444444444444,percentual
AVARE (21).xlsx,26,Semana 26 · 26/07 a 01/08,MATILDE VIEIRA - 14679,ATPLs Concluídos,68.0,numero
AVARE (21).xlsx,26,Semana 26 · 26/07 a 01/08,MATILDE VIEIRA - 14679,ATPLs Previstos,72.0,numero
AVARE (21).xlsx,26,Semana 26 · 26/07 a 01/08,MATILDE VIEIRA - 14679,Total Docentes Ativos,34.0,numero
AVARE (21).xlsx,26,Semana 26 · 26/07 a 01/08,MATILDE VIEIRA - 14679,Total Docentes Previstos,36.0,numero
AVARE (21).xlsx,26,Semana 26 · 26/07 a 01/08,PAULO ARAUJO NOVAES DOUTOR - 14461,(%) ATPLs Concluídos,0.947916666666667,percentual
AVARE (21).xlsx,26,Semana 26 · 26/07 a 01/08,PAULO ARAUJO NOVAES DOUTOR - 14461,(%) de Docentes Ativos no Período,0.958333333333333,percentual
AVARE (21).xlsx,26,Semana 26 · 26/07 a 01/08,PAULO ARAUJO NOVAES DOUTOR - 14461,ATPLs Concluídos,91.0,numero
AVARE (21).xlsx,26,Semana 26 · 26/07 a 01/08,PAULO ARAUJO NOVAES DOUTOR - 14461,ATPLs Previstos,96.0,numero
AVARE (21).xlsx,26,Semana 26 · 26/07 a 01/08,PAULO ARAUJO NOVAES DOUTOR - 14461,Total Docentes Ativos,46.0,numero
AVARE (21).xlsx,26,Semana 26 · 26/07 a 01/08,PAULO ARAUJO NOVAES DOUTOR - 14461,Total Docentes Previstos,48.0,numero
AVARE (21).xlsx,26,Semana 26 · 26/07 a 01/08,PAULO DELICIO - 14515,(%) ATPLs Concluídos,0.840579710144927,percentual
AVARE (21).xlsx,26,Semana 26 · 26/07 a 01/08,PAULO DELICIO - 14515,(%) de Docentes Ativos no Período,0.857142857142857,percentual
AVARE (21).xlsx,26,Semana 26 · 26/07 a 01/08,PAULO DELICIO - 14515,ATPLs Concluídos,58.0,numero
AVARE (21).xlsx,26,Semana 26 · 26/07 a 01/08,PAULO DELICIO - 14515,ATPLs Previstos,69.0,numero
AVARE (21).xlsx,26,Semana 26 · 26/07 a 01/08,PAULO DELICIO - 14515,Total Docentes Ativos,30.0,numero
AVARE (21).xlsx,26,Semana 26 · 26/07 a 01/08,PAULO DELICIO - 14515,Total Docentes Previstos,35.0,numero
AVARE (21).xlsx,26,Semana 26 · 26/07 a 01/08,PEDRO BENTO ALVES - 14503,(%) ATPLs Concluídos,1.0,percentual
AVARE (21).xlsx,26,Semana 26 · 26/07 a 01/08,PEDRO BENTO ALVES - 14503,(%) de Docentes Ativos no Período,1.0,percentual
AVARE (21).xlsx,26,Semana 26 · 26/07 a 01/08,PEDRO BENTO ALVES - 14503,ATPLs Concluídos,64.0,numero
AVARE (21).xlsx,26,Semana 26 · 26/07 a 01/08,PEDRO BENTO ALVES - 14503,ATPLs Previstos,64.0,numero
AVARE (21).xlsx,26,Semana 26 · 26/07 a 01/08,PEDRO BENTO ALVES - 14503,Total Docentes Ativos,32.0,numero
AVARE (21).xlsx,26,Semana 26 · 26/07 a 01/08,PEDRO BENTO ALVES - 14503,Total Docentes Previstos,32.0,numero
AVARE (21).xlsx,26,Semana 26 · 26/07 a 01/08,PROFESSORA MARIANA APARECIDA TODESCATO - 191516,(%) ATPLs Concluídos,1.0,percentual
AVARE (21).xlsx,26,Semana 26 · 26/07 a 01/08,PROFESSORA MARIANA APARECIDA TODESCATO - 191516,(%) de Docentes Ativos no Período,1.0,percentual
AVARE (21).xlsx,26,Semana 26 · 26/07 a 01/08,PROFESSORA MARIANA APARECIDA TODESCATO - 191516,ATPLs Concluídos,50.0,numero
AVARE (21).xlsx,26,Semana 26 · 26/07 a 01/08,PROFESSORA MARIANA APARECIDA TODESCATO - 191516,ATPLs Previstos,50.0,numero
AVARE (21).xlsx,26,Semana 26 · 26/07 a 01/08,PROFESSORA MARIANA APARECIDA TODESCATO - 191516,Total Docentes Ativos,25.0,numero
AVARE (21).xlsx,26,Semana 26 · 26/07 a 01/08,PROFESSORA MARIANA APARECIDA TODESCATO - 191516,Total Docentes Previstos,25.0,numero
AVARE (21).xlsx,26,Semana 26 · 26/07 a 01/08,SANDRA APARECIDA DE ARAUJO PROFESSORA - 924337,(%) ATPLs Concluídos,1.0,percentual
AVARE (21).xlsx,26,Semana 26 · 26/07 a 01/08,SANDRA APARECIDA DE ARAUJO PROFESSORA - 924337,(%) de Docentes Ativos no Período,1.0,percentual
AVARE (21).xlsx,26,Semana 26 · 26/07 a 01/08,SANDRA APARECIDA DE ARAUJO PROFESSORA - 924337,ATPLs Concluídos,56.0,numero
AVARE (21).xlsx,26,Semana 26 · 26/07 a 01/08,SANDRA APARECIDA DE ARAUJO PROFESSORA - 924337,ATPLs Previstos,56.0,numero
AVARE (21).xlsx,26,Semana 26 · 26/07 a 01/08,SANDRA APARECIDA DE ARAUJO PROFESSORA - 924337,Total Docentes Ativos,28.0,numero
AVARE (21).xlsx,26,Semana 26 · 26/07 a 01/08,SANDRA APARECIDA DE ARAUJO PROFESSORA - 924337,Total Docentes Previstos,28.0,numero
AVARE (20).xlsx,27,Semana 27 · 02/08 a 08/08,ABILIO RAPOSO FERRAZ JUNIOR - 903188,(%) ATPLs Concluídos,0.975609756097561,percentual
AVARE (20).xlsx,27,Semana 27 · 02/08 a 08/08,ABILIO RAPOSO FERRAZ JUNIOR - 903188,(%) de Docentes Ativos no Período,0.975609756097561,percentual
AVARE (20).xlsx,27,Semana 27 · 02/08 a 08/08,ABILIO RAPOSO FERRAZ JUNIOR - 903188,ATPLs Concluídos,80.0,numero
AVARE (20).xlsx,27,Semana 27 · 02/08 a 08/08,ABILIO RAPOSO FERRAZ JUNIOR - 903188,ATPLs Previstos,82.0,numero
AVARE (20).xlsx,27,Semana 27 · 02/08 a 08/08,ABILIO RAPOSO FERRAZ JUNIOR - 903188,Total Docentes Ativos,40.0,numero
AVARE (20).xlsx,27,Semana 27 · 02/08 a 08/08,ABILIO RAPOSO FERRAZ JUNIOR - 903188,Total Docentes Previstos,41.0,numero
AVARE (20).xlsx,27,Semana 27 · 02/08 a 08/08,ASSENTAMENTO ZUMBI DOS PALMARES - 566032,(%) ATPLs Concluídos,0.65,percentual
AVARE (20).xlsx,27,Semana 27 · 02/08 a 08/08,ASSENTAMENTO ZUMBI DOS PALMARES - 566032,(%) de Docentes Ativos no Período,0.7,percentual
AVARE (20).xlsx,27,Semana 27 · 02/08 a 08/08,ASSENTAMENTO ZUMBI DOS PALMARES - 566032,ATPLs Concluídos,13.0,numero
AVARE (20).xlsx,27,Semana 27 · 02/08 a 08/08,ASSENTAMENTO ZUMBI DOS PALMARES - 566032,ATPLs Previstos,20.0,numero
AVARE (20).xlsx,27,Semana 27 · 02/08 a 08/08,ASSENTAMENTO ZUMBI DOS PALMARES - 566032,Total Docentes Ativos,7.0,numero
AVARE (20).xlsx,27,Semana 27 · 02/08 a 08/08,ASSENTAMENTO ZUMBI DOS PALMARES - 566032,Total Docentes Previstos,10.0,numero
AVARE (20).xlsx,27,Semana 27 · 02/08 a 08/08,AVELINO APARECIDO RIBEIRO DOUTOR - 14552,(%) ATPLs Concluídos,0.75,percentual
AVARE (20).xlsx,27,Semana 27 · 02/08 a 08/08,AVELINO APARECIDO RIBEIRO DOUTOR - 14552,(%) de Docentes Ativos no Período,0.75,percentual
AVARE (20).xlsx,27,Semana 27 · 02/08 a 08/08,AVELINO APARECIDO RIBEIRO DOUTOR - 14552,ATPLs Concluídos,18.0,numero
AVARE (20).xlsx,27,Semana 27 · 02/08 a 08/08,AVELINO APARECIDO RIBEIRO DOUTOR - 14552,ATPLs Previstos,24.0,numero
AVARE (20).xlsx,27,Semana 27 · 02/08 a 08/08,AVELINO APARECIDO RIBEIRO DOUTOR - 14552,Total Docentes Ativos,9.0,numero
AVARE (20).xlsx,27,Semana 27 · 02/08 a 08/08,AVELINO APARECIDO RIBEIRO DOUTOR - 14552,Total Docentes Previstos,12.0,numero
AVARE (20).xlsx,27,Semana 27 · 02/08 a 08/08,BENE ANDRADE DONA - 14631,(%) ATPLs Concluídos,0.9516129032258065,percentual
AVARE (20).xlsx,27,Semana 27 · 02/08 a 08/08,BENE ANDRADE DONA - 14631,(%) de Docentes Ativos no Período,1.0,percentual
AVARE (20).xlsx,27,Semana 27 · 02/08 a 08/08,BENE ANDRADE DONA - 14631,ATPLs Concluídos,59.0,numero
AVARE (20).xlsx,27,Semana 27 · 02/08 a 08/08,BENE ANDRADE DONA - 14631,ATPLs Previstos,62.0,numero
AVARE (20).xlsx,27,Semana 27 · 02/08 a 08/08,BENE ANDRADE DONA - 14631,Total Docentes Ativos,31.0,numero
AVARE (20).xlsx,27,Semana 27 · 02/08 a 08/08,BENE ANDRADE DONA - 14631,Total Docentes Previstos,31.0,numero
AVARE (20).xlsx,27,Semana 27 · 02/08 a 08/08,CELSO FERREIRA DA SILVA PROFESSOR - 918489,(%) ATPLs Concluídos,0.9,percentual
AVARE (20).xlsx,27,Semana 27 · 02/08 a 08/08,CELSO FERREIRA DA SILVA PROFESSOR - 918489,(%) de Docentes Ativos no Período,0.9333333333333333,percentual
AVARE (20).xlsx,27,Semana 27 · 02/08 a 08/08,CELSO FERREIRA DA SILVA PROFESSOR - 918489,ATPLs Concluídos,27.0,numero
AVARE (20).xlsx,27,Semana 27 · 02/08 a 08/08,CELSO FERREIRA DA SILVA PROFESSOR - 918489,ATPLs Previstos,30.0,numero
AVARE (20).xlsx,27,Semana 27 · 02/08 a 08/08,CELSO FERREIRA DA SILVA PROFESSOR - 918489,Total Docentes Ativos,14.0,numero
AVARE (20).xlsx,27,Semana 27 · 02/08 a 08/08,CELSO FERREIRA DA SILVA PROFESSOR - 918489,Total Docentes Previstos,15.0,numero
AVARE (20).xlsx,27,Semana 27 · 02/08 a 08/08,COTA LEONEL DONA - 905185,(%) ATPLs Concluídos,0.9807692307692307,percentual
AVARE (20).xlsx,27,Semana 27 · 02/08 a 08/08,COTA LEONEL DONA - 905185,(%) de Docentes Ativos no Período,1.0,percentual
AVARE (20).xlsx,27,Semana 27 · 02/08 a 08/08,COTA LEONEL DONA - 905185,ATPLs Concluídos,51.0,numero
AVARE (20).xlsx,27,Semana 27 · 02/08 a 08/08,COTA LEONEL DONA - 905185,ATPLs Previstos,52.0,numero
AVARE (20).xlsx,27,Semana 27 · 02/08 a 08/08,COTA LEONEL DONA - 905185,Total Docentes Ativos,26.0,numero
AVARE (20).xlsx,27,Semana 27 · 02/08 a 08/08,COTA LEONEL DONA - 905185,Total Docentes Previstos,26.0,numero
AVARE (20).xlsx,27,Semana 27 · 02/08 a 08/08,DIMAS MOZART E SILVA PROFESSOR - 900424,(%) ATPLs Concluídos,1.0,percentual
AVARE (20).xlsx,27,Semana 27 · 02/08 a 08/08,DIMAS MOZART E SILVA PROFESSOR - 900424,(%) de Docentes Ativos no Período,1.0,percentual
AVARE (20).xlsx,27,Semana 27 · 02/08 a 08/08,DIMAS MOZART E SILVA PROFESSOR - 900424,ATPLs Concluídos,55.0,numero
AVARE (20).xlsx,27,Semana 27 · 02/08 a 08/08,DIMAS MOZART E SILVA PROFESSOR - 900424,ATPLs Previstos,55.0,numero
AVARE (20).xlsx,27,Semana 27 · 02/08 a 08/08,DIMAS MOZART E SILVA PROFESSOR - 900424,Total Docentes Ativos,28.0,numero
AVARE (20).xlsx,27,Semana 27 · 02/08 a 08/08,DIMAS MOZART E SILVA PROFESSOR - 900424,Total Docentes Previstos,28.0,numero
AVARE (20).xlsx,27,Semana 27 · 02/08 a 08/08,EMILIO IMMOOS PADRE - 45226,(%) ATPLs Concluídos,0.9591836734693877,percentual
AVARE (20).xlsx,27,Semana 27 · 02/08 a 08/08,EMILIO IMMOOS PADRE - 45226,(%) de Docentes Ativos no Período,0.96,percentual
AVARE (20).xlsx,27,Semana 27 · 02/08 a 08/08,EMILIO IMMOOS PADRE - 45226,ATPLs Concluídos,47.0,numero
AVARE (20).xlsx,27,Semana 27 · 02/08 a 08/08,EMILIO IMMOOS PADRE - 45226,ATPLs Previstos,49.0,numero
AVARE (20).xlsx,27,Semana 27 · 02/08 a 08/08,EMILIO IMMOOS PADRE - 45226,Total Docentes Ativos,24.0,numero
AVARE (20).xlsx,27,Semana 27 · 02/08 a 08/08,EMILIO IMMOOS PADRE - 45226,Total Docentes Previstos,25.0,numero
AVARE (20).xlsx,27,Semana 27 · 02/08 a 08/08,ERUCE PAULUCCI PROFESSOR - 914484,(%) ATPLs Concluídos,0.7941176470588235,percentual
AVARE (20).xlsx,27,Semana 27 · 02/08 a 08/08,ERUCE PAULUCCI PROFESSOR - 914484,(%) de Docentes Ativos no Período,0.8235294117647058,percentual
AVARE (20).xlsx,27,Semana 27 · 02/08 a 08/08,ERUCE PAULUCCI PROFESSOR - 914484,ATPLs Concluídos,27.0,numero
AVARE (20).xlsx,27,Semana 27 · 02/08 a 08/08,ERUCE PAULUCCI PROFESSOR - 914484,ATPLs Previstos,34.0,numero
AVARE (20).xlsx,27,Semana 27 · 02/08 a 08/08,ERUCE PAULUCCI PROFESSOR - 914484,Total Docentes Ativos,14.0,numero
AVARE (20).xlsx,27,Semana 27 · 02/08 a 08/08,ERUCE PAULUCCI PROFESSOR - 914484,Total Docentes Previstos,17.0,numero
AVARE (20).xlsx,27,Semana 27 · 02/08 a 08/08,GUIDO DIAS DE ALMEIDA PROFESSOR - 910119,(%) ATPLs Concluídos,0.94,percentual
AVARE (20).xlsx,27,Semana 27 · 02/08 a 08/08,GUIDO DIAS DE ALMEIDA PROFESSOR - 910119,(%) de Docentes Ativos no Período,0.9615384615384616,percentual
AVARE (20).xlsx,27,Semana 27 · 02/08 a 08/08,GUIDO DIAS DE ALMEIDA PROFESSOR - 910119,ATPLs Concluídos,47.0,numero
AVARE (20).xlsx,27,Semana 27 · 02/08 a 08/08,GUIDO DIAS DE ALMEIDA PROFESSOR - 910119,ATPLs Previstos,50.0,numero
AVARE (20).xlsx,27,Semana 27 · 02/08 a 08/08,GUIDO DIAS DE ALMEIDA PROFESSOR - 910119,Total Docentes Ativos,25.0,numero
AVARE (20).xlsx,27,Semana 27 · 02/08 a 08/08,GUIDO DIAS DE ALMEIDA PROFESSOR - 910119,Total Docentes Previstos,26.0,numero
AVARE (20).xlsx,27,Semana 27 · 02/08 a 08/08,JOAO CRUZ CORONEL - 14497,(%) ATPLs Concluídos,0.9836065573770492,percentual
AVARE (20).xlsx,27,Semana 27 · 02/08 a 08/08,JOAO CRUZ CORONEL - 14497,(%) de Docentes Ativos no Período,0.9836065573770492,percentual
AVARE (20).xlsx,27,Semana 27 · 02/08 a 08/08,JOAO CRUZ CORONEL - 14497,ATPLs Concluídos,120.0,numero
AVARE (20).xlsx,27,Semana 27 · 02/08 a 08/08,JOAO CRUZ CORONEL - 14497,ATPLs Previstos,122.0,numero
AVARE (20).xlsx,27,Semana 27 · 02/08 a 08/08,JOAO CRUZ CORONEL - 14497,Total Docentes Ativos,60.0,numero
AVARE (20).xlsx,27,Semana 27 · 02/08 a 08/08,JOAO CRUZ CORONEL - 14497,Total Docentes Previstos,61.0,numero
AVARE (20).xlsx,27,Semana 27 · 02/08 a 08/08,JOAO MICHELIN - 14485,(%) ATPLs Concluídos,0.9111111111111111,percentual
AVARE (20).xlsx,27,Semana 27 · 02/08 a 08/08,JOAO MICHELIN - 14485,(%) de Docentes Ativos no Período,0.9111111111111111,percentual
AVARE (20).xlsx,27,Semana 27 · 02/08 a 08/08,JOAO MICHELIN - 14485,ATPLs Concluídos,82.0,numero
AVARE (20).xlsx,27,Semana 27 · 02/08 a 08/08,JOAO MICHELIN - 14485,ATPLs Previstos,90.0,numero
AVARE (20).xlsx,27,Semana 27 · 02/08 a 08/08,JOAO MICHELIN - 14485,Total Docentes Ativos,41.0,numero
AVARE (20).xlsx,27,Semana 27 · 02/08 a 08/08,JOAO MICHELIN - 14485,Total Docentes Previstos,45.0,numero
AVARE (20).xlsx,27,Semana 27 · 02/08 a 08/08,JOAO TEIXEIRA DE ARAUJO PROFESSOR - 14588,(%) ATPLs Concluídos,0.9864864864864865,percentual
AVARE (20).xlsx,27,Semana 27 · 02/08 a 08/08,JOAO TEIXEIRA DE ARAUJO PROFESSOR - 14588,(%) de Docentes Ativos no Período,1.0,percentual
AVARE (20).xlsx,27,Semana 27 · 02/08 a 08/08,JOAO TEIXEIRA DE ARAUJO PROFESSOR - 14588,ATPLs Concluídos,73.0,numero
AVARE (20).xlsx,27,Semana 27 · 02/08 a 08/08,JOAO TEIXEIRA DE ARAUJO PROFESSOR - 14588,ATPLs Previstos,74.0,numero
AVARE (20).xlsx,27,Semana 27 · 02/08 a 08/08,JOAO TEIXEIRA DE ARAUJO PROFESSOR - 14588,Total Docentes Ativos,37.0,numero
AVARE (20).xlsx,27,Semana 27 · 02/08 a 08/08,JOAO TEIXEIRA DE ARAUJO PROFESSOR - 14588,Total Docentes Previstos,37.0,numero
AVARE (20).xlsx,27,Semana 27 · 02/08 a 08/08,JOSE APARECIDO CASTELUCCI PROFESSOR - 49888,(%) ATPLs Concluídos,1.0,percentual
AVARE (20).xlsx,27,Semana 27 · 02/08 a 08/08,JOSE APARECIDO CASTELUCCI PROFESSOR - 49888,(%) de Docentes Ativos no Período,1.0,percentual
AVARE (20).xlsx,27,Semana 27 · 02/08 a 08/08,JOSE APARECIDO CASTELUCCI PROFESSOR - 49888,ATPLs Concluídos,24.0,numero
AVARE (20).xlsx,27,Semana 27 · 02/08 a 08/08,JOSE APARECIDO CASTELUCCI PROFESSOR - 49888,ATPLs Previstos,24.0,numero
AVARE (20).xlsx,27,Semana 27 · 02/08 a 08/08,JOSE APARECIDO CASTELUCCI PROFESSOR - 49888,Total Docentes Ativos,12.0,numero
AVARE (20).xlsx,27,Semana 27 · 02/08 a 08/08,JOSE APARECIDO CASTELUCCI PROFESSOR - 49888,Total Docentes Previstos,12.0,numero
AVARE (20).xlsx,27,Semana 27 · 02/08 a 08/08,JOSE LEITE PINHEIRO PROFESSOR - 14527,(%) ATPLs Concluídos,0.9270833333333334,percentual
AVARE (20).xlsx,27,Semana 27 · 02/08 a 08/08,JOSE LEITE PINHEIRO PROFESSOR - 14527,(%) de Docentes Ativos no Período,0.9375,percentual
AVARE (20).xlsx,27,Semana 27 · 02/08 a 08/08,JOSE LEITE PINHEIRO PROFESSOR - 14527,ATPLs Concluídos,89.0,numero
AVARE (20).xlsx,27,Semana 27 · 02/08 a 08/08,JOSE LEITE PINHEIRO PROFESSOR - 14527,ATPLs Previstos,96.0,numero
AVARE (20).xlsx,27,Semana 27 · 02/08 a 08/08,JOSE LEITE PINHEIRO PROFESSOR - 14527,Total Docentes Ativos,45.0,numero
AVARE (20).xlsx,27,Semana 27 · 02/08 a 08/08,JOSE LEITE PINHEIRO PROFESSOR - 14527,Total Docentes Previstos,48.0,numero
AVARE (20).xlsx,27,Semana 27 · 02/08 a 08/08,JOSE PENNA - 14540,(%) ATPLs Concluídos,0.9701492537313433,percentual
AVARE (20).xlsx,27,Semana 27 · 02/08 a 08/08,JOSE PENNA - 14540,(%) de Docentes Ativos no Período,0.9705882352941176,percentual
AVARE (20).xlsx,27,Semana 27 · 02/08 a 08/08,JOSE PENNA - 14540,ATPLs Concluídos,65.0,numero
AVARE (20).xlsx,27,Semana 27 · 02/08 a 08/08,JOSE PENNA - 14540,ATPLs Previstos,67.0,numero
AVARE (20).xlsx,27,Semana 27 · 02/08 a 08/08,JOSE PENNA - 14540,Total Docentes Ativos,33.0,numero
AVARE (20).xlsx,27,Semana 27 · 02/08 a 08/08,JOSE PENNA - 14540,Total Docentes Previstos,34.0,numero
AVARE (20).xlsx,27,Semana 27 · 02/08 a 08/08,JOSE PIRES DE CARVALHO DOUTOR - 924088,(%) ATPLs Concluídos,1.0,percentual
AVARE (20).xlsx,27,Semana 27 · 02/08 a 08/08,JOSE PIRES DE CARVALHO DOUTOR - 924088,(%) de Docentes Ativos no Período,1.0,percentual
AVARE (20).xlsx,27,Semana 27 · 02/08 a 08/08,JOSE PIRES DE CARVALHO DOUTOR - 924088,ATPLs Concluídos,34.0,numero
AVARE (20).xlsx,27,Semana 27 · 02/08 a 08/08,JOSE PIRES DE CARVALHO DOUTOR - 924088,ATPLs Previstos,34.0,numero
AVARE (20).xlsx,27,Semana 27 · 02/08 a 08/08,JOSE PIRES DE CARVALHO DOUTOR - 924088,Total Docentes Ativos,17.0,numero
AVARE (20).xlsx,27,Semana 27 · 02/08 a 08/08,JOSE PIRES DE CARVALHO DOUTOR - 924088,Total Docentes Previstos,17.0,numero
AVARE (20).xlsx,27,Semana 27 · 02/08 a 08/08,MARIA IZABEL CRUZ PIMENTEL DONA - 38908,(%) ATPLs Concluídos,1.0,percentual
AVARE (20).xlsx,27,Semana 27 · 02/08 a 08/08,MARIA IZABEL CRUZ PIMENTEL DONA - 38908,(%) de Docentes Ativos no Período,1.0,percentual
AVARE (20).xlsx,27,Semana 27 · 02/08 a 08/08,MARIA IZABEL CRUZ PIMENTEL DONA - 38908,ATPLs Concluídos,76.0,numero
AVARE (20).xlsx,27,Semana 27 · 02/08 a 08/08,MARIA IZABEL CRUZ PIMENTEL DONA - 38908,ATPLs Previstos,76.0,numero
AVARE (20).xlsx,27,Semana 27 · 02/08 a 08/08,MARIA IZABEL CRUZ PIMENTEL DONA - 38908,Total Docentes Ativos,38.0,numero
AVARE (20).xlsx,27,Semana 27 · 02/08 a 08/08,MARIA IZABEL CRUZ PIMENTEL DONA - 38908,Total Docentes Previstos,38.0,numero
AVARE (20).xlsx,27,Semana 27 · 02/08 a 08/08,MATILDE VIEIRA - 14679,(%) ATPLs Concluídos,0.9305555555555556,percentual
AVARE (20).xlsx,27,Semana 27 · 02/08 a 08/08,MATILDE VIEIRA - 14679,(%) de Docentes Ativos no Período,0.9444444444444444,percentual
AVARE (20).xlsx,27,Semana 27 · 02/08 a 08/08,MATILDE VIEIRA - 14679,ATPLs Concluídos,67.0,numero
AVARE (20).xlsx,27,Semana 27 · 02/08 a 08/08,MATILDE VIEIRA - 14679,ATPLs Previstos,72.0,numero
AVARE (20).xlsx,27,Semana 27 · 02/08 a 08/08,MATILDE VIEIRA - 14679,Total Docentes Ativos,34.0,numero
AVARE (20).xlsx,27,Semana 27 · 02/08 a 08/08,MATILDE VIEIRA - 14679,Total Docentes Previstos,36.0,numero
AVARE (20).xlsx,27,Semana 27 · 02/08 a 08/08,PAULO ARAUJO NOVAES DOUTOR - 14461,(%) ATPLs Concluídos,0.9791666666666666,percentual
AVARE (20).xlsx,27,Semana 27 · 02/08 a 08/08,PAULO ARAUJO NOVAES DOUTOR - 14461,(%) de Docentes Ativos no Período,0.9791666666666666,percentual
AVARE (20).xlsx,27,Semana 27 · 02/08 a 08/08,PAULO ARAUJO NOVAES DOUTOR - 14461,ATPLs Concluídos,94.0,numero
AVARE (20).xlsx,27,Semana 27 · 02/08 a 08/08,PAULO ARAUJO NOVAES DOUTOR - 14461,ATPLs Previstos,96.0,numero
AVARE (20).xlsx,27,Semana 27 · 02/08 a 08/08,PAULO ARAUJO NOVAES DOUTOR - 14461,Total Docentes Ativos,47.0,numero
AVARE (20).xlsx,27,Semana 27 · 02/08 a 08/08,PAULO ARAUJO NOVAES DOUTOR - 14461,Total Docentes Previstos,48.0,numero
AVARE (20).xlsx,27,Semana 27 · 02/08 a 08/08,PAULO DELICIO - 14515,(%) ATPLs Concluídos,0.8285714285714286,percentual
AVARE (20).xlsx,27,Semana 27 · 02/08 a 08/08,PAULO DELICIO - 14515,(%) de Docentes Ativos no Período,0.8857142857142857,percentual
AVARE (20).xlsx,27,Semana 27 · 02/08 a 08/08,PAULO DELICIO - 14515,ATPLs Concluídos,58.0,numero
AVARE (20).xlsx,27,Semana 27 · 02/08 a 08/08,PAULO DELICIO - 14515,ATPLs Previstos,70.0,numero
AVARE (20).xlsx,27,Semana 27 · 02/08 a 08/08,PAULO DELICIO - 14515,Total Docentes Ativos,31.0,numero
AVARE (20).xlsx,27,Semana 27 · 02/08 a 08/08,PAULO DELICIO - 14515,Total Docentes Previstos,35.0,numero
AVARE (20).xlsx,27,Semana 27 · 02/08 a 08/08,PEDRO BENTO ALVES - 14503,(%) ATPLs Concluídos,0.9705882352941176,percentual
AVARE (20).xlsx,27,Semana 27 · 02/08 a 08/08,PEDRO BENTO ALVES - 14503,(%) de Docentes Ativos no Período,0.9705882352941176,percentual
AVARE (20).xlsx,27,Semana 27 · 02/08 a 08/08,PEDRO BENTO ALVES - 14503,ATPLs Concluídos,66.0,numero
AVARE (20).xlsx,27,Semana 27 · 02/08 a 08/08,PEDRO BENTO ALVES - 14503,ATPLs Previstos,68.0,numero
AVARE (20).xlsx,27,Semana 27 · 02/08 a 08/08,PEDRO BENTO ALVES - 14503,Total Docentes Ativos,33.0,numero
AVARE (20).xlsx,27,Semana 27 · 02/08 a 08/08,PEDRO BENTO ALVES - 14503,Total Docentes Previstos,34.0,numero
AVARE (20).xlsx,27,Semana 27 · 02/08 a 08/08,PROFESSORA MARIANA APARECIDA TODESCATO - 191516,(%) ATPLs Concluídos,0.98,percentual
AVARE (20).xlsx,27,Semana 27 · 02/08 a 08/08,PROFESSORA MARIANA APARECIDA TODESCATO - 191516,(%) de Docentes Ativos no Período,1.0,percentual
AVARE (20).xlsx,27,Semana 27 · 02/08 a 08/08,PROFESSORA MARIANA APARECIDA TODESCATO - 191516,ATPLs Concluídos,49.0,numero
AVARE (20).xlsx,27,Semana 27 · 02/08 a 08/08,PROFESSORA MARIANA APARECIDA TODESCATO - 191516,ATPLs Previstos,50.0,numero
AVARE (20).xlsx,27,Semana 27 · 02/08 a 08/08,PROFESSORA MARIANA APARECIDA TODESCATO - 191516,Total Docentes Ativos,25.0,numero
AVARE (20).xlsx,27,Semana 27 · 02/08 a 08/08,PROFESSORA MARIANA APARECIDA TODESCATO - 191516,Total Docentes Previstos,25.0,numero
AVARE (20).xlsx,27,Semana 27 · 02/08 a 08/08,SANDRA APARECIDA DE ARAUJO PROFESSORA - 924337,(%) ATPLs Concluídos,0.8518518518518519,percentual
AVARE (20).xlsx,27,Semana 27 · 02/08 a 08/08,SANDRA APARECIDA DE ARAUJO PROFESSORA - 924337,(%) de Docentes Ativos no Período,0.8888888888888888,percentual
AVARE (20).xlsx,27,Semana 27 · 02/08 a 08/08,SANDRA APARECIDA DE ARAUJO PROFESSORA - 924337,ATPLs Concluídos,46.0,numero
AVARE (20).xlsx,27,Semana 27 · 02/08 a 08/08,SANDRA APARECIDA DE ARAUJO PROFESSORA - 924337,ATPLs Previstos,54.0,numero
AVARE (20).xlsx,27,Semana 27 · 02/08 a 08/08,SANDRA APARECIDA DE ARAUJO PROFESSORA - 924337,Total Docentes Ativos,24.0,numero
AVARE (20).xlsx,27,Semana 27 · 02/08 a 08/08,SANDRA APARECIDA DE ARAUJO PROFESSORA - 924337,Total Docentes Previstos,27.0,numero
AVARE (20).xlsx,27,Semana 27 · 02/08 a 08/08,Total (planilha),(%) ATPLs Concluídos,0.9421088904203997,percentual
AVARE (20).xlsx,27,Semana 27 · 02/08 a 08/08,Total (planilha),(%) de Docentes Ativos no Período,0.9595808383233533,percentual
AVARE (20).xlsx,27,Semana 27 · 02/08 a 08/08,Total (planilha),ATPLs Concluídos,1367.0,numero
AVARE (20).xlsx,27,Semana 27 · 02/08 a 08/08,Total (planilha),ATPLs Previstos,1451.0,numero
AVARE (20).xlsx,27,Semana 27 · 02/08 a 08/08,Total (planilha),Total Docentes Ativos,641.0,numero
AVARE (20).xlsx,27,Semana 27 · 02/08 a 08/08,Total (planilha),Total Docentes Previstos,668.0,numero
AVARE (19).xlsx,28,Semana 28 · 09/08 a 15/08,ABILIO RAPOSO FERRAZ JUNIOR - 903188,(%) ATPLs Concluídos,1.0,percentual
AVARE (19).xlsx,28,Semana 28 · 09/08 a 15/08,ABILIO RAPOSO FERRAZ JUNIOR - 903188,(%) de Docentes Ativos no Período,1.0,percentual
AVARE (19).xlsx,28,Semana 28 · 09/08 a 15/08,ABILIO RAPOSO FERRAZ JUNIOR - 903188,ATPLs Concluídos,84.0,numero
AVARE (19).xlsx,28,Semana 28 · 09/08 a 15/08,ABILIO RAPOSO FERRAZ JUNIOR - 903188,ATPLs Previstos,84.0,numero
AVARE (19).xlsx,28,Semana 28 · 09/08 a 15/08,ABILIO RAPOSO FERRAZ JUNIOR - 903188,Total Docentes Ativos,42.0,numero
AVARE (19).xlsx,28,Semana 28 · 09/08 a 15/08,ABILIO RAPOSO FERRAZ JUNIOR - 903188,Total Docentes Previstos,42.0,numero
AVARE (19).xlsx,28,Semana 28 · 09/08 a 15/08,ASSENTAMENTO ZUMBI DOS PALMARES - 566032,(%) ATPLs Concluídos,0.7727272727272727,percentual
AVARE (19).xlsx,28,Semana 28 · 09/08 a 15/08,ASSENTAMENTO ZUMBI DOS PALMARES - 566032,(%) de Docentes Ativos no Período,0.8181818181818182,percentual
AVARE (19).xlsx,28,Semana 28 · 09/08 a 15/08,ASSENTAMENTO ZUMBI DOS PALMARES - 566032,ATPLs Concluídos,17.0,numero
AVARE (19).xlsx,28,Semana 28 · 09/08 a 15/08,ASSENTAMENTO ZUMBI DOS PALMARES - 566032,ATPLs Previstos,22.0,numero
AVARE (19).xlsx,28,Semana 28 · 09/08 a 15/08,ASSENTAMENTO ZUMBI DOS PALMARES - 566032,Total Docentes Ativos,9.0,numero
AVARE (19).xlsx,28,Semana 28 · 09/08 a 15/08,ASSENTAMENTO ZUMBI DOS PALMARES - 566032,Total Docentes Previstos,11.0,numero
AVARE (19).xlsx,28,Semana 28 · 09/08 a 15/08,AVELINO APARECIDO RIBEIRO DOUTOR - 14552,(%) ATPLs Concluídos,0.8387096774193549,percentual
AVARE (19).xlsx,28,Semana 28 · 09/08 a 15/08,AVELINO APARECIDO RIBEIRO DOUTOR - 14552,(%) de Docentes Ativos no Período,0.875,percentual
AVARE (19).xlsx,28,Semana 28 · 09/08 a 15/08,AVELINO APARECIDO RIBEIRO DOUTOR - 14552,ATPLs Concluídos,26.0,numero
AVARE (19).xlsx,28,Semana 28 · 09/08 a 15/08,AVELINO APARECIDO RIBEIRO DOUTOR - 14552,ATPLs Previstos,31.0,numero
AVARE (19).xlsx,28,Semana 28 · 09/08 a 15/08,AVELINO APARECIDO RIBEIRO DOUTOR - 14552,Total Docentes Ativos,14.0,numero
AVARE (19).xlsx,28,Semana 28 · 09/08 a 15/08,AVELINO APARECIDO RIBEIRO DOUTOR - 14552,Total Docentes Previstos,16.0,numero
AVARE (19).xlsx,28,Semana 28 · 09/08 a 15/08,BENE ANDRADE DONA - 14631,(%) ATPLs Concluídos,0.9833333333333333,percentual
AVARE (19).xlsx,28,Semana 28 · 09/08 a 15/08,BENE ANDRADE DONA - 14631,(%) de Docentes Ativos no Período,1.0,percentual
AVARE (19).xlsx,28,Semana 28 · 09/08 a 15/08,BENE ANDRADE DONA - 14631,ATPLs Concluídos,59.0,numero
AVARE (19).xlsx,28,Semana 28 · 09/08 a 15/08,BENE ANDRADE DONA - 14631,ATPLs Previstos,60.0,numero
AVARE (19).xlsx,28,Semana 28 · 09/08 a 15/08,BENE ANDRADE DONA - 14631,Total Docentes Ativos,31.0,numero
AVARE (19).xlsx,28,Semana 28 · 09/08 a 15/08,BENE ANDRADE DONA - 14631,Total Docentes Previstos,31.0,numero
AVARE (19).xlsx,28,Semana 28 · 09/08 a 15/08,CELSO FERREIRA DA SILVA PROFESSOR - 918489,(%) ATPLs Concluídos,1.0,percentual
AVARE (19).xlsx,28,Semana 28 · 09/08 a 15/08,CELSO FERREIRA DA SILVA PROFESSOR - 918489,(%) de Docentes Ativos no Período,1.0,percentual
AVARE (19).xlsx,28,Semana 28 · 09/08 a 15/08,CELSO FERREIRA DA SILVA PROFESSOR - 918489,ATPLs Concluídos,28.0,numero
AVARE (19).xlsx,28,Semana 28 · 09/08 a 15/08,CELSO FERREIRA DA SILVA PROFESSOR - 918489,ATPLs Previstos,28.0,numero
AVARE (19).xlsx,28,Semana 28 · 09/08 a 15/08,CELSO FERREIRA DA SILVA PROFESSOR - 918489,Total Docentes Ativos,14.0,numero
AVARE (19).xlsx,28,Semana 28 · 09/08 a 15/08,CELSO FERREIRA DA SILVA PROFESSOR - 918489,Total Docentes Previstos,14.0,numero
AVARE (19).xlsx,28,Semana 28 · 09/08 a 15/08,COTA LEONEL DONA - 905185,(%) ATPLs Concluídos,1.0,percentual
AVARE (19).xlsx,28,Semana 28 · 09/08 a 15/08,COTA LEONEL DONA - 905185,(%) de Docentes Ativos no Período,1.0,percentual
AVARE (19).xlsx,28,Semana 28 · 09/08 a 15/08,COTA LEONEL DONA - 905185,ATPLs Concluídos,53.0,numero
AVARE (19).xlsx,28,Semana 28 · 09/08 a 15/08,COTA LEONEL DONA - 905185,ATPLs Previstos,53.0,numero
AVARE (19).xlsx,28,Semana 28 · 09/08 a 15/08,COTA LEONEL DONA - 905185,Total Docentes Ativos,27.0,numero
AVARE (19).xlsx,28,Semana 28 · 09/08 a 15/08,COTA LEONEL DONA - 905185,Total Docentes Previstos,27.0,numero
AVARE (19).xlsx,28,Semana 28 · 09/08 a 15/08,DIMAS MOZART E SILVA PROFESSOR - 900424,(%) ATPLs Concluídos,1.0,percentual
AVARE (19).xlsx,28,Semana 28 · 09/08 a 15/08,DIMAS MOZART E SILVA PROFESSOR - 900424,(%) de Docentes Ativos no Período,1.0,percentual
AVARE (19).xlsx,28,Semana 28 · 09/08 a 15/08,DIMAS MOZART E SILVA PROFESSOR - 900424,ATPLs Concluídos,55.0,numero
AVARE (19).xlsx,28,Semana 28 · 09/08 a 15/08,DIMAS MOZART E SILVA PROFESSOR - 900424,ATPLs Previstos,55.0,numero
AVARE (19).xlsx,28,Semana 28 · 09/08 a 15/08,DIMAS MOZART E SILVA PROFESSOR - 900424,Total Docentes Ativos,28.0,numero
AVARE (19).xlsx,28,Semana 28 · 09/08 a 15/08,DIMAS MOZART E SILVA PROFESSOR - 900424,Total Docentes Previstos,28.0,numero
AVARE (19).xlsx,28,Semana 28 · 09/08 a 15/08,EMILIO IMMOOS PADRE - 45226,(%) ATPLs Concluídos,1.0,percentual
AVARE (19).xlsx,28,Semana 28 · 09/08 a 15/08,EMILIO IMMOOS PADRE - 45226,(%) de Docentes Ativos no Período,1.0,percentual
AVARE (19).xlsx,28,Semana 28 · 09/08 a 15/08,EMILIO IMMOOS PADRE - 45226,ATPLs Concluídos,49.0,numero
AVARE (19).xlsx,28,Semana 28 · 09/08 a 15/08,EMILIO IMMOOS PADRE - 45226,ATPLs Previstos,49.0,numero
AVARE (19).xlsx,28,Semana 28 · 09/08 a 15/08,EMILIO IMMOOS PADRE - 45226,Total Docentes Ativos,25.0,numero
AVARE (19).xlsx,28,Semana 28 · 09/08 a 15/08,EMILIO IMMOOS PADRE - 45226,Total Docentes Previstos,25.0,numero
AVARE (19).xlsx,28,Semana 28 · 09/08 a 15/08,ERUCE PAULUCCI PROFESSOR - 914484,(%) ATPLs Concluídos,0.7777777777777778,percentual
AVARE (19).xlsx,28,Semana 28 · 09/08 a 15/08,ERUCE PAULUCCI PROFESSOR - 914484,(%) de Docentes Ativos no Período,0.7777777777777778,percentual
AVARE (19).xlsx,28,Semana 28 · 09/08 a 15/08,ERUCE PAULUCCI PROFESSOR - 914484,ATPLs Concluídos,28.0,numero
AVARE (19).xlsx,28,Semana 28 · 09/08 a 15/08,ERUCE PAULUCCI PROFESSOR - 914484,ATPLs Previstos,36.0,numero
AVARE (19).xlsx,28,Semana 28 · 09/08 a 15/08,ERUCE PAULUCCI PROFESSOR - 914484,Total Docentes Ativos,14.0,numero
AVARE (19).xlsx,28,Semana 28 · 09/08 a 15/08,ERUCE PAULUCCI PROFESSOR - 914484,Total Docentes Previstos,18.0,numero
AVARE (19).xlsx,28,Semana 28 · 09/08 a 15/08,GUIDO DIAS DE ALMEIDA PROFESSOR - 910119,(%) ATPLs Concluídos,1.0,percentual
AVARE (19).xlsx,28,Semana 28 · 09/08 a 15/08,GUIDO DIAS DE ALMEIDA PROFESSOR - 910119,(%) de Docentes Ativos no Período,1.0,percentual
AVARE (19).xlsx,28,Semana 28 · 09/08 a 15/08,GUIDO DIAS DE ALMEIDA PROFESSOR - 910119,ATPLs Concluídos,51.0,numero
AVARE (19).xlsx,28,Semana 28 · 09/08 a 15/08,GUIDO DIAS DE ALMEIDA PROFESSOR - 910119,ATPLs Previstos,51.0,numero
AVARE (19).xlsx,28,Semana 28 · 09/08 a 15/08,GUIDO DIAS DE ALMEIDA PROFESSOR - 910119,Total Docentes Ativos,26.0,numero
AVARE (19).xlsx,28,Semana 28 · 09/08 a 15/08,GUIDO DIAS DE ALMEIDA PROFESSOR - 910119,Total Docentes Previstos,26.0,numero
AVARE (19).xlsx,28,Semana 28 · 09/08 a 15/08,JOAO CRUZ CORONEL - 14497,(%) ATPLs Concluídos,0.9603174603174603,percentual
AVARE (19).xlsx,28,Semana 28 · 09/08 a 15/08,JOAO CRUZ CORONEL - 14497,(%) de Docentes Ativos no Período,0.9682539682539683,percentual
AVARE (19).xlsx,28,Semana 28 · 09/08 a 15/08,JOAO CRUZ CORONEL - 14497,ATPLs Concluídos,121.0,numero
AVARE (19).xlsx,28,Semana 28 · 09/08 a 15/08,JOAO CRUZ CORONEL - 14497,ATPLs Previstos,126.0,numero
AVARE (19).xlsx,28,Semana 28 · 09/08 a 15/08,JOAO CRUZ CORONEL - 14497,Total Docentes Ativos,61.0,numero
AVARE (19).xlsx,28,Semana 28 · 09/08 a 15/08,JOAO CRUZ CORONEL - 14497,Total Docentes Previstos,63.0,numero
AVARE (19).xlsx,28,Semana 28 · 09/08 a 15/08,JOAO MICHELIN - 14485,(%) ATPLs Concluídos,1.0,percentual
AVARE (19).xlsx,28,Semana 28 · 09/08 a 15/08,JOAO MICHELIN - 14485,(%) de Docentes Ativos no Período,1.0,percentual
AVARE (19).xlsx,28,Semana 28 · 09/08 a 15/08,JOAO MICHELIN - 14485,ATPLs Concluídos,90.0,numero
AVARE (19).xlsx,28,Semana 28 · 09/08 a 15/08,JOAO MICHELIN - 14485,ATPLs Previstos,90.0,numero
AVARE (19).xlsx,28,Semana 28 · 09/08 a 15/08,JOAO MICHELIN - 14485,Total Docentes Ativos,45.0,numero
AVARE (19).xlsx,28,Semana 28 · 09/08 a 15/08,JOAO MICHELIN - 14485,Total Docentes Previstos,45.0,numero
AVARE (19).xlsx,28,Semana 28 · 09/08 a 15/08,JOAO TEIXEIRA DE ARAUJO PROFESSOR - 14588,(%) ATPLs Concluídos,0.9210526315789473,percentual
AVARE (19).xlsx,28,Semana 28 · 09/08 a 15/08,JOAO TEIXEIRA DE ARAUJO PROFESSOR - 14588,(%) de Docentes Ativos no Período,0.9473684210526315,percentual
AVARE (19).xlsx,28,Semana 28 · 09/08 a 15/08,JOAO TEIXEIRA DE ARAUJO PROFESSOR - 14588,ATPLs Concluídos,70.0,numero
AVARE (19).xlsx,28,Semana 28 · 09/08 a 15/08,JOAO TEIXEIRA DE ARAUJO PROFESSOR - 14588,ATPLs Previstos,76.0,numero
AVARE (19).xlsx,28,Semana 28 · 09/08 a 15/08,JOAO TEIXEIRA DE ARAUJO PROFESSOR - 14588,Total Docentes Ativos,36.0,numero
AVARE (19).xlsx,28,Semana 28 · 09/08 a 15/08,JOAO TEIXEIRA DE ARAUJO PROFESSOR - 14588,Total Docentes Previstos,38.0,numero
AVARE (19).xlsx,28,Semana 28 · 09/08 a 15/08,JOSE APARECIDO CASTELUCCI PROFESSOR - 49888,(%) ATPLs Concluídos,1.0,percentual
AVARE (19).xlsx,28,Semana 28 · 09/08 a 15/08,JOSE APARECIDO CASTELUCCI PROFESSOR - 49888,(%) de Docentes Ativos no Período,1.0,percentual
AVARE (19).xlsx,28,Semana 28 · 09/08 a 15/08,JOSE APARECIDO CASTELUCCI PROFESSOR - 49888,ATPLs Concluídos,24.0,numero
AVARE (19).xlsx,28,Semana 28 · 09/08 a 15/08,JOSE APARECIDO CASTELUCCI PROFESSOR - 49888,ATPLs Previstos,24.0,numero
AVARE (19).xlsx,28,Semana 28 · 09/08 a 15/08,JOSE APARECIDO CASTELUCCI PROFESSOR - 49888,Total Docentes Ativos,12.0,numero
AVARE (19).xlsx,28,Semana 28 · 09/08 a 15/08,JOSE APARECIDO CASTELUCCI PROFESSOR - 49888,Total Docentes Previstos,12.0,numero
AVARE (19).xlsx,28,Semana 28 · 09/08 a 15/08,JOSE LEITE PINHEIRO PROFESSOR - 14527,(%) ATPLs Concluídos,0.96875,percentual
AVARE (19).xlsx,28,Semana 28 · 09/08 a 15/08,JOSE LEITE PINHEIRO PROFESSOR - 14527,(%) de Docentes Ativos no Período,0.9791666666666666,percentual
AVARE (19).xlsx,28,Semana 28 · 09/08 a 15/08,JOSE LEITE PINHEIRO PROFESSOR - 14527,ATPLs Concluídos,93.0,numero
AVARE (19).xlsx,28,Semana 28 · 09/08 a 15/08,JOSE LEITE PINHEIRO PROFESSOR - 14527,ATPLs Previstos,96.0,numero
AVARE (19).xlsx,28,Semana 28 · 09/08 a 15/08,JOSE LEITE PINHEIRO PROFESSOR - 14527,Total Docentes Ativos,47.0,numero
AVARE (19).xlsx,28,Semana 28 · 09/08 a 15/08,JOSE LEITE PINHEIRO PROFESSOR - 14527,Total Docentes Previstos,48.0,numero
AVARE (19).xlsx,28,Semana 28 · 09/08 a 15/08,JOSE PENNA - 14540,(%) ATPLs Concluídos,0.9701492537313433,percentual
AVARE (19).xlsx,28,Semana 28 · 09/08 a 15/08,JOSE PENNA - 14540,(%) de Docentes Ativos no Período,0.9705882352941176,percentual
AVARE (19).xlsx,28,Semana 28 · 09/08 a 15/08,JOSE PENNA - 14540,ATPLs Concluídos,65.0,numero
AVARE (19).xlsx,28,Semana 28 · 09/08 a 15/08,JOSE PENNA - 14540,ATPLs Previstos,67.0,numero
AVARE (19).xlsx,28,Semana 28 · 09/08 a 15/08,JOSE PENNA - 14540,Total Docentes Ativos,33.0,numero
AVARE (19).xlsx,28,Semana 28 · 09/08 a 15/08,JOSE PENNA - 14540,Total Docentes Previstos,34.0,numero
AVARE (19).xlsx,28,Semana 28 · 09/08 a 15/08,JOSE PIRES DE CARVALHO DOUTOR - 924088,(%) ATPLs Concluídos,1.0,percentual
AVARE (19).xlsx,28,Semana 28 · 09/08 a 15/08,JOSE PIRES DE CARVALHO DOUTOR - 924088,(%) de Docentes Ativos no Período,1.0,percentual
AVARE (19).xlsx,28,Semana 28 · 09/08 a 15/08,JOSE PIRES DE CARVALHO DOUTOR - 924088,ATPLs Concluídos,34.0,numero
AVARE (19).xlsx,28,Semana 28 · 09/08 a 15/08,JOSE PIRES DE CARVALHO DOUTOR - 924088,ATPLs Previstos,34.0,numero
AVARE (19).xlsx,28,Semana 28 · 09/08 a 15/08,JOSE PIRES DE CARVALHO DOUTOR - 924088,Total Docentes Ativos,17.0,numero
AVARE (19).xlsx,28,Semana 28 · 09/08 a 15/08,JOSE PIRES DE CARVALHO DOUTOR - 924088,Total Docentes Previstos,17.0,numero
AVARE (19).xlsx,28,Semana 28 · 09/08 a 15/08,MARIA IZABEL CRUZ PIMENTEL DONA - 38908,(%) ATPLs Concluídos,0.9736842105263158,percentual
AVARE (19).xlsx,28,Semana 28 · 09/08 a 15/08,MARIA IZABEL CRUZ PIMENTEL DONA - 38908,(%) de Docentes Ativos no Período,0.9736842105263158,percentual
AVARE (19).xlsx,28,Semana 28 · 09/08 a 15/08,MARIA IZABEL CRUZ PIMENTEL DONA - 38908,ATPLs Concluídos,74.0,numero
AVARE (19).xlsx,28,Semana 28 · 09/08 a 15/08,MARIA IZABEL CRUZ PIMENTEL DONA - 38908,ATPLs Previstos,76.0,numero
AVARE (19).xlsx,28,Semana 28 · 09/08 a 15/08,MARIA IZABEL CRUZ PIMENTEL DONA - 38908,Total Docentes Ativos,37.0,numero
AVARE (19).xlsx,28,Semana 28 · 09/08 a 15/08,MARIA IZABEL CRUZ PIMENTEL DONA - 38908,Total Docentes Previstos,38.0,numero
AVARE (19).xlsx,28,Semana 28 · 09/08 a 15/08,MATILDE VIEIRA - 14679,(%) ATPLs Concluídos,0.9722222222222222,percentual
AVARE (19).xlsx,28,Semana 28 · 09/08 a 15/08,MATILDE VIEIRA - 14679,(%) de Docentes Ativos no Período,0.9722222222222222,percentual
AVARE (19).xlsx,28,Semana 28 · 09/08 a 15/08,MATILDE VIEIRA - 14679,ATPLs Concluídos,70.0,numero
AVARE (19).xlsx,28,Semana 28 · 09/08 a 15/08,MATILDE VIEIRA - 14679,ATPLs Previstos,72.0,numero
AVARE (19).xlsx,28,Semana 28 · 09/08 a 15/08,MATILDE VIEIRA - 14679,Total Docentes Ativos,35.0,numero
AVARE (19).xlsx,28,Semana 28 · 09/08 a 15/08,MATILDE VIEIRA - 14679,Total Docentes Previstos,36.0,numero
AVARE (19).xlsx,28,Semana 28 · 09/08 a 15/08,PAULO ARAUJO NOVAES DOUTOR - 14461,(%) ATPLs Concluídos,0.9789473684210527,percentual
AVARE (19).xlsx,28,Semana 28 · 09/08 a 15/08,PAULO ARAUJO NOVAES DOUTOR - 14461,(%) de Docentes Ativos no Período,0.9791666666666666,percentual
AVARE (19).xlsx,28,Semana 28 · 09/08 a 15/08,PAULO ARAUJO NOVAES DOUTOR - 14461,ATPLs Concluídos,93.0,numero
AVARE (19).xlsx,28,Semana 28 · 09/08 a 15/08,PAULO ARAUJO NOVAES DOUTOR - 14461,ATPLs Previstos,95.0,numero
AVARE (19).xlsx,28,Semana 28 · 09/08 a 15/08,PAULO ARAUJO NOVAES DOUTOR - 14461,Total Docentes Ativos,47.0,numero
AVARE (19).xlsx,28,Semana 28 · 09/08 a 15/08,PAULO ARAUJO NOVAES DOUTOR - 14461,Total Docentes Previstos,48.0,numero
AVARE (19).xlsx,28,Semana 28 · 09/08 a 15/08,PAULO DELICIO - 14515,(%) ATPLs Concluídos,0.9178082191780822,percentual
AVARE (19).xlsx,28,Semana 28 · 09/08 a 15/08,PAULO DELICIO - 14515,(%) de Docentes Ativos no Período,0.972972972972973,percentual
AVARE (19).xlsx,28,Semana 28 · 09/08 a 15/08,PAULO DELICIO - 14515,ATPLs Concluídos,67.0,numero
AVARE (19).xlsx,28,Semana 28 · 09/08 a 15/08,PAULO DELICIO - 14515,ATPLs Previstos,73.0,numero
AVARE (19).xlsx,28,Semana 28 · 09/08 a 15/08,PAULO DELICIO - 14515,Total Docentes Ativos,36.0,numero
AVARE (19).xlsx,28,Semana 28 · 09/08 a 15/08,PAULO DELICIO - 14515,Total Docentes Previstos,37.0,numero
AVARE (19).xlsx,28,Semana 28 · 09/08 a 15/08,PEDRO BENTO ALVES - 14503,(%) ATPLs Concluídos,1.0,percentual
AVARE (19).xlsx,28,Semana 28 · 09/08 a 15/08,PEDRO BENTO ALVES - 14503,(%) de Docentes Ativos no Período,1.0,percentual
AVARE (19).xlsx,28,Semana 28 · 09/08 a 15/08,PEDRO BENTO ALVES - 14503,ATPLs Concluídos,68.0,numero
AVARE (19).xlsx,28,Semana 28 · 09/08 a 15/08,PEDRO BENTO ALVES - 14503,ATPLs Previstos,68.0,numero
AVARE (19).xlsx,28,Semana 28 · 09/08 a 15/08,PEDRO BENTO ALVES - 14503,Total Docentes Ativos,34.0,numero
AVARE (19).xlsx,28,Semana 28 · 09/08 a 15/08,PEDRO BENTO ALVES - 14503,Total Docentes Previstos,34.0,numero
AVARE (19).xlsx,28,Semana 28 · 09/08 a 15/08,PROFESSORA MARIANA APARECIDA TODESCATO - 191516,(%) ATPLs Concluídos,1.0,percentual
AVARE (19).xlsx,28,Semana 28 · 09/08 a 15/08,PROFESSORA MARIANA APARECIDA TODESCATO - 191516,(%) de Docentes Ativos no Período,1.0,percentual
AVARE (19).xlsx,28,Semana 28 · 09/08 a 15/08,PROFESSORA MARIANA APARECIDA TODESCATO - 191516,ATPLs Concluídos,52.0,numero
AVARE (19).xlsx,28,Semana 28 · 09/08 a 15/08,PROFESSORA MARIANA APARECIDA TODESCATO - 191516,ATPLs Previstos,52.0,numero
AVARE (19).xlsx,28,Semana 28 · 09/08 a 15/08,PROFESSORA MARIANA APARECIDA TODESCATO - 191516,Total Docentes Ativos,26.0,numero
AVARE (19).xlsx,28,Semana 28 · 09/08 a 15/08,PROFESSORA MARIANA APARECIDA TODESCATO - 191516,Total Docentes Previstos,26.0,numero
AVARE (19).xlsx,28,Semana 28 · 09/08 a 15/08,SANDRA APARECIDA DE ARAUJO PROFESSORA - 924337,(%) ATPLs Concluídos,0.875,percentual
AVARE (19).xlsx,28,Semana 28 · 09/08 a 15/08,SANDRA APARECIDA DE ARAUJO PROFESSORA - 924337,(%) de Docentes Ativos no Período,0.8928571428571429,percentual
AVARE (19).xlsx,28,Semana 28 · 09/08 a 15/08,SANDRA APARECIDA DE ARAUJO PROFESSORA - 924337,ATPLs Concluídos,49.0,numero
AVARE (19).xlsx,28,Semana 28 · 09/08 a 15/08,SANDRA APARECIDA DE ARAUJO PROFESSORA - 924337,ATPLs Previstos,56.0,numero
AVARE (19).xlsx,28,Semana 28 · 09/08 a 15/08,SANDRA APARECIDA DE ARAUJO PROFESSORA - 924337,Total Docentes Ativos,25.0,numero
AVARE (19).xlsx,28,Semana 28 · 09/08 a 15/08,SANDRA APARECIDA DE ARAUJO PROFESSORA - 924337,Total Docentes Previstos,28.0,numero
AVARE (19).xlsx,28,Semana 28 · 09/08 a 15/08,Total (planilha),(%) ATPLs Concluídos,0.9633649932157394,percentual
AVARE (19).xlsx,28,Semana 28 · 09/08 a 15/08,Total (planilha),(%) de Docentes Ativos no Período,0.971976401179941,percentual
AVARE (19).xlsx,28,Semana 28 · 09/08 a 15/08,Total (planilha),ATPLs Concluídos,1420.0,numero
AVARE (19).xlsx,28,Semana 28 · 09/08 a 15/08,Total (planilha),ATPLs Previstos,1474.0,numero
AVARE (19).xlsx,28,Semana 28 · 09/08 a 15/08,Total (planilha),Total Docentes Ativos,659.0,numero
AVARE (19).xlsx,28,Semana 28 · 09/08 a 15/08,Total (planilha),Total Docentes Previstos,678.0,numero
AVARE (18).xlsx,29,Semana 29 · 16/08 a 22/08,ABILIO RAPOSO FERRAZ JUNIOR - 903188,(%) ATPLs Concluídos,1.0,percentual
AVARE (18).xlsx,29,Semana 29 · 16/08 a 22/08,ABILIO RAPOSO FERRAZ JUNIOR - 903188,(%) de Docentes Ativos no Período,1.0,percentual
AVARE (18).xlsx,29,Semana 29 · 16/08 a 22/08,ABILIO RAPOSO FERRAZ JUNIOR - 903188,ATPLs Concluídos,84.0,numero
AVARE (18).xlsx,29,Semana 29 · 16/08 a 22/08,ABILIO RAPOSO FERRAZ JUNIOR - 903188,ATPLs Previstos,84.0,numero
AVARE (18).xlsx,29,Semana 29 · 16/08 a 22/08,ABILIO RAPOSO FERRAZ JUNIOR - 903188,Total Docentes Ativos,42.0,numero
AVARE (18).xlsx,29,Semana 29 · 16/08 a 22/08,ABILIO RAPOSO FERRAZ JUNIOR - 903188,Total Docentes Previstos,42.0,numero
AVARE (18).xlsx,29,Semana 29 · 16/08 a 22/08,ASSENTAMENTO ZUMBI DOS PALMARES - 566032,(%) ATPLs Concluídos,0.818181818181818,percentual
AVARE (18).xlsx,29,Semana 29 · 16/08 a 22/08,ASSENTAMENTO ZUMBI DOS PALMARES - 566032,(%) de Docentes Ativos no Período,0.818181818181818,percentual
AVARE (18).xlsx,29,Semana 29 · 16/08 a 22/08,ASSENTAMENTO ZUMBI DOS PALMARES - 566032,ATPLs Concluídos,18.0,numero
AVARE (18).xlsx,29,Semana 29 · 16/08 a 22/08,ASSENTAMENTO ZUMBI DOS PALMARES - 566032,ATPLs Previstos,22.0,numero
AVARE (18).xlsx,29,Semana 29 · 16/08 a 22/08,ASSENTAMENTO ZUMBI DOS PALMARES - 566032,Total Docentes Ativos,9.0,numero
AVARE (18).xlsx,29,Semana 29 · 16/08 a 22/08,ASSENTAMENTO ZUMBI DOS PALMARES - 566032,Total Docentes Previstos,11.0,numero
AVARE (18).xlsx,29,Semana 29 · 16/08 a 22/08,AVELINO APARECIDO RIBEIRO DOUTOR - 14552,(%) ATPLs Concluídos,0.925925925925926,percentual
AVARE (18).xlsx,29,Semana 29 · 16/08 a 22/08,AVELINO APARECIDO RIBEIRO DOUTOR - 14552,(%) de Docentes Ativos no Período,0.928571428571429,percentual
AVARE (18).xlsx,29,Semana 29 · 16/08 a 22/08,AVELINO APARECIDO RIBEIRO DOUTOR - 14552,ATPLs Concluídos,25.0,numero
AVARE (18).xlsx,29,Semana 29 · 16/08 a 22/08,AVELINO APARECIDO RIBEIRO DOUTOR - 14552,ATPLs Previstos,27.0,numero
AVARE (18).xlsx,29,Semana 29 · 16/08 a 22/08,AVELINO APARECIDO RIBEIRO DOUTOR - 14552,Total Docentes Ativos,13.0,numero
AVARE (18).xlsx,29,Semana 29 · 16/08 a 22/08,AVELINO APARECIDO RIBEIRO DOUTOR - 14552,Total Docentes Previstos,14.0,numero
AVARE (18).xlsx,29,Semana 29 · 16/08 a 22/08,BENE ANDRADE DONA - 14631,(%) ATPLs Concluídos,0.951612903225806,percentual
AVARE (18).xlsx,29,Semana 29 · 16/08 a 22/08,BENE ANDRADE DONA - 14631,(%) de Docentes Ativos no Período,0.967741935483871,percentual
AVARE (18).xlsx,29,Semana 29 · 16/08 a 22/08,BENE ANDRADE DONA - 14631,ATPLs Concluídos,59.0,numero
AVARE (18).xlsx,29,Semana 29 · 16/08 a 22/08,BENE ANDRADE DONA - 14631,ATPLs Previstos,62.0,numero
AVARE (18).xlsx,29,Semana 29 · 16/08 a 22/08,BENE ANDRADE DONA - 14631,Total Docentes Ativos,30.0,numero
AVARE (18).xlsx,29,Semana 29 · 16/08 a 22/08,BENE ANDRADE DONA - 14631,Total Docentes Previstos,31.0,numero
AVARE (18).xlsx,29,Semana 29 · 16/08 a 22/08,CELSO FERREIRA DA SILVA PROFESSOR - 918489,(%) ATPLs Concluídos,0.928571428571429,percentual
AVARE (18).xlsx,29,Semana 29 · 16/08 a 22/08,CELSO FERREIRA DA SILVA PROFESSOR - 918489,(%) de Docentes Ativos no Período,0.928571428571429,percentual
AVARE (18).xlsx,29,Semana 29 · 16/08 a 22/08,CELSO FERREIRA DA SILVA PROFESSOR - 918489,ATPLs Concluídos,26.0,numero
AVARE (18).xlsx,29,Semana 29 · 16/08 a 22/08,CELSO FERREIRA DA SILVA PROFESSOR - 918489,ATPLs Previstos,28.0,numero
AVARE (18).xlsx,29,Semana 29 · 16/08 a 22/08,CELSO FERREIRA DA SILVA PROFESSOR - 918489,Total Docentes Ativos,13.0,numero
AVARE (18).xlsx,29,Semana 29 · 16/08 a 22/08,CELSO FERREIRA DA SILVA PROFESSOR - 918489,Total Docentes Previstos,14.0,numero
AVARE (18).xlsx,29,Semana 29 · 16/08 a 22/08,COTA LEONEL DONA - 905185,(%) ATPLs Concluídos,0.963636363636364,percentual
AVARE (18).xlsx,29,Semana 29 · 16/08 a 22/08,COTA LEONEL DONA - 905185,(%) de Docentes Ativos no Período,0.964285714285714,percentual
AVARE (18).xlsx,29,Semana 29 · 16/08 a 22/08,COTA LEONEL DONA - 905185,ATPLs Concluídos,53.0,numero
AVARE (18).xlsx,29,Semana 29 · 16/08 a 22/08,COTA LEONEL DONA - 905185,ATPLs Previstos,55.0,numero
AVARE (18).xlsx,29,Semana 29 · 16/08 a 22/08,COTA LEONEL DONA - 905185,Total Docentes Ativos,27.0,numero
AVARE (18).xlsx,29,Semana 29 · 16/08 a 22/08,COTA LEONEL DONA - 905185,Total Docentes Previstos,28.0,numero
AVARE (18).xlsx,29,Semana 29 · 16/08 a 22/08,DIMAS MOZART E SILVA PROFESSOR - 900424,(%) ATPLs Concluídos,1.0,percentual
AVARE (18).xlsx,29,Semana 29 · 16/08 a 22/08,DIMAS MOZART E SILVA PROFESSOR - 900424,(%) de Docentes Ativos no Período,1.0,percentual
AVARE (18).xlsx,29,Semana 29 · 16/08 a 22/08,DIMAS MOZART E SILVA PROFESSOR - 900424,ATPLs Concluídos,53.0,numero
AVARE (18).xlsx,29,Semana 29 · 16/08 a 22/08,DIMAS MOZART E SILVA PROFESSOR - 900424,ATPLs Previstos,53.0,numero
AVARE (18).xlsx,29,Semana 29 · 16/08 a 22/08,DIMAS MOZART E SILVA PROFESSOR - 900424,Total Docentes Ativos,27.0,numero
AVARE (18).xlsx,29,Semana 29 · 16/08 a 22/08,DIMAS MOZART E SILVA PROFESSOR - 900424,Total Docentes Previstos,27.0,numero
AVARE (18).xlsx,29,Semana 29 · 16/08 a 22/08,EMILIO IMMOOS PADRE - 45226,(%) ATPLs Concluídos,1.0,percentual
AVARE (18).xlsx,29,Semana 29 · 16/08 a 22/08,EMILIO IMMOOS PADRE - 45226,(%) de Docentes Ativos no Período,1.0,percentual
AVARE (18).xlsx,29,Semana 29 · 16/08 a 22/08,EMILIO IMMOOS PADRE - 45226,ATPLs Concluídos,47.0,numero
AVARE (18).xlsx,29,Semana 29 · 16/08 a 22/08,EMILIO IMMOOS PADRE - 45226,ATPLs Previstos,47.0,numero
AVARE (18).xlsx,29,Semana 29 · 16/08 a 22/08,EMILIO IMMOOS PADRE - 45226,Total Docentes Ativos,24.0,numero
AVARE (18).xlsx,29,Semana 29 · 16/08 a 22/08,EMILIO IMMOOS PADRE - 45226,Total Docentes Previstos,24.0,numero
AVARE (18).xlsx,29,Semana 29 · 16/08 a 22/08,ERUCE PAULUCCI PROFESSOR - 914484,(%) ATPLs Concluídos,0.888888888888889,percentual
AVARE (18).xlsx,29,Semana 29 · 16/08 a 22/08,ERUCE PAULUCCI PROFESSOR - 914484,(%) de Docentes Ativos no Período,0.888888888888889,percentual
AVARE (18).xlsx,29,Semana 29 · 16/08 a 22/08,ERUCE PAULUCCI PROFESSOR - 914484,ATPLs Concluídos,32.0,numero
AVARE (18).xlsx,29,Semana 29 · 16/08 a 22/08,ERUCE PAULUCCI PROFESSOR - 914484,ATPLs Previstos,36.0,numero
AVARE (18).xlsx,29,Semana 29 · 16/08 a 22/08,ERUCE PAULUCCI PROFESSOR - 914484,Total Docentes Ativos,16.0,numero
AVARE (18).xlsx,29,Semana 29 · 16/08 a 22/08,ERUCE PAULUCCI PROFESSOR - 914484,Total Docentes Previstos,18.0,numero
AVARE (18).xlsx,29,Semana 29 · 16/08 a 22/08,GUIDO DIAS DE ALMEIDA PROFESSOR - 910119,(%) ATPLs Concluídos,1.0,percentual
AVARE (18).xlsx,29,Semana 29 · 16/08 a 22/08,GUIDO DIAS DE ALMEIDA PROFESSOR - 910119,(%) de Docentes Ativos no Período,1.0,percentual
AVARE (18).xlsx,29,Semana 29 · 16/08 a 22/08,GUIDO DIAS DE ALMEIDA PROFESSOR - 910119,ATPLs Concluídos,51.0,numero
AVARE (18).xlsx,29,Semana 29 · 16/08 a 22/08,GUIDO DIAS DE ALMEIDA PROFESSOR - 910119,ATPLs Previstos,51.0,numero
AVARE (18).xlsx,29,Semana 29 · 16/08 a 22/08,GUIDO DIAS DE ALMEIDA PROFESSOR - 910119,Total Docentes Ativos,26.0,numero
AVARE (18).xlsx,29,Semana 29 · 16/08 a 22/08,GUIDO DIAS DE ALMEIDA PROFESSOR - 910119,Total Docentes Previstos,26.0,numero
AVARE (18).xlsx,29,Semana 29 · 16/08 a 22/08,JOAO CRUZ CORONEL - 14497,(%) ATPLs Concluídos,0.991735537190083,percentual
AVARE (18).xlsx,29,Semana 29 · 16/08 a 22/08,JOAO CRUZ CORONEL - 14497,(%) de Docentes Ativos no Período,0.983606557377049,percentual
AVARE (18).xlsx,29,Semana 29 · 16/08 a 22/08,JOAO CRUZ CORONEL - 14497,ATPLs Concluídos,120.0,numero
AVARE (18).xlsx,29,Semana 29 · 16/08 a 22/08,JOAO CRUZ CORONEL - 14497,ATPLs Previstos,121.0,numero
AVARE (18).xlsx,29,Semana 29 · 16/08 a 22/08,JOAO CRUZ CORONEL - 14497,Total Docentes Ativos,60.0,numero
AVARE (18).xlsx,29,Semana 29 · 16/08 a 22/08,JOAO CRUZ CORONEL - 14497,Total Docentes Previstos,61.0,numero
AVARE (18).xlsx,29,Semana 29 · 16/08 a 22/08,JOAO MICHELIN - 14485,(%) ATPLs Concluídos,0.977011494252874,percentual
AVARE (18).xlsx,29,Semana 29 · 16/08 a 22/08,JOAO MICHELIN - 14485,(%) de Docentes Ativos no Período,0.977272727272727,percentual
AVARE (18).xlsx,29,Semana 29 · 16/08 a 22/08,JOAO MICHELIN - 14485,ATPLs Concluídos,85.0,numero
AVARE (18).xlsx,29,Semana 29 · 16/08 a 22/08,JOAO MICHELIN - 14485,ATPLs Previstos,87.0,numero
AVARE (18).xlsx,29,Semana 29 · 16/08 a 22/08,JOAO MICHELIN - 14485,Total Docentes Ativos,43.0,numero
AVARE (18).xlsx,29,Semana 29 · 16/08 a 22/08,JOAO MICHELIN - 14485,Total Docentes Previstos,44.0,numero
AVARE (18).xlsx,29,Semana 29 · 16/08 a 22/08,JOAO TEIXEIRA DE ARAUJO PROFESSOR - 14588,(%) ATPLs Concluídos,1.0,percentual
AVARE (18).xlsx,29,Semana 29 · 16/08 a 22/08,JOAO TEIXEIRA DE ARAUJO PROFESSOR - 14588,(%) de Docentes Ativos no Período,1.0,percentual
AVARE (18).xlsx,29,Semana 29 · 16/08 a 22/08,JOAO TEIXEIRA DE ARAUJO PROFESSOR - 14588,ATPLs Concluídos,74.0,numero
AVARE (18).xlsx,29,Semana 29 · 16/08 a 22/08,JOAO TEIXEIRA DE ARAUJO PROFESSOR - 14588,ATPLs Previstos,74.0,numero
AVARE (18).xlsx,29,Semana 29 · 16/08 a 22/08,JOAO TEIXEIRA DE ARAUJO PROFESSOR - 14588,Total Docentes Ativos,37.0,numero
AVARE (18).xlsx,29,Semana 29 · 16/08 a 22/08,JOAO TEIXEIRA DE ARAUJO PROFESSOR - 14588,Total Docentes Previstos,37.0,numero
AVARE (18).xlsx,29,Semana 29 · 16/08 a 22/08,JOSE APARECIDO CASTELUCCI PROFESSOR - 49888,(%) ATPLs Concluídos,0.875,percentual
AVARE (18).xlsx,29,Semana 29 · 16/08 a 22/08,JOSE APARECIDO CASTELUCCI PROFESSOR - 49888,(%) de Docentes Ativos no Período,0.916666666666667,percentual
AVARE (18).xlsx,29,Semana 29 · 16/08 a 22/08,JOSE APARECIDO CASTELUCCI PROFESSOR - 49888,ATPLs Concluídos,21.0,numero
AVARE (18).xlsx,29,Semana 29 · 16/08 a 22/08,JOSE APARECIDO CASTELUCCI PROFESSOR - 49888,ATPLs Previstos,24.0,numero
AVARE (18).xlsx,29,Semana 29 · 16/08 a 22/08,JOSE APARECIDO CASTELUCCI PROFESSOR - 49888,Total Docentes Ativos,11.0,numero
AVARE (18).xlsx,29,Semana 29 · 16/08 a 22/08,JOSE APARECIDO CASTELUCCI PROFESSOR - 49888,Total Docentes Previstos,12.0,numero
AVARE (18).xlsx,29,Semana 29 · 16/08 a 22/08,JOSE LEITE PINHEIRO PROFESSOR - 14527,(%) ATPLs Concluídos,0.876288659793814,percentual
AVARE (18).xlsx,29,Semana 29 · 16/08 a 22/08,JOSE LEITE PINHEIRO PROFESSOR - 14527,(%) de Docentes Ativos no Período,0.918367346938776,percentual
AVARE (18).xlsx,29,Semana 29 · 16/08 a 22/08,JOSE LEITE PINHEIRO PROFESSOR - 14527,ATPLs Concluídos,85.0,numero
AVARE (18).xlsx,29,Semana 29 · 16/08 a 22/08,JOSE LEITE PINHEIRO PROFESSOR - 14527,ATPLs Previstos,97.0,numero
AVARE (18).xlsx,29,Semana 29 · 16/08 a 22/08,JOSE LEITE PINHEIRO PROFESSOR - 14527,Total Docentes Ativos,45.0,numero
AVARE (18).xlsx,29,Semana 29 · 16/08 a 22/08,JOSE LEITE PINHEIRO PROFESSOR - 14527,Total Docentes Previstos,49.0,numero
AVARE (18).xlsx,29,Semana 29 · 16/08 a 22/08,JOSE PENNA - 14540,(%) ATPLs Concluídos,1.0,percentual
AVARE (18).xlsx,29,Semana 29 · 16/08 a 22/08,JOSE PENNA - 14540,(%) de Docentes Ativos no Período,1.0,percentual
AVARE (18).xlsx,29,Semana 29 · 16/08 a 22/08,JOSE PENNA - 14540,ATPLs Concluídos,67.0,numero
AVARE (18).xlsx,29,Semana 29 · 16/08 a 22/08,JOSE PENNA - 14540,ATPLs Previstos,67.0,numero
AVARE (18).xlsx,29,Semana 29 · 16/08 a 22/08,JOSE PENNA - 14540,Total Docentes Ativos,34.0,numero
AVARE (18).xlsx,29,Semana 29 · 16/08 a 22/08,JOSE PENNA - 14540,Total Docentes Previstos,34.0,numero
AVARE (18).xlsx,29,Semana 29 · 16/08 a 22/08,JOSE PIRES DE CARVALHO DOUTOR - 924088,(%) ATPLs Concluídos,1.0,percentual
AVARE (18).xlsx,29,Semana 29 · 16/08 a 22/08,JOSE PIRES DE CARVALHO DOUTOR - 924088,(%) de Docentes Ativos no Período,1.0,percentual
AVARE (18).xlsx,29,Semana 29 · 16/08 a 22/08,JOSE PIRES DE CARVALHO DOUTOR - 924088,ATPLs Concluídos,34.0,numero
AVARE (18).xlsx,29,Semana 29 · 16/08 a 22/08,JOSE PIRES DE CARVALHO DOUTOR - 924088,ATPLs Previstos,34.0,numero
AVARE (18).xlsx,29,Semana 29 · 16/08 a 22/08,JOSE PIRES DE CARVALHO DOUTOR - 924088,Total Docentes Ativos,17.0,numero
AVARE (18).xlsx,29,Semana 29 · 16/08 a 22/08,JOSE PIRES DE CARVALHO DOUTOR - 924088,Total Docentes Previstos,17.0,numero
AVARE (18).xlsx,29,Semana 29 · 16/08 a 22/08,MARIA IZABEL CRUZ PIMENTEL DONA - 38908,(%) ATPLs Concluídos,1.0,percentual
AVARE (18).xlsx,29,Semana 29 · 16/08 a 22/08,MARIA IZABEL CRUZ PIMENTEL DONA - 38908,(%) de Docentes Ativos no Período,1.0,percentual
AVARE (18).xlsx,29,Semana 29 · 16/08 a 22/08,MARIA IZABEL CRUZ PIMENTEL DONA - 38908,ATPLs Concluídos,74.0,numero
AVARE (18).xlsx,29,Semana 29 · 16/08 a 22/08,MARIA IZABEL CRUZ PIMENTEL DONA - 38908,ATPLs Previstos,74.0,numero
AVARE (18).xlsx,29,Semana 29 · 16/08 a 22/08,MARIA IZABEL CRUZ PIMENTEL DONA - 38908,Total Docentes Ativos,37.0,numero
AVARE (18).xlsx,29,Semana 29 · 16/08 a 22/08,MARIA IZABEL CRUZ PIMENTEL DONA - 38908,Total Docentes Previstos,37.0,numero
AVARE (18).xlsx,29,Semana 29 · 16/08 a 22/08,MATILDE VIEIRA - 14679,(%) ATPLs Concluídos,0.916666666666667,percentual
AVARE (18).xlsx,29,Semana 29 · 16/08 a 22/08,MATILDE VIEIRA - 14679,(%) de Docentes Ativos no Período,0.944444444444444,percentual
AVARE (18).xlsx,29,Semana 29 · 16/08 a 22/08,MATILDE VIEIRA - 14679,ATPLs Concluídos,66.0,numero
AVARE (18).xlsx,29,Semana 29 · 16/08 a 22/08,MATILDE VIEIRA - 14679,ATPLs Previstos,72.0,numero
AVARE (18).xlsx,29,Semana 29 · 16/08 a 22/08,MATILDE VIEIRA - 14679,Total Docentes Ativos,34.0,numero
AVARE (18).xlsx,29,Semana 29 · 16/08 a 22/08,MATILDE VIEIRA - 14679,Total Docentes Previstos,36.0,numero
AVARE (18).xlsx,29,Semana 29 · 16/08 a 22/08,PAULO ARAUJO NOVAES DOUTOR - 14461,(%) ATPLs Concluídos,0.979166666666667,percentual
AVARE (18).xlsx,29,Semana 29 · 16/08 a 22/08,PAULO ARAUJO NOVAES DOUTOR - 14461,(%) de Docentes Ativos no Período,1.0,percentual
AVARE (18).xlsx,29,Semana 29 · 16/08 a 22/08,PAULO ARAUJO NOVAES DOUTOR - 14461,ATPLs Concluídos,94.0,numero
AVARE (18).xlsx,29,Semana 29 · 16/08 a 22/08,PAULO ARAUJO NOVAES DOUTOR - 14461,ATPLs Previstos,96.0,numero
AVARE (18).xlsx,29,Semana 29 · 16/08 a 22/08,PAULO ARAUJO NOVAES DOUTOR - 14461,Total Docentes Ativos,48.0,numero
AVARE (18).xlsx,29,Semana 29 · 16/08 a 22/08,PAULO ARAUJO NOVAES DOUTOR - 14461,Total Docentes Previstos,48.0,numero
AVARE (18).xlsx,29,Semana 29 · 16/08 a 22/08,PAULO DELICIO - 14515,(%) ATPLs Concluídos,0.915492957746479,percentual
AVARE (18).xlsx,29,Semana 29 · 16/08 a 22/08,PAULO DELICIO - 14515,(%) de Docentes Ativos no Período,0.916666666666667,percentual
AVARE (18).xlsx,29,Semana 29 · 16/08 a 22/08,PAULO DELICIO - 14515,ATPLs Concluídos,65.0,numero
AVARE (18).xlsx,29,Semana 29 · 16/08 a 22/08,PAULO DELICIO - 14515,ATPLs Previstos,71.0,numero
AVARE (18).xlsx,29,Semana 29 · 16/08 a 22/08,PAULO DELICIO - 14515,Total Docentes Ativos,33.0,numero
AVARE (18).xlsx,29,Semana 29 · 16/08 a 22/08,PAULO DELICIO - 14515,Total Docentes Previstos,36.0,numero
AVARE (18).xlsx,29,Semana 29 · 16/08 a 22/08,PEDRO BENTO ALVES - 14503,(%) ATPLs Concluídos,0.955882352941177,percentual
AVARE (18).xlsx,29,Semana 29 · 16/08 a 22/08,PEDRO BENTO ALVES - 14503,(%) de Docentes Ativos no Período,0.970588235294118,percentual
AVARE (18).xlsx,29,Semana 29 · 16/08 a 22/08,PEDRO BENTO ALVES - 14503,ATPLs Concluídos,65.0,numero
AVARE (18).xlsx,29,Semana 29 · 16/08 a 22/08,PEDRO BENTO ALVES - 14503,ATPLs Previstos,68.0,numero
AVARE (18).xlsx,29,Semana 29 · 16/08 a 22/08,PEDRO BENTO ALVES - 14503,Total Docentes Ativos,33.0,numero
AVARE (18).xlsx,29,Semana 29 · 16/08 a 22/08,PEDRO BENTO ALVES - 14503,Total Docentes Previstos,34.0,numero
AVARE (18).xlsx,29,Semana 29 · 16/08 a 22/08,PROFESSORA MARIANA APARECIDA TODESCATO - 191516,(%) ATPLs Concluídos,1.0,percentual
AVARE (18).xlsx,29,Semana 29 · 16/08 a 22/08,PROFESSORA MARIANA APARECIDA TODESCATO - 191516,(%) de Docentes Ativos no Período,1.0,percentual
AVARE (18).xlsx,29,Semana 29 · 16/08 a 22/08,PROFESSORA MARIANA APARECIDA TODESCATO - 191516,ATPLs Concluídos,51.0,numero
AVARE (18).xlsx,29,Semana 29 · 16/08 a 22/08,PROFESSORA MARIANA APARECIDA TODESCATO - 191516,ATPLs Previstos,51.0,numero
AVARE (18).xlsx,29,Semana 29 · 16/08 a 22/08,PROFESSORA MARIANA APARECIDA TODESCATO - 191516,Total Docentes Ativos,26.0,numero
AVARE (18).xlsx,29,Semana 29 · 16/08 a 22/08,PROFESSORA MARIANA APARECIDA TODESCATO - 191516,Total Docentes Previstos,26.0,numero
AVARE (18).xlsx,29,Semana 29 · 16/08 a 22/08,SANDRA APARECIDA DE ARAUJO PROFESSORA - 924337,(%) ATPLs Concluídos,0.981481481481482,percentual
AVARE (18).xlsx,29,Semana 29 · 16/08 a 22/08,SANDRA APARECIDA DE ARAUJO PROFESSORA - 924337,(%) de Docentes Ativos no Período,0.964285714285714,percentual
AVARE (18).xlsx,29,Semana 29 · 16/08 a 22/08,SANDRA APARECIDA DE ARAUJO PROFESSORA - 924337,ATPLs Concluídos,53.0,numero
AVARE (18).xlsx,29,Semana 29 · 16/08 a 22/08,SANDRA APARECIDA DE ARAUJO PROFESSORA - 924337,ATPLs Previstos,54.0,numero
AVARE (18).xlsx,29,Semana 29 · 16/08 a 22/08,SANDRA APARECIDA DE ARAUJO PROFESSORA - 924337,Total Docentes Ativos,27.0,numero
AVARE (18).xlsx,29,Semana 29 · 16/08 a 22/08,SANDRA APARECIDA DE ARAUJO PROFESSORA - 924337,Total Docentes Previstos,28.0,numero
AVARE (17).xlsx,30,Semana 30 · 23/08 a 29/08,ABILIO RAPOSO FERRAZ JUNIOR - 903188,(%) ATPLs Concluídos,1.0,percentual
AVARE (17).xlsx,30,Semana 30 · 23/08 a 29/08,ABILIO RAPOSO FERRAZ JUNIOR - 903188,(%) de Docentes Ativos no Período,1.0,percentual
AVARE (17).xlsx,30,Semana 30 · 23/08 a 29/08,ABILIO RAPOSO FERRAZ JUNIOR - 903188,ATPLs Concluídos,84.0,numero
AVARE (17).xlsx,30,Semana 30 · 23/08 a 29/08,ABILIO RAPOSO FERRAZ JUNIOR - 903188,ATPLs Previstos,84.0,numero
AVARE (17).xlsx,30,Semana 30 · 23/08 a 29/08,ABILIO RAPOSO FERRAZ JUNIOR - 903188,Total Docentes Ativos,42.0,numero
AVARE (17).xlsx,30,Semana 30 · 23/08 a 29/08,ABILIO RAPOSO FERRAZ JUNIOR - 903188,Total Docentes Previstos,42.0,numero
AVARE (17).xlsx,30,Semana 30 · 23/08 a 29/08,ASSENTAMENTO ZUMBI DOS PALMARES - 566032,(%) ATPLs Concluídos,0.888888888888889,percentual
AVARE (17).xlsx,30,Semana 30 · 23/08 a 29/08,ASSENTAMENTO ZUMBI DOS PALMARES - 566032,(%) de Docentes Ativos no Período,0.888888888888889,percentual
AVARE (17).xlsx,30,Semana 30 · 23/08 a 29/08,ASSENTAMENTO ZUMBI DOS PALMARES - 566032,ATPLs Concluídos,16.0,numero
AVARE (17).xlsx,30,Semana 30 · 23/08 a 29/08,ASSENTAMENTO ZUMBI DOS PALMARES - 566032,ATPLs Previstos,18.0,numero
AVARE (17).xlsx,30,Semana 30 · 23/08 a 29/08,ASSENTAMENTO ZUMBI DOS PALMARES - 566032,Total Docentes Ativos,8.0,numero
AVARE (17).xlsx,30,Semana 30 · 23/08 a 29/08,ASSENTAMENTO ZUMBI DOS PALMARES - 566032,Total Docentes Previstos,9.0,numero
AVARE (17).xlsx,30,Semana 30 · 23/08 a 29/08,AVELINO APARECIDO RIBEIRO DOUTOR - 14552,(%) ATPLs Concluídos,0.923076923076923,percentual
AVARE (17).xlsx,30,Semana 30 · 23/08 a 29/08,AVELINO APARECIDO RIBEIRO DOUTOR - 14552,(%) de Docentes Ativos no Período,0.923076923076923,percentual
AVARE (17).xlsx,30,Semana 30 · 23/08 a 29/08,AVELINO APARECIDO RIBEIRO DOUTOR - 14552,ATPLs Concluídos,24.0,numero
AVARE (17).xlsx,30,Semana 30 · 23/08 a 29/08,AVELINO APARECIDO RIBEIRO DOUTOR - 14552,ATPLs Previstos,26.0,numero
AVARE (17).xlsx,30,Semana 30 · 23/08 a 29/08,AVELINO APARECIDO RIBEIRO DOUTOR - 14552,Total Docentes Ativos,12.0,numero
AVARE (17).xlsx,30,Semana 30 · 23/08 a 29/08,AVELINO APARECIDO RIBEIRO DOUTOR - 14552,Total Docentes Previstos,13.0,numero
AVARE (17).xlsx,30,Semana 30 · 23/08 a 29/08,BENE ANDRADE DONA - 14631,(%) ATPLs Concluídos,0.96875,percentual
AVARE (17).xlsx,30,Semana 30 · 23/08 a 29/08,BENE ANDRADE DONA - 14631,(%) de Docentes Ativos no Período,0.96875,percentual
AVARE (17).xlsx,30,Semana 30 · 23/08 a 29/08,BENE ANDRADE DONA - 14631,ATPLs Concluídos,62.0,numero
AVARE (17).xlsx,30,Semana 30 · 23/08 a 29/08,BENE ANDRADE DONA - 14631,ATPLs Previstos,64.0,numero
AVARE (17).xlsx,30,Semana 30 · 23/08 a 29/08,BENE ANDRADE DONA - 14631,Total Docentes Ativos,31.0,numero
AVARE (17).xlsx,30,Semana 30 · 23/08 a 29/08,BENE ANDRADE DONA - 14631,Total Docentes Previstos,32.0,numero
AVARE (17).xlsx,30,Semana 30 · 23/08 a 29/08,CELSO FERREIRA DA SILVA PROFESSOR - 918489,(%) ATPLs Concluídos,0.923076923076923,percentual
AVARE (17).xlsx,30,Semana 30 · 23/08 a 29/08,CELSO FERREIRA DA SILVA PROFESSOR - 918489,(%) de Docentes Ativos no Período,0.923076923076923,percentual
AVARE (17).xlsx,30,Semana 30 · 23/08 a 29/08,CELSO FERREIRA DA SILVA PROFESSOR - 918489,ATPLs Concluídos,24.0,numero
AVARE (17).xlsx,30,Semana 30 · 23/08 a 29/08,CELSO FERREIRA DA SILVA PROFESSOR - 918489,ATPLs Previstos,26.0,numero
AVARE (17).xlsx,30,Semana 30 · 23/08 a 29/08,CELSO FERREIRA DA SILVA PROFESSOR - 918489,Total Docentes Ativos,12.0,numero
AVARE (17).xlsx,30,Semana 30 · 23/08 a 29/08,CELSO FERREIRA DA SILVA PROFESSOR - 918489,Total Docentes Previstos,13.0,numero
AVARE (17).xlsx,30,Semana 30 · 23/08 a 29/08,COTA LEONEL DONA - 905185,(%) ATPLs Concluídos,0.87719298245614,percentual
AVARE (17).xlsx,30,Semana 30 · 23/08 a 29/08,COTA LEONEL DONA - 905185,(%) de Docentes Ativos no Período,0.896551724137931,percentual
AVARE (17).xlsx,30,Semana 30 · 23/08 a 29/08,COTA LEONEL DONA - 905185,ATPLs Concluídos,50.0,numero
AVARE (17).xlsx,30,Semana 30 · 23/08 a 29/08,COTA LEONEL DONA - 905185,ATPLs Previstos,57.0,numero
AVARE (17).xlsx,30,Semana 30 · 23/08 a 29/08,COTA LEONEL DONA - 905185,Total Docentes Ativos,26.0,numero
AVARE (17).xlsx,30,Semana 30 · 23/08 a 29/08,COTA LEONEL DONA - 905185,Total Docentes Previstos,29.0,numero
AVARE (17).xlsx,30,Semana 30 · 23/08 a 29/08,DIMAS MOZART E SILVA PROFESSOR - 900424,(%) ATPLs Concluídos,0.962264150943396,percentual
AVARE (17).xlsx,30,Semana 30 · 23/08 a 29/08,DIMAS MOZART E SILVA PROFESSOR - 900424,(%) de Docentes Ativos no Período,1.0,percentual
AVARE (17).xlsx,30,Semana 30 · 23/08 a 29/08,DIMAS MOZART E SILVA PROFESSOR - 900424,ATPLs Concluídos,51.0,numero
AVARE (17).xlsx,30,Semana 30 · 23/08 a 29/08,DIMAS MOZART E SILVA PROFESSOR - 900424,ATPLs Previstos,53.0,numero
AVARE (17).xlsx,30,Semana 30 · 23/08 a 29/08,DIMAS MOZART E SILVA PROFESSOR - 900424,Total Docentes Ativos,27.0,numero
AVARE (17).xlsx,30,Semana 30 · 23/08 a 29/08,DIMAS MOZART E SILVA PROFESSOR - 900424,Total Docentes Previstos,27.0,numero
AVARE (17).xlsx,30,Semana 30 · 23/08 a 29/08,EMILIO IMMOOS PADRE - 45226,(%) ATPLs Concluídos,1.0,percentual
AVARE (17).xlsx,30,Semana 30 · 23/08 a 29/08,EMILIO IMMOOS PADRE - 45226,(%) de Docentes Ativos no Período,1.0,percentual
AVARE (17).xlsx,30,Semana 30 · 23/08 a 29/08,EMILIO IMMOOS PADRE - 45226,ATPLs Concluídos,49.0,numero
AVARE (17).xlsx,30,Semana 30 · 23/08 a 29/08,EMILIO IMMOOS PADRE - 45226,ATPLs Previstos,49.0,numero
AVARE (17).xlsx,30,Semana 30 · 23/08 a 29/08,EMILIO IMMOOS PADRE - 45226,Total Docentes Ativos,25.0,numero
AVARE (17).xlsx,30,Semana 30 · 23/08 a 29/08,EMILIO IMMOOS PADRE - 45226,Total Docentes Previstos,25.0,numero
AVARE (17).xlsx,30,Semana 30 · 23/08 a 29/08,ERUCE PAULUCCI PROFESSOR - 914484,(%) ATPLs Concluídos,0.805555555555556,percentual
AVARE (17).xlsx,30,Semana 30 · 23/08 a 29/08,ERUCE PAULUCCI PROFESSOR - 914484,(%) de Docentes Ativos no Período,0.833333333333333,percentual
AVARE (17).xlsx,30,Semana 30 · 23/08 a 29/08,ERUCE PAULUCCI PROFESSOR - 914484,ATPLs Concluídos,29.0,numero
AVARE (17).xlsx,30,Semana 30 · 23/08 a 29/08,ERUCE PAULUCCI PROFESSOR - 914484,ATPLs Previstos,36.0,numero
AVARE (17).xlsx,30,Semana 30 · 23/08 a 29/08,ERUCE PAULUCCI PROFESSOR - 914484,Total Docentes Ativos,15.0,numero
AVARE (17).xlsx,30,Semana 30 · 23/08 a 29/08,ERUCE PAULUCCI PROFESSOR - 914484,Total Docentes Previstos,18.0,numero
AVARE (17).xlsx,30,Semana 30 · 23/08 a 29/08,GUIDO DIAS DE ALMEIDA PROFESSOR - 910119,(%) ATPLs Concluídos,0.927272727272727,percentual
AVARE (17).xlsx,30,Semana 30 · 23/08 a 29/08,GUIDO DIAS DE ALMEIDA PROFESSOR - 910119,(%) de Docentes Ativos no Período,0.928571428571429,percentual
AVARE (17).xlsx,30,Semana 30 · 23/08 a 29/08,GUIDO DIAS DE ALMEIDA PROFESSOR - 910119,ATPLs Concluídos,51.0,numero
AVARE (17).xlsx,30,Semana 30 · 23/08 a 29/08,GUIDO DIAS DE ALMEIDA PROFESSOR - 910119,ATPLs Previstos,55.0,numero
AVARE (17).xlsx,30,Semana 30 · 23/08 a 29/08,GUIDO DIAS DE ALMEIDA PROFESSOR - 910119,Total Docentes Ativos,26.0,numero
AVARE (17).xlsx,30,Semana 30 · 23/08 a 29/08,GUIDO DIAS DE ALMEIDA PROFESSOR - 910119,Total Docentes Previstos,28.0,numero
AVARE (17).xlsx,30,Semana 30 · 23/08 a 29/08,JOAO CRUZ CORONEL - 14497,(%) ATPLs Concluídos,1.0,percentual
AVARE (17).xlsx,30,Semana 30 · 23/08 a 29/08,JOAO CRUZ CORONEL - 14497,(%) de Docentes Ativos no Período,1.0,percentual
AVARE (17).xlsx,30,Semana 30 · 23/08 a 29/08,JOAO CRUZ CORONEL - 14497,ATPLs Concluídos,128.0,numero
AVARE (17).xlsx,30,Semana 30 · 23/08 a 29/08,JOAO CRUZ CORONEL - 14497,ATPLs Previstos,128.0,numero
AVARE (17).xlsx,30,Semana 30 · 23/08 a 29/08,JOAO CRUZ CORONEL - 14497,Total Docentes Ativos,64.0,numero
AVARE (17).xlsx,30,Semana 30 · 23/08 a 29/08,JOAO CRUZ CORONEL - 14497,Total Docentes Previstos,64.0,numero
AVARE (17).xlsx,30,Semana 30 · 23/08 a 29/08,JOAO MICHELIN - 14485,(%) ATPLs Concluídos,0.954545454545455,percentual
AVARE (17).xlsx,30,Semana 30 · 23/08 a 29/08,JOAO MICHELIN - 14485,(%) de Docentes Ativos no Período,0.954545454545455,percentual
AVARE (17).xlsx,30,Semana 30 · 23/08 a 29/08,JOAO MICHELIN - 14485,ATPLs Concluídos,84.0,numero
AVARE (17).xlsx,30,Semana 30 · 23/08 a 29/08,JOAO MICHELIN - 14485,ATPLs Previstos,88.0,numero
AVARE (17).xlsx,30,Semana 30 · 23/08 a 29/08,JOAO MICHELIN - 14485,Total Docentes Ativos,42.0,numero
AVARE (17).xlsx,30,Semana 30 · 23/08 a 29/08,JOAO MICHELIN - 14485,Total Docentes Previstos,44.0,numero
AVARE (17).xlsx,30,Semana 30 · 23/08 a 29/08,JOAO TEIXEIRA DE ARAUJO PROFESSOR - 14588,(%) ATPLs Concluídos,0.986486486486487,percentual
AVARE (17).xlsx,30,Semana 30 · 23/08 a 29/08,JOAO TEIXEIRA DE ARAUJO PROFESSOR - 14588,(%) de Docentes Ativos no Período,1.0,percentual
AVARE (17).xlsx,30,Semana 30 · 23/08 a 29/08,JOAO TEIXEIRA DE ARAUJO PROFESSOR - 14588,ATPLs Concluídos,73.0,numero
AVARE (17).xlsx,30,Semana 30 · 23/08 a 29/08,JOAO TEIXEIRA DE ARAUJO PROFESSOR - 14588,ATPLs Previstos,74.0,numero
AVARE (17).xlsx,30,Semana 30 · 23/08 a 29/08,JOAO TEIXEIRA DE ARAUJO PROFESSOR - 14588,Total Docentes Ativos,37.0,numero
AVARE (17).xlsx,30,Semana 30 · 23/08 a 29/08,JOAO TEIXEIRA DE ARAUJO PROFESSOR - 14588,Total Docentes Previstos,37.0,numero
AVARE (17).xlsx,30,Semana 30 · 23/08 a 29/08,JOSE APARECIDO CASTELUCCI PROFESSOR - 49888,(%) ATPLs Concluídos,0.923076923076923,percentual
AVARE (17).xlsx,30,Semana 30 · 23/08 a 29/08,JOSE APARECIDO CASTELUCCI PROFESSOR - 49888,(%) de Docentes Ativos no Período,0.923076923076923,percentual
AVARE (17).xlsx,30,Semana 30 · 23/08 a 29/08,JOSE APARECIDO CASTELUCCI PROFESSOR - 49888,ATPLs Concluídos,24.0,numero
AVARE (17).xlsx,30,Semana 30 · 23/08 a 29/08,JOSE APARECIDO CASTELUCCI PROFESSOR - 49888,ATPLs Previstos,26.0,numero
AVARE (17).xlsx,30,Semana 30 · 23/08 a 29/08,JOSE APARECIDO CASTELUCCI PROFESSOR - 49888,Total Docentes Ativos,12.0,numero
AVARE (17).xlsx,30,Semana 30 · 23/08 a 29/08,JOSE APARECIDO CASTELUCCI PROFESSOR - 49888,Total Docentes Previstos,13.0,numero
AVARE (17).xlsx,30,Semana 30 · 23/08 a 29/08,JOSE LEITE PINHEIRO PROFESSOR - 14527,(%) ATPLs Concluídos,0.947916666666667,percentual
AVARE (17).xlsx,30,Semana 30 · 23/08 a 29/08,JOSE LEITE PINHEIRO PROFESSOR - 14527,(%) de Docentes Ativos no Período,0.958333333333333,percentual
AVARE (17).xlsx,30,Semana 30 · 23/08 a 29/08,JOSE LEITE PINHEIRO PROFESSOR - 14527,ATPLs Concluídos,91.0,numero
AVARE (17).xlsx,30,Semana 30 · 23/08 a 29/08,JOSE LEITE PINHEIRO PROFESSOR - 14527,ATPLs Previstos,96.0,numero
AVARE (17).xlsx,30,Semana 30 · 23/08 a 29/08,JOSE LEITE PINHEIRO PROFESSOR - 14527,Total Docentes Ativos,46.0,numero
AVARE (17).xlsx,30,Semana 30 · 23/08 a 29/08,JOSE LEITE PINHEIRO PROFESSOR - 14527,Total Docentes Previstos,48.0,numero
AVARE (17).xlsx,30,Semana 30 · 23/08 a 29/08,JOSE PENNA - 14540,(%) ATPLs Concluídos,0.925373134328358,percentual
AVARE (17).xlsx,30,Semana 30 · 23/08 a 29/08,JOSE PENNA - 14540,(%) de Docentes Ativos no Período,0.970588235294118,percentual
AVARE (17).xlsx,30,Semana 30 · 23/08 a 29/08,JOSE PENNA - 14540,ATPLs Concluídos,62.0,numero
AVARE (17).xlsx,30,Semana 30 · 23/08 a 29/08,JOSE PENNA - 14540,ATPLs Previstos,67.0,numero
AVARE (17).xlsx,30,Semana 30 · 23/08 a 29/08,JOSE PENNA - 14540,Total Docentes Ativos,33.0,numero
AVARE (17).xlsx,30,Semana 30 · 23/08 a 29/08,JOSE PENNA - 14540,Total Docentes Previstos,34.0,numero
AVARE (17).xlsx,30,Semana 30 · 23/08 a 29/08,JOSE PIRES DE CARVALHO DOUTOR - 924088,(%) ATPLs Concluídos,1.0,percentual
AVARE (17).xlsx,30,Semana 30 · 23/08 a 29/08,JOSE PIRES DE CARVALHO DOUTOR - 924088,(%) de Docentes Ativos no Período,1.0,percentual
AVARE (17).xlsx,30,Semana 30 · 23/08 a 29/08,JOSE PIRES DE CARVALHO DOUTOR - 924088,ATPLs Concluídos,34.0,numero
AVARE (17).xlsx,30,Semana 30 · 23/08 a 29/08,JOSE PIRES DE CARVALHO DOUTOR - 924088,ATPLs Previstos,34.0,numero
AVARE (17).xlsx,30,Semana 30 · 23/08 a 29/08,JOSE PIRES DE CARVALHO DOUTOR - 924088,Total Docentes Ativos,17.0,numero
AVARE (17).xlsx,30,Semana 30 · 23/08 a 29/08,JOSE PIRES DE CARVALHO DOUTOR - 924088,Total Docentes Previstos,17.0,numero
AVARE (17).xlsx,30,Semana 30 · 23/08 a 29/08,MARIA IZABEL CRUZ PIMENTEL DONA - 38908,(%) ATPLs Concluídos,0.9375,percentual
AVARE (17).xlsx,30,Semana 30 · 23/08 a 29/08,MARIA IZABEL CRUZ PIMENTEL DONA - 38908,(%) de Docentes Ativos no Período,0.95,percentual
AVARE (17).xlsx,30,Semana 30 · 23/08 a 29/08,MARIA IZABEL CRUZ PIMENTEL DONA - 38908,ATPLs Concluídos,75.0,numero
AVARE (17).xlsx,30,Semana 30 · 23/08 a 29/08,MARIA IZABEL CRUZ PIMENTEL DONA - 38908,ATPLs Previstos,80.0,numero
AVARE (17).xlsx,30,Semana 30 · 23/08 a 29/08,MARIA IZABEL CRUZ PIMENTEL DONA - 38908,Total Docentes Ativos,38.0,numero
AVARE (17).xlsx,30,Semana 30 · 23/08 a 29/08,MARIA IZABEL CRUZ PIMENTEL DONA - 38908,Total Docentes Previstos,40.0,numero
AVARE (17).xlsx,30,Semana 30 · 23/08 a 29/08,MATILDE VIEIRA - 14679,(%) ATPLs Concluídos,0.958333333333333,percentual
AVARE (17).xlsx,30,Semana 30 · 23/08 a 29/08,MATILDE VIEIRA - 14679,(%) de Docentes Ativos no Período,0.972222222222222,percentual
AVARE (17).xlsx,30,Semana 30 · 23/08 a 29/08,MATILDE VIEIRA - 14679,ATPLs Concluídos,69.0,numero
AVARE (17).xlsx,30,Semana 30 · 23/08 a 29/08,MATILDE VIEIRA - 14679,ATPLs Previstos,72.0,numero
AVARE (17).xlsx,30,Semana 30 · 23/08 a 29/08,MATILDE VIEIRA - 14679,Total Docentes Ativos,35.0,numero
AVARE (17).xlsx,30,Semana 30 · 23/08 a 29/08,MATILDE VIEIRA - 14679,Total Docentes Previstos,36.0,numero
AVARE (17).xlsx,30,Semana 30 · 23/08 a 29/08,PAULO ARAUJO NOVAES DOUTOR - 14461,(%) ATPLs Concluídos,0.978723404255319,percentual
AVARE (17).xlsx,30,Semana 30 · 23/08 a 29/08,PAULO ARAUJO NOVAES DOUTOR - 14461,(%) de Docentes Ativos no Período,0.978723404255319,percentual
AVARE (17).xlsx,30,Semana 30 · 23/08 a 29/08,PAULO ARAUJO NOVAES DOUTOR - 14461,ATPLs Concluídos,92.0,numero
AVARE (17).xlsx,30,Semana 30 · 23/08 a 29/08,PAULO ARAUJO NOVAES DOUTOR - 14461,ATPLs Previstos,94.0,numero
AVARE (17).xlsx,30,Semana 30 · 23/08 a 29/08,PAULO ARAUJO NOVAES DOUTOR - 14461,Total Docentes Ativos,46.0,numero
AVARE (17).xlsx,30,Semana 30 · 23/08 a 29/08,PAULO ARAUJO NOVAES DOUTOR - 14461,Total Docentes Previstos,47.0,numero
AVARE (17).xlsx,30,Semana 30 · 23/08 a 29/08,PAULO DELICIO - 14515,(%) ATPLs Concluídos,0.931506849315068,percentual
AVARE (17).xlsx,30,Semana 30 · 23/08 a 29/08,PAULO DELICIO - 14515,(%) de Docentes Ativos no Período,0.945945945945946,percentual
AVARE (17).xlsx,30,Semana 30 · 23/08 a 29/08,PAULO DELICIO - 14515,ATPLs Concluídos,68.0,numero
AVARE (17).xlsx,30,Semana 30 · 23/08 a 29/08,PAULO DELICIO - 14515,ATPLs Previstos,73.0,numero
AVARE (17).xlsx,30,Semana 30 · 23/08 a 29/08,PAULO DELICIO - 14515,Total Docentes Ativos,35.0,numero
AVARE (17).xlsx,30,Semana 30 · 23/08 a 29/08,PAULO DELICIO - 14515,Total Docentes Previstos,37.0,numero
AVARE (17).xlsx,30,Semana 30 · 23/08 a 29/08,PEDRO BENTO ALVES - 14503,(%) ATPLs Concluídos,0.970588235294118,percentual
AVARE (17).xlsx,30,Semana 30 · 23/08 a 29/08,PEDRO BENTO ALVES - 14503,(%) de Docentes Ativos no Período,0.970588235294118,percentual
AVARE (17).xlsx,30,Semana 30 · 23/08 a 29/08,PEDRO BENTO ALVES - 14503,ATPLs Concluídos,66.0,numero
AVARE (17).xlsx,30,Semana 30 · 23/08 a 29/08,PEDRO BENTO ALVES - 14503,ATPLs Previstos,68.0,numero
AVARE (17).xlsx,30,Semana 30 · 23/08 a 29/08,PEDRO BENTO ALVES - 14503,Total Docentes Ativos,33.0,numero
AVARE (17).xlsx,30,Semana 30 · 23/08 a 29/08,PEDRO BENTO ALVES - 14503,Total Docentes Previstos,34.0,numero
AVARE (17).xlsx,30,Semana 30 · 23/08 a 29/08,PROFESSORA MARIANA APARECIDA TODESCATO - 191516,(%) ATPLs Concluídos,1.0,percentual
AVARE (17).xlsx,30,Semana 30 · 23/08 a 29/08,PROFESSORA MARIANA APARECIDA TODESCATO - 191516,(%) de Docentes Ativos no Período,1.0,percentual
AVARE (17).xlsx,30,Semana 30 · 23/08 a 29/08,PROFESSORA MARIANA APARECIDA TODESCATO - 191516,ATPLs Concluídos,52.0,numero
AVARE (17).xlsx,30,Semana 30 · 23/08 a 29/08,PROFESSORA MARIANA APARECIDA TODESCATO - 191516,ATPLs Previstos,52.0,numero
AVARE (17).xlsx,30,Semana 30 · 23/08 a 29/08,PROFESSORA MARIANA APARECIDA TODESCATO - 191516,Total Docentes Ativos,26.0,numero
AVARE (17).xlsx,30,Semana 30 · 23/08 a 29/08,PROFESSORA MARIANA APARECIDA TODESCATO - 191516,Total Docentes Previstos,26.0,numero
AVARE (17).xlsx,30,Semana 30 · 23/08 a 29/08,SANDRA APARECIDA DE ARAUJO PROFESSORA - 924337,(%) ATPLs Concluídos,1.0,percentual
AVARE (17).xlsx,30,Semana 30 · 23/08 a 29/08,SANDRA APARECIDA DE ARAUJO PROFESSORA - 924337,(%) de Docentes Ativos no Período,1.0,percentual
AVARE (17).xlsx,30,Semana 30 · 23/08 a 29/08,SANDRA APARECIDA DE ARAUJO PROFESSORA - 924337,ATPLs Concluídos,55.0,numero
AVARE (17).xlsx,30,Semana 30 · 23/08 a 29/08,SANDRA APARECIDA DE ARAUJO PROFESSORA - 924337,ATPLs Previstos,55.0,numero
AVARE (17).xlsx,30,Semana 30 · 23/08 a 29/08,SANDRA APARECIDA DE ARAUJO PROFESSORA - 924337,Total Docentes Ativos,28.0,numero
AVARE (17).xlsx,30,Semana 30 · 23/08 a 29/08,SANDRA APARECIDA DE ARAUJO PROFESSORA - 924337,Total Docentes Previstos,28.0,numero
AVARE (16).xlsx,31,Semana 31 · 30/08 a 05/09,ABILIO RAPOSO FERRAZ JUNIOR - 903188,(%) ATPLs Concluídos,1.0,percentual
AVARE (16).xlsx,31,Semana 31 · 30/08 a 05/09,ABILIO RAPOSO FERRAZ JUNIOR - 903188,(%) de Docentes Ativos no Período,1.0,percentual
AVARE (16).xlsx,31,Semana 31 · 30/08 a 05/09,ABILIO RAPOSO FERRAZ JUNIOR - 903188,ATPLs Concluídos,84.0,numero
AVARE (16).xlsx,31,Semana 31 · 30/08 a 05/09,ABILIO RAPOSO FERRAZ JUNIOR - 903188,ATPLs Previstos,84.0,numero
AVARE (16).xlsx,31,Semana 31 · 30/08 a 05/09,ABILIO RAPOSO FERRAZ JUNIOR - 903188,Total Docentes Ativos,42.0,numero
AVARE (16).xlsx,31,Semana 31 · 30/08 a 05/09,ABILIO RAPOSO FERRAZ JUNIOR - 903188,Total Docentes Previstos,42.0,numero
AVARE (16).xlsx,31,Semana 31 · 30/08 a 05/09,ASSENTAMENTO ZUMBI DOS PALMARES - 566032,(%) ATPLs Concluídos,1.0,percentual
AVARE (16).xlsx,31,Semana 31 · 30/08 a 05/09,ASSENTAMENTO ZUMBI DOS PALMARES - 566032,(%) de Docentes Ativos no Período,1.0,percentual
AVARE (16).xlsx,31,Semana 31 · 30/08 a 05/09,ASSENTAMENTO ZUMBI DOS PALMARES - 566032,ATPLs Concluídos,18.0,numero
AVARE (16).xlsx,31,Semana 31 · 30/08 a 05/09,ASSENTAMENTO ZUMBI DOS PALMARES - 566032,ATPLs Previstos,18.0,numero
AVARE (16).xlsx,31,Semana 31 · 30/08 a 05/09,ASSENTAMENTO ZUMBI DOS PALMARES - 566032,Total Docentes Ativos,9.0,numero
AVARE (16).xlsx,31,Semana 31 · 30/08 a 05/09,ASSENTAMENTO ZUMBI DOS PALMARES - 566032,Total Docentes Previstos,9.0,numero
AVARE (16).xlsx,31,Semana 31 · 30/08 a 05/09,AVELINO APARECIDO RIBEIRO DOUTOR - 14552,(%) ATPLs Concluídos,1.0,percentual
AVARE (16).xlsx,31,Semana 31 · 30/08 a 05/09,AVELINO APARECIDO RIBEIRO DOUTOR - 14552,(%) de Docentes Ativos no Período,1.0,percentual
AVARE (16).xlsx,31,Semana 31 · 30/08 a 05/09,AVELINO APARECIDO RIBEIRO DOUTOR - 14552,ATPLs Concluídos,25.0,numero
AVARE (16).xlsx,31,Semana 31 · 30/08 a 05/09,AVELINO APARECIDO RIBEIRO DOUTOR - 14552,ATPLs Previstos,25.0,numero
AVARE (16).xlsx,31,Semana 31 · 30/08 a 05/09,AVELINO APARECIDO RIBEIRO DOUTOR - 14552,Total Docentes Ativos,13.0,numero
AVARE (16).xlsx,31,Semana 31 · 30/08 a 05/09,AVELINO APARECIDO RIBEIRO DOUTOR - 14552,Total Docentes Previstos,13.0,numero
AVARE (16).xlsx,31,Semana 31 · 30/08 a 05/09,BENE ANDRADE DONA - 14631,(%) ATPLs Concluídos,0.984375,percentual
AVARE (16).xlsx,31,Semana 31 · 30/08 a 05/09,BENE ANDRADE DONA - 14631,(%) de Docentes Ativos no Período,1.0,percentual
AVARE (16).xlsx,31,Semana 31 · 30/08 a 05/09,BENE ANDRADE DONA - 14631,ATPLs Concluídos,63.0,numero
AVARE (16).xlsx,31,Semana 31 · 30/08 a 05/09,BENE ANDRADE DONA - 14631,ATPLs Previstos,64.0,numero
AVARE (16).xlsx,31,Semana 31 · 30/08 a 05/09,BENE ANDRADE DONA - 14631,Total Docentes Ativos,32.0,numero
AVARE (16).xlsx,31,Semana 31 · 30/08 a 05/09,BENE ANDRADE DONA - 14631,Total Docentes Previstos,32.0,numero
AVARE (16).xlsx,31,Semana 31 · 30/08 a 05/09,CELSO FERREIRA DA SILVA PROFESSOR - 918489,(%) ATPLs Concluídos,0.964285714285714,percentual
AVARE (16).xlsx,31,Semana 31 · 30/08 a 05/09,CELSO FERREIRA DA SILVA PROFESSOR - 918489,(%) de Docentes Ativos no Período,1.0,percentual
AVARE (16).xlsx,31,Semana 31 · 30/08 a 05/09,CELSO FERREIRA DA SILVA PROFESSOR - 918489,ATPLs Concluídos,27.0,numero
AVARE (16).xlsx,31,Semana 31 · 30/08 a 05/09,CELSO FERREIRA DA SILVA PROFESSOR - 918489,ATPLs Previstos,28.0,numero
AVARE (16).xlsx,31,Semana 31 · 30/08 a 05/09,CELSO FERREIRA DA SILVA PROFESSOR - 918489,Total Docentes Ativos,14.0,numero
AVARE (16).xlsx,31,Semana 31 · 30/08 a 05/09,CELSO FERREIRA DA SILVA PROFESSOR - 918489,Total Docentes Previstos,14.0,numero
AVARE (16).xlsx,31,Semana 31 · 30/08 a 05/09,COTA LEONEL DONA - 905185,(%) ATPLs Concluídos,0.982456140350877,percentual
AVARE (16).xlsx,31,Semana 31 · 30/08 a 05/09,COTA LEONEL DONA - 905185,(%) de Docentes Ativos no Período,1.0,percentual
AVARE (16).xlsx,31,Semana 31 · 30/08 a 05/09,COTA LEONEL DONA - 905185,ATPLs Concluídos,56.0,numero
AVARE (16).xlsx,31,Semana 31 · 30/08 a 05/09,COTA LEONEL DONA - 905185,ATPLs Previstos,57.0,numero
AVARE (16).xlsx,31,Semana 31 · 30/08 a 05/09,COTA LEONEL DONA - 905185,Total Docentes Ativos,29.0,numero
AVARE (16).xlsx,31,Semana 31 · 30/08 a 05/09,COTA LEONEL DONA - 905185,Total Docentes Previstos,29.0,numero
AVARE (16).xlsx,31,Semana 31 · 30/08 a 05/09,DIMAS MOZART E SILVA PROFESSOR - 900424,(%) ATPLs Concluídos,1.0,percentual
AVARE (16).xlsx,31,Semana 31 · 30/08 a 05/09,DIMAS MOZART E SILVA PROFESSOR - 900424,(%) de Docentes Ativos no Período,1.0,percentual
AVARE (16).xlsx,31,Semana 31 · 30/08 a 05/09,DIMAS MOZART E SILVA PROFESSOR - 900424,ATPLs Concluídos,55.0,numero
AVARE (16).xlsx,31,Semana 31 · 30/08 a 05/09,DIMAS MOZART E SILVA PROFESSOR - 900424,ATPLs Previstos,55.0,numero
AVARE (16).xlsx,31,Semana 31 · 30/08 a 05/09,DIMAS MOZART E SILVA PROFESSOR - 900424,Total Docentes Ativos,28.0,numero
AVARE (16).xlsx,31,Semana 31 · 30/08 a 05/09,DIMAS MOZART E SILVA PROFESSOR - 900424,Total Docentes Previstos,28.0,numero
AVARE (16).xlsx,31,Semana 31 · 30/08 a 05/09,EMILIO IMMOOS PADRE - 45226,(%) ATPLs Concluídos,0.96078431372549,percentual
AVARE (16).xlsx,31,Semana 31 · 30/08 a 05/09,EMILIO IMMOOS PADRE - 45226,(%) de Docentes Ativos no Período,0.961538461538462,percentual
AVARE (16).xlsx,31,Semana 31 · 30/08 a 05/09,EMILIO IMMOOS PADRE - 45226,ATPLs Concluídos,49.0,numero
AVARE (16).xlsx,31,Semana 31 · 30/08 a 05/09,EMILIO IMMOOS PADRE - 45226,ATPLs Previstos,51.0,numero
AVARE (16).xlsx,31,Semana 31 · 30/08 a 05/09,EMILIO IMMOOS PADRE - 45226,Total Docentes Ativos,25.0,numero
AVARE (16).xlsx,31,Semana 31 · 30/08 a 05/09,EMILIO IMMOOS PADRE - 45226,Total Docentes Previstos,26.0,numero
AVARE (16).xlsx,31,Semana 31 · 30/08 a 05/09,ERUCE PAULUCCI PROFESSOR - 914484,(%) ATPLs Concluídos,0.833333333333333,percentual
AVARE (16).xlsx,31,Semana 31 · 30/08 a 05/09,ERUCE PAULUCCI PROFESSOR - 914484,(%) de Docentes Ativos no Período,0.833333333333333,percentual
AVARE (16).xlsx,31,Semana 31 · 30/08 a 05/09,ERUCE PAULUCCI PROFESSOR - 914484,ATPLs Concluídos,30.0,numero
AVARE (16).xlsx,31,Semana 31 · 30/08 a 05/09,ERUCE PAULUCCI PROFESSOR - 914484,ATPLs Previstos,36.0,numero
AVARE (16).xlsx,31,Semana 31 · 30/08 a 05/09,ERUCE PAULUCCI PROFESSOR - 914484,Total Docentes Ativos,15.0,numero
AVARE (16).xlsx,31,Semana 31 · 30/08 a 05/09,ERUCE PAULUCCI PROFESSOR - 914484,Total Docentes Previstos,18.0,numero
AVARE (16).xlsx,31,Semana 31 · 30/08 a 05/09,GUIDO DIAS DE ALMEIDA PROFESSOR - 910119,(%) ATPLs Concluídos,0.980392156862745,percentual
AVARE (16).xlsx,31,Semana 31 · 30/08 a 05/09,GUIDO DIAS DE ALMEIDA PROFESSOR - 910119,(%) de Docentes Ativos no Período,1.0,percentual
AVARE (16).xlsx,31,Semana 31 · 30/08 a 05/09,GUIDO DIAS DE ALMEIDA PROFESSOR - 910119,ATPLs Concluídos,50.0,numero
AVARE (16).xlsx,31,Semana 31 · 30/08 a 05/09,GUIDO DIAS DE ALMEIDA PROFESSOR - 910119,ATPLs Previstos,51.0,numero
AVARE (16).xlsx,31,Semana 31 · 30/08 a 05/09,GUIDO DIAS DE ALMEIDA PROFESSOR - 910119,Total Docentes Ativos,26.0,numero
AVARE (16).xlsx,31,Semana 31 · 30/08 a 05/09,GUIDO DIAS DE ALMEIDA PROFESSOR - 910119,Total Docentes Previstos,26.0,numero
AVARE (16).xlsx,31,Semana 31 · 30/08 a 05/09,JOAO CRUZ CORONEL - 14497,(%) ATPLs Concluídos,0.984251968503937,percentual
AVARE (16).xlsx,31,Semana 31 · 30/08 a 05/09,JOAO CRUZ CORONEL - 14497,(%) de Docentes Ativos no Período,0.984375,percentual
AVARE (16).xlsx,31,Semana 31 · 30/08 a 05/09,JOAO CRUZ CORONEL - 14497,ATPLs Concluídos,125.0,numero
AVARE (16).xlsx,31,Semana 31 · 30/08 a 05/09,JOAO CRUZ CORONEL - 14497,ATPLs Previstos,127.0,numero
AVARE (16).xlsx,31,Semana 31 · 30/08 a 05/09,JOAO CRUZ CORONEL - 14497,Total Docentes Ativos,63.0,numero
AVARE (16).xlsx,31,Semana 31 · 30/08 a 05/09,JOAO CRUZ CORONEL - 14497,Total Docentes Previstos,64.0,numero
AVARE (16).xlsx,31,Semana 31 · 30/08 a 05/09,JOAO MICHELIN - 14485,(%) ATPLs Concluídos,0.988636363636364,percentual
AVARE (16).xlsx,31,Semana 31 · 30/08 a 05/09,JOAO MICHELIN - 14485,(%) de Docentes Ativos no Período,1.0,percentual
AVARE (16).xlsx,31,Semana 31 · 30/08 a 05/09,JOAO MICHELIN - 14485,ATPLs Concluídos,87.0,numero
AVARE (16).xlsx,31,Semana 31 · 30/08 a 05/09,JOAO MICHELIN - 14485,ATPLs Previstos,88.0,numero
AVARE (16).xlsx,31,Semana 31 · 30/08 a 05/09,JOAO MICHELIN - 14485,Total Docentes Ativos,44.0,numero
AVARE (16).xlsx,31,Semana 31 · 30/08 a 05/09,JOAO MICHELIN - 14485,Total Docentes Previstos,44.0,numero
AVARE (16).xlsx,31,Semana 31 · 30/08 a 05/09,JOAO TEIXEIRA DE ARAUJO PROFESSOR - 14588,(%) ATPLs Concluídos,0.972972972972973,percentual
AVARE (16).xlsx,31,Semana 31 · 30/08 a 05/09,JOAO TEIXEIRA DE ARAUJO PROFESSOR - 14588,(%) de Docentes Ativos no Período,0.972972972972973,percentual
AVARE (16).xlsx,31,Semana 31 · 30/08 a 05/09,JOAO TEIXEIRA DE ARAUJO PROFESSOR - 14588,ATPLs Concluídos,72.0,numero
AVARE (16).xlsx,31,Semana 31 · 30/08 a 05/09,JOAO TEIXEIRA DE ARAUJO PROFESSOR - 14588,ATPLs Previstos,74.0,numero
AVARE (16).xlsx,31,Semana 31 · 30/08 a 05/09,JOAO TEIXEIRA DE ARAUJO PROFESSOR - 14588,Total Docentes Ativos,36.0,numero
AVARE (16).xlsx,31,Semana 31 · 30/08 a 05/09,JOAO TEIXEIRA DE ARAUJO PROFESSOR - 14588,Total Docentes Previstos,37.0,numero
AVARE (16).xlsx,31,Semana 31 · 30/08 a 05/09,JOSE APARECIDO CASTELUCCI PROFESSOR - 49888,(%) ATPLs Concluídos,0.958333333333333,percentual
AVARE (16).xlsx,31,Semana 31 · 30/08 a 05/09,JOSE APARECIDO CASTELUCCI PROFESSOR - 49888,(%) de Docentes Ativos no Período,1.0,percentual
AVARE (16).xlsx,31,Semana 31 · 30/08 a 05/09,JOSE APARECIDO CASTELUCCI PROFESSOR - 49888,ATPLs Concluídos,23.0,numero
AVARE (16).xlsx,31,Semana 31 · 30/08 a 05/09,JOSE APARECIDO CASTELUCCI PROFESSOR - 49888,ATPLs Previstos,24.0,numero
AVARE (16).xlsx,31,Semana 31 · 30/08 a 05/09,JOSE APARECIDO CASTELUCCI PROFESSOR - 49888,Total Docentes Ativos,12.0,numero
AVARE (16).xlsx,31,Semana 31 · 30/08 a 05/09,JOSE APARECIDO CASTELUCCI PROFESSOR - 49888,Total Docentes Previstos,12.0,numero
AVARE (16).xlsx,31,Semana 31 · 30/08 a 05/09,JOSE LEITE PINHEIRO PROFESSOR - 14527,(%) ATPLs Concluídos,0.9375,percentual
AVARE (16).xlsx,31,Semana 31 · 30/08 a 05/09,JOSE LEITE PINHEIRO PROFESSOR - 14527,(%) de Docentes Ativos no Período,0.9375,percentual
AVARE (16).xlsx,31,Semana 31 · 30/08 a 05/09,JOSE LEITE PINHEIRO PROFESSOR - 14527,ATPLs Concluídos,90.0,numero
AVARE (16).xlsx,31,Semana 31 · 30/08 a 05/09,JOSE LEITE PINHEIRO PROFESSOR - 14527,ATPLs Previstos,96.0,numero
AVARE (16).xlsx,31,Semana 31 · 30/08 a 05/09,JOSE LEITE PINHEIRO PROFESSOR - 14527,Total Docentes Ativos,45.0,numero
AVARE (16).xlsx,31,Semana 31 · 30/08 a 05/09,JOSE LEITE PINHEIRO PROFESSOR - 14527,Total Docentes Previstos,48.0,numero
AVARE (16).xlsx,31,Semana 31 · 30/08 a 05/09,JOSE PENNA - 14540,(%) ATPLs Concluídos,1.0,percentual
AVARE (16).xlsx,31,Semana 31 · 30/08 a 05/09,JOSE PENNA - 14540,(%) de Docentes Ativos no Período,1.0,percentual
AVARE (16).xlsx,31,Semana 31 · 30/08 a 05/09,JOSE PENNA - 14540,ATPLs Concluídos,67.0,numero
AVARE (16).xlsx,31,Semana 31 · 30/08 a 05/09,JOSE PENNA - 14540,ATPLs Previstos,67.0,numero
AVARE (16).xlsx,31,Semana 31 · 30/08 a 05/09,JOSE PENNA - 14540,Total Docentes Ativos,34.0,numero
AVARE (16).xlsx,31,Semana 31 · 30/08 a 05/09,JOSE PENNA - 14540,Total Docentes Previstos,34.0,numero
AVARE (16).xlsx,31,Semana 31 · 30/08 a 05/09,JOSE PIRES DE CARVALHO DOUTOR - 924088,(%) ATPLs Concluídos,1.0,percentual
AVARE (16).xlsx,31,Semana 31 · 30/08 a 05/09,JOSE PIRES DE CARVALHO DOUTOR - 924088,(%) de Docentes Ativos no Período,1.0,percentual
AVARE (16).xlsx,31,Semana 31 · 30/08 a 05/09,JOSE PIRES DE CARVALHO DOUTOR - 924088,ATPLs Concluídos,34.0,numero
AVARE (16).xlsx,31,Semana 31 · 30/08 a 05/09,JOSE PIRES DE CARVALHO DOUTOR - 924088,ATPLs Previstos,34.0,numero
AVARE (16).xlsx,31,Semana 31 · 30/08 a 05/09,JOSE PIRES DE CARVALHO DOUTOR - 924088,Total Docentes Ativos,17.0,numero
AVARE (16).xlsx,31,Semana 31 · 30/08 a 05/09,JOSE PIRES DE CARVALHO DOUTOR - 924088,Total Docentes Previstos,17.0,numero
AVARE (16).xlsx,31,Semana 31 · 30/08 a 05/09,MARIA IZABEL CRUZ PIMENTEL DONA - 38908,(%) ATPLs Concluídos,0.975,percentual
AVARE (16).xlsx,31,Semana 31 · 30/08 a 05/09,MARIA IZABEL CRUZ PIMENTEL DONA - 38908,(%) de Docentes Ativos no Período,0.975,percentual
AVARE (16).xlsx,31,Semana 31 · 30/08 a 05/09,MARIA IZABEL CRUZ PIMENTEL DONA - 38908,ATPLs Concluídos,78.0,numero
AVARE (16).xlsx,31,Semana 31 · 30/08 a 05/09,MARIA IZABEL CRUZ PIMENTEL DONA - 38908,ATPLs Previstos,80.0,numero
AVARE (16).xlsx,31,Semana 31 · 30/08 a 05/09,MARIA IZABEL CRUZ PIMENTEL DONA - 38908,Total Docentes Ativos,39.0,numero
AVARE (16).xlsx,31,Semana 31 · 30/08 a 05/09,MARIA IZABEL CRUZ PIMENTEL DONA - 38908,Total Docentes Previstos,40.0,numero
AVARE (16).xlsx,31,Semana 31 · 30/08 a 05/09,MATILDE VIEIRA - 14679,(%) ATPLs Concluídos,0.916666666666667,percentual
AVARE (16).xlsx,31,Semana 31 · 30/08 a 05/09,MATILDE VIEIRA - 14679,(%) de Docentes Ativos no Período,0.944444444444444,percentual
AVARE (16).xlsx,31,Semana 31 · 30/08 a 05/09,MATILDE VIEIRA - 14679,ATPLs Concluídos,66.0,numero
AVARE (16).xlsx,31,Semana 31 · 30/08 a 05/09,MATILDE VIEIRA - 14679,ATPLs Previstos,72.0,numero
AVARE (16).xlsx,31,Semana 31 · 30/08 a 05/09,MATILDE VIEIRA - 14679,Total Docentes Ativos,34.0,numero
AVARE (16).xlsx,31,Semana 31 · 30/08 a 05/09,MATILDE VIEIRA - 14679,Total Docentes Previstos,36.0,numero
AVARE (16).xlsx,31,Semana 31 · 30/08 a 05/09,PAULO ARAUJO NOVAES DOUTOR - 14461,(%) ATPLs Concluídos,0.956989247311828,percentual
AVARE (16).xlsx,31,Semana 31 · 30/08 a 05/09,PAULO ARAUJO NOVAES DOUTOR - 14461,(%) de Docentes Ativos no Período,0.957446808510638,percentual
AVARE (16).xlsx,31,Semana 31 · 30/08 a 05/09,PAULO ARAUJO NOVAES DOUTOR - 14461,ATPLs Concluídos,89.0,numero
AVARE (16).xlsx,31,Semana 31 · 30/08 a 05/09,PAULO ARAUJO NOVAES DOUTOR - 14461,ATPLs Previstos,93.0,numero
AVARE (16).xlsx,31,Semana 31 · 30/08 a 05/09,PAULO ARAUJO NOVAES DOUTOR - 14461,Total Docentes Ativos,45.0,numero
AVARE (16).xlsx,31,Semana 31 · 30/08 a 05/09,PAULO ARAUJO NOVAES DOUTOR - 14461,Total Docentes Previstos,47.0,numero
AVARE (16).xlsx,31,Semana 31 · 30/08 a 05/09,PAULO DELICIO - 14515,(%) ATPLs Concluídos,0.904109589041096,percentual
AVARE (16).xlsx,31,Semana 31 · 30/08 a 05/09,PAULO DELICIO - 14515,(%) de Docentes Ativos no Período,0.918918918918919,percentual
AVARE (16).xlsx,31,Semana 31 · 30/08 a 05/09,PAULO DELICIO - 14515,ATPLs Concluídos,66.0,numero
AVARE (16).xlsx,31,Semana 31 · 30/08 a 05/09,PAULO DELICIO - 14515,ATPLs Previstos,73.0,numero
AVARE (16).xlsx,31,Semana 31 · 30/08 a 05/09,PAULO DELICIO - 14515,Total Docentes Ativos,34.0,numero
AVARE (16).xlsx,31,Semana 31 · 30/08 a 05/09,PAULO DELICIO - 14515,Total Docentes Previstos,37.0,numero
AVARE (16).xlsx,31,Semana 31 · 30/08 a 05/09,PEDRO BENTO ALVES - 14503,(%) ATPLs Concluídos,0.970588235294118,percentual
AVARE (16).xlsx,31,Semana 31 · 30/08 a 05/09,PEDRO BENTO ALVES - 14503,(%) de Docentes Ativos no Período,0.970588235294118,percentual
AVARE (16).xlsx,31,Semana 31 · 30/08 a 05/09,PEDRO BENTO ALVES - 14503,ATPLs Concluídos,66.0,numero
AVARE (16).xlsx,31,Semana 31 · 30/08 a 05/09,PEDRO BENTO ALVES - 14503,ATPLs Previstos,68.0,numero
AVARE (16).xlsx,31,Semana 31 · 30/08 a 05/09,PEDRO BENTO ALVES - 14503,Total Docentes Ativos,33.0,numero
AVARE (16).xlsx,31,Semana 31 · 30/08 a 05/09,PEDRO BENTO ALVES - 14503,Total Docentes Previstos,34.0,numero
AVARE (16).xlsx,31,Semana 31 · 30/08 a 05/09,PROFESSORA MARIANA APARECIDA TODESCATO - 191516,(%) ATPLs Concluídos,1.0,percentual
AVARE (16).xlsx,31,Semana 31 · 30/08 a 05/09,PROFESSORA MARIANA APARECIDA TODESCATO - 191516,(%) de Docentes Ativos no Período,1.0,percentual
AVARE (16).xlsx,31,Semana 31 · 30/08 a 05/09,PROFESSORA MARIANA APARECIDA TODESCATO - 191516,ATPLs Concluídos,52.0,numero
AVARE (16).xlsx,31,Semana 31 · 30/08 a 05/09,PROFESSORA MARIANA APARECIDA TODESCATO - 191516,ATPLs Previstos,52.0,numero
AVARE (16).xlsx,31,Semana 31 · 30/08 a 05/09,PROFESSORA MARIANA APARECIDA TODESCATO - 191516,Total Docentes Ativos,26.0,numero
AVARE (16).xlsx,31,Semana 31 · 30/08 a 05/09,PROFESSORA MARIANA APARECIDA TODESCATO - 191516,Total Docentes Previstos,26.0,numero
AVARE (16).xlsx,31,Semana 31 · 30/08 a 05/09,SANDRA APARECIDA DE ARAUJO PROFESSORA - 924337,(%) ATPLs Concluídos,1.0,percentual
AVARE (16).xlsx,31,Semana 31 · 30/08 a 05/09,SANDRA APARECIDA DE ARAUJO PROFESSORA - 924337,(%) de Docentes Ativos no Período,1.0,percentual
AVARE (16).xlsx,31,Semana 31 · 30/08 a 05/09,SANDRA APARECIDA DE ARAUJO PROFESSORA - 924337,ATPLs Concluídos,55.0,numero
AVARE (16).xlsx,31,Semana 31 · 30/08 a 05/09,SANDRA APARECIDA DE ARAUJO PROFESSORA - 924337,ATPLs Previstos,55.0,numero
AVARE (16).xlsx,31,Semana 31 · 30/08 a 05/09,SANDRA APARECIDA DE ARAUJO PROFESSORA - 924337,Total Docentes Ativos,28.0,numero
AVARE (16).xlsx,31,Semana 31 · 30/08 a 05/09,SANDRA APARECIDA DE ARAUJO PROFESSORA - 924337,Total Docentes Previstos,28.0,numero
AVARE (15).xlsx,33,Semana 33 · 13/09 a 19/09,ABILIO RAPOSO FERRAZ JUNIOR - 903188,(%) ATPLs Concluídos,0.9880952380952381,percentual
AVARE (15).xlsx,33,Semana 33 · 13/09 a 19/09,ABILIO RAPOSO FERRAZ JUNIOR - 903188,(%) de Docentes Ativos no Período,1.0,percentual
AVARE (15).xlsx,33,Semana 33 · 13/09 a 19/09,ABILIO RAPOSO FERRAZ JUNIOR - 903188,ATPLs Concluídos,83.0,numero
AVARE (15).xlsx,33,Semana 33 · 13/09 a 19/09,ABILIO RAPOSO FERRAZ JUNIOR - 903188,ATPLs Previstos,84.0,numero
AVARE (15).xlsx,33,Semana 33 · 13/09 a 19/09,ABILIO RAPOSO FERRAZ JUNIOR - 903188,Total Docentes Ativos,42.0,numero
AVARE (15).xlsx,33,Semana 33 · 13/09 a 19/09,ABILIO RAPOSO FERRAZ JUNIOR - 903188,Total Docentes Previstos,42.0,numero
AVARE (15).xlsx,33,Semana 33 · 13/09 a 19/09,ASSENTAMENTO ZUMBI DOS PALMARES - 566032,(%) ATPLs Concluídos,0.9,percentual
AVARE (15).xlsx,33,Semana 33 · 13/09 a 19/09,ASSENTAMENTO ZUMBI DOS PALMARES - 566032,(%) de Docentes Ativos no Período,0.9,percentual
AVARE (15).xlsx,33,Semana 33 · 13/09 a 19/09,ASSENTAMENTO ZUMBI DOS PALMARES - 566032,ATPLs Concluídos,18.0,numero
AVARE (15).xlsx,33,Semana 33 · 13/09 a 19/09,ASSENTAMENTO ZUMBI DOS PALMARES - 566032,ATPLs Previstos,20.0,numero
AVARE (15).xlsx,33,Semana 33 · 13/09 a 19/09,ASSENTAMENTO ZUMBI DOS PALMARES - 566032,Total Docentes Ativos,9.0,numero
AVARE (15).xlsx,33,Semana 33 · 13/09 a 19/09,ASSENTAMENTO ZUMBI DOS PALMARES - 566032,Total Docentes Previstos,10.0,numero
AVARE (15).xlsx,33,Semana 33 · 13/09 a 19/09,AVELINO APARECIDO RIBEIRO DOUTOR - 14552,(%) ATPLs Concluídos,1.0,percentual
AVARE (15).xlsx,33,Semana 33 · 13/09 a 19/09,AVELINO APARECIDO RIBEIRO DOUTOR - 14552,(%) de Docentes Ativos no Período,1.0,percentual
AVARE (15).xlsx,33,Semana 33 · 13/09 a 19/09,AVELINO APARECIDO RIBEIRO DOUTOR - 14552,ATPLs Concluídos,24.0,numero
AVARE (15).xlsx,33,Semana 33 · 13/09 a 19/09,AVELINO APARECIDO RIBEIRO DOUTOR - 14552,ATPLs Previstos,24.0,numero
AVARE (15).xlsx,33,Semana 33 · 13/09 a 19/09,AVELINO APARECIDO RIBEIRO DOUTOR - 14552,Total Docentes Ativos,12.0,numero
AVARE (15).xlsx,33,Semana 33 · 13/09 a 19/09,AVELINO APARECIDO RIBEIRO DOUTOR - 14552,Total Docentes Previstos,12.0,numero
AVARE (15).xlsx,33,Semana 33 · 13/09 a 19/09,BENE ANDRADE DONA - 14631,(%) ATPLs Concluídos,0.953125,percentual
AVARE (15).xlsx,33,Semana 33 · 13/09 a 19/09,BENE ANDRADE DONA - 14631,(%) de Docentes Ativos no Período,0.96875,percentual
AVARE (15).xlsx,33,Semana 33 · 13/09 a 19/09,BENE ANDRADE DONA - 14631,ATPLs Concluídos,61.0,numero
AVARE (15).xlsx,33,Semana 33 · 13/09 a 19/09,BENE ANDRADE DONA - 14631,ATPLs Previstos,64.0,numero
AVARE (15).xlsx,33,Semana 33 · 13/09 a 19/09,BENE ANDRADE DONA - 14631,Total Docentes Ativos,31.0,numero
AVARE (15).xlsx,33,Semana 33 · 13/09 a 19/09,BENE ANDRADE DONA - 14631,Total Docentes Previstos,32.0,numero
AVARE (15).xlsx,33,Semana 33 · 13/09 a 19/09,CELSO FERREIRA DA SILVA PROFESSOR - 918489,(%) ATPLs Concluídos,0.9333333333333333,percentual
AVARE (15).xlsx,33,Semana 33 · 13/09 a 19/09,CELSO FERREIRA DA SILVA PROFESSOR - 918489,(%) de Docentes Ativos no Período,0.9333333333333333,percentual
AVARE (15).xlsx,33,Semana 33 · 13/09 a 19/09,CELSO FERREIRA DA SILVA PROFESSOR - 918489,ATPLs Concluídos,28.0,numero
AVARE (15).xlsx,33,Semana 33 · 13/09 a 19/09,CELSO FERREIRA DA SILVA PROFESSOR - 918489,ATPLs Previstos,30.0,numero
AVARE (15).xlsx,33,Semana 33 · 13/09 a 19/09,CELSO FERREIRA DA SILVA PROFESSOR - 918489,Total Docentes Ativos,14.0,numero
AVARE (15).xlsx,33,Semana 33 · 13/09 a 19/09,CELSO FERREIRA DA SILVA PROFESSOR - 918489,Total Docentes Previstos,15.0,numero
AVARE (15).xlsx,33,Semana 33 · 13/09 a 19/09,COTA LEONEL DONA - 905185,(%) ATPLs Concluídos,0.9827586206896551,percentual
AVARE (15).xlsx,33,Semana 33 · 13/09 a 19/09,COTA LEONEL DONA - 905185,(%) de Docentes Ativos no Período,1.0,percentual
AVARE (15).xlsx,33,Semana 33 · 13/09 a 19/09,COTA LEONEL DONA - 905185,ATPLs Concluídos,57.0,numero
AVARE (15).xlsx,33,Semana 33 · 13/09 a 19/09,COTA LEONEL DONA - 905185,ATPLs Previstos,58.0,numero
AVARE (15).xlsx,33,Semana 33 · 13/09 a 19/09,COTA LEONEL DONA - 905185,Total Docentes Ativos,29.0,numero
AVARE (15).xlsx,33,Semana 33 · 13/09 a 19/09,COTA LEONEL DONA - 905185,Total Docentes Previstos,29.0,numero
AVARE (15).xlsx,33,Semana 33 · 13/09 a 19/09,DIMAS MOZART E SILVA PROFESSOR - 900424,(%) ATPLs Concluídos,1.0,percentual
AVARE (15).xlsx,33,Semana 33 · 13/09 a 19/09,DIMAS MOZART E SILVA PROFESSOR - 900424,(%) de Docentes Ativos no Período,1.0,percentual
AVARE (15).xlsx,33,Semana 33 · 13/09 a 19/09,DIMAS MOZART E SILVA PROFESSOR - 900424,ATPLs Concluídos,55.0,numero
AVARE (15).xlsx,33,Semana 33 · 13/09 a 19/09,DIMAS MOZART E SILVA PROFESSOR - 900424,ATPLs Previstos,55.0,numero
AVARE (15).xlsx,33,Semana 33 · 13/09 a 19/09,DIMAS MOZART E SILVA PROFESSOR - 900424,Total Docentes Ativos,28.0,numero
AVARE (15).xlsx,33,Semana 33 · 13/09 a 19/09,DIMAS MOZART E SILVA PROFESSOR - 900424,Total Docentes Previstos,28.0,numero
AVARE (15).xlsx,33,Semana 33 · 13/09 a 19/09,EMILIO IMMOOS PADRE - 45226,(%) ATPLs Concluídos,1.0,percentual
AVARE (15).xlsx,33,Semana 33 · 13/09 a 19/09,EMILIO IMMOOS PADRE - 45226,(%) de Docentes Ativos no Período,1.0,percentual
AVARE (15).xlsx,33,Semana 33 · 13/09 a 19/09,EMILIO IMMOOS PADRE - 45226,ATPLs Concluídos,51.0,numero
AVARE (15).xlsx,33,Semana 33 · 13/09 a 19/09,EMILIO IMMOOS PADRE - 45226,ATPLs Previstos,51.0,numero
AVARE (15).xlsx,33,Semana 33 · 13/09 a 19/09,EMILIO IMMOOS PADRE - 45226,Total Docentes Ativos,26.0,numero
AVARE (15).xlsx,33,Semana 33 · 13/09 a 19/09,EMILIO IMMOOS PADRE - 45226,Total Docentes Previstos,26.0,numero
AVARE (15).xlsx,33,Semana 33 · 13/09 a 19/09,ERUCE PAULUCCI PROFESSOR - 914484,(%) ATPLs Concluídos,0.8333333333333334,percentual
AVARE (15).xlsx,33,Semana 33 · 13/09 a 19/09,ERUCE PAULUCCI PROFESSOR - 914484,(%) de Docentes Ativos no Período,0.8333333333333334,percentual
AVARE (15).xlsx,33,Semana 33 · 13/09 a 19/09,ERUCE PAULUCCI PROFESSOR - 914484,ATPLs Concluídos,30.0,numero
AVARE (15).xlsx,33,Semana 33 · 13/09 a 19/09,ERUCE PAULUCCI PROFESSOR - 914484,ATPLs Previstos,36.0,numero
AVARE (15).xlsx,33,Semana 33 · 13/09 a 19/09,ERUCE PAULUCCI PROFESSOR - 914484,Total Docentes Ativos,15.0,numero
AVARE (15).xlsx,33,Semana 33 · 13/09 a 19/09,ERUCE PAULUCCI PROFESSOR - 914484,Total Docentes Previstos,18.0,numero
AVARE (15).xlsx,33,Semana 33 · 13/09 a 19/09,GUIDO DIAS DE ALMEIDA PROFESSOR - 910119,(%) ATPLs Concluídos,0.9019607843137255,percentual
AVARE (15).xlsx,33,Semana 33 · 13/09 a 19/09,GUIDO DIAS DE ALMEIDA PROFESSOR - 910119,(%) de Docentes Ativos no Período,0.9230769230769231,percentual
AVARE (15).xlsx,33,Semana 33 · 13/09 a 19/09,GUIDO DIAS DE ALMEIDA PROFESSOR - 910119,ATPLs Concluídos,46.0,numero
AVARE (15).xlsx,33,Semana 33 · 13/09 a 19/09,GUIDO DIAS DE ALMEIDA PROFESSOR - 910119,ATPLs Previstos,51.0,numero
AVARE (15).xlsx,33,Semana 33 · 13/09 a 19/09,GUIDO DIAS DE ALMEIDA PROFESSOR - 910119,Total Docentes Ativos,24.0,numero
AVARE (15).xlsx,33,Semana 33 · 13/09 a 19/09,GUIDO DIAS DE ALMEIDA PROFESSOR - 910119,Total Docentes Previstos,26.0,numero
AVARE (15).xlsx,33,Semana 33 · 13/09 a 19/09,JOAO CRUZ CORONEL - 14497,(%) ATPLs Concluídos,0.9921875,percentual
AVARE (15).xlsx,33,Semana 33 · 13/09 a 19/09,JOAO CRUZ CORONEL - 14497,(%) de Docentes Ativos no Período,1.0,percentual
AVARE (15).xlsx,33,Semana 33 · 13/09 a 19/09,JOAO CRUZ CORONEL - 14497,ATPLs Concluídos,127.0,numero
AVARE (15).xlsx,33,Semana 33 · 13/09 a 19/09,JOAO CRUZ CORONEL - 14497,ATPLs Previstos,128.0,numero
AVARE (15).xlsx,33,Semana 33 · 13/09 a 19/09,JOAO CRUZ CORONEL - 14497,Total Docentes Ativos,64.0,numero
AVARE (15).xlsx,33,Semana 33 · 13/09 a 19/09,JOAO CRUZ CORONEL - 14497,Total Docentes Previstos,64.0,numero
AVARE (15).xlsx,33,Semana 33 · 13/09 a 19/09,JOAO MICHELIN - 14485,(%) ATPLs Concluídos,0.9772727272727273,percentual
AVARE (15).xlsx,33,Semana 33 · 13/09 a 19/09,JOAO MICHELIN - 14485,(%) de Docentes Ativos no Período,0.9772727272727273,percentual
AVARE (15).xlsx,33,Semana 33 · 13/09 a 19/09,JOAO MICHELIN - 14485,ATPLs Concluídos,86.0,numero
AVARE (15).xlsx,33,Semana 33 · 13/09 a 19/09,JOAO MICHELIN - 14485,ATPLs Previstos,88.0,numero
AVARE (15).xlsx,33,Semana 33 · 13/09 a 19/09,JOAO MICHELIN - 14485,Total Docentes Ativos,43.0,numero
AVARE (15).xlsx,33,Semana 33 · 13/09 a 19/09,JOAO MICHELIN - 14485,Total Docentes Previstos,44.0,numero
AVARE (15).xlsx,33,Semana 33 · 13/09 a 19/09,JOAO TEIXEIRA DE ARAUJO PROFESSOR - 14588,(%) ATPLs Concluídos,0.9594594594594594,percentual
AVARE (15).xlsx,33,Semana 33 · 13/09 a 19/09,JOAO TEIXEIRA DE ARAUJO PROFESSOR - 14588,(%) de Docentes Ativos no Período,0.972972972972973,percentual
AVARE (15).xlsx,33,Semana 33 · 13/09 a 19/09,JOAO TEIXEIRA DE ARAUJO PROFESSOR - 14588,ATPLs Concluídos,71.0,numero
AVARE (15).xlsx,33,Semana 33 · 13/09 a 19/09,JOAO TEIXEIRA DE ARAUJO PROFESSOR - 14588,ATPLs Previstos,74.0,numero
AVARE (15).xlsx,33,Semana 33 · 13/09 a 19/09,JOAO TEIXEIRA DE ARAUJO PROFESSOR - 14588,Total Docentes Ativos,36.0,numero
AVARE (15).xlsx,33,Semana 33 · 13/09 a 19/09,JOAO TEIXEIRA DE ARAUJO PROFESSOR - 14588,Total Docentes Previstos,37.0,numero
AVARE (15).xlsx,33,Semana 33 · 13/09 a 19/09,JOSE APARECIDO CASTELUCCI PROFESSOR - 49888,(%) ATPLs Concluídos,0.9166666666666666,percentual
AVARE (15).xlsx,33,Semana 33 · 13/09 a 19/09,JOSE APARECIDO CASTELUCCI PROFESSOR - 49888,(%) de Docentes Ativos no Período,0.9166666666666666,percentual
AVARE (15).xlsx,33,Semana 33 · 13/09 a 19/09,JOSE APARECIDO CASTELUCCI PROFESSOR - 49888,ATPLs Concluídos,22.0,numero
AVARE (15).xlsx,33,Semana 33 · 13/09 a 19/09,JOSE APARECIDO CASTELUCCI PROFESSOR - 49888,ATPLs Previstos,24.0,numero
AVARE (15).xlsx,33,Semana 33 · 13/09 a 19/09,JOSE APARECIDO CASTELUCCI PROFESSOR - 49888,Total Docentes Ativos,11.0,numero
AVARE (15).xlsx,33,Semana 33 · 13/09 a 19/09,JOSE APARECIDO CASTELUCCI PROFESSOR - 49888,Total Docentes Previstos,12.0,numero
AVARE (15).xlsx,33,Semana 33 · 13/09 a 19/09,JOSE LEITE PINHEIRO PROFESSOR - 14527,(%) ATPLs Concluídos,0.967391304347826,percentual
AVARE (15).xlsx,33,Semana 33 · 13/09 a 19/09,JOSE LEITE PINHEIRO PROFESSOR - 14527,(%) de Docentes Ativos no Período,0.9782608695652174,percentual
AVARE (15).xlsx,33,Semana 33 · 13/09 a 19/09,JOSE LEITE PINHEIRO PROFESSOR - 14527,ATPLs Concluídos,89.0,numero
AVARE (15).xlsx,33,Semana 33 · 13/09 a 19/09,JOSE LEITE PINHEIRO PROFESSOR - 14527,ATPLs Previstos,92.0,numero
AVARE (15).xlsx,33,Semana 33 · 13/09 a 19/09,JOSE LEITE PINHEIRO PROFESSOR - 14527,Total Docentes Ativos,45.0,numero
AVARE (15).xlsx,33,Semana 33 · 13/09 a 19/09,JOSE LEITE PINHEIRO PROFESSOR - 14527,Total Docentes Previstos,46.0,numero
AVARE (15).xlsx,33,Semana 33 · 13/09 a 19/09,JOSE PENNA - 14540,(%) ATPLs Concluídos,0.9538461538461539,percentual
AVARE (15).xlsx,33,Semana 33 · 13/09 a 19/09,JOSE PENNA - 14540,(%) de Docentes Ativos no Período,0.9696969696969697,percentual
AVARE (15).xlsx,33,Semana 33 · 13/09 a 19/09,JOSE PENNA - 14540,ATPLs Concluídos,62.0,numero
AVARE (15).xlsx,33,Semana 33 · 13/09 a 19/09,JOSE PENNA - 14540,ATPLs Previstos,65.0,numero
AVARE (15).xlsx,33,Semana 33 · 13/09 a 19/09,JOSE PENNA - 14540,Total Docentes Ativos,32.0,numero
AVARE (15).xlsx,33,Semana 33 · 13/09 a 19/09,JOSE PENNA - 14540,Total Docentes Previstos,33.0,numero
AVARE (15).xlsx,33,Semana 33 · 13/09 a 19/09,JOSE PIRES DE CARVALHO DOUTOR - 924088,(%) ATPLs Concluídos,0.9705882352941176,percentual
AVARE (15).xlsx,33,Semana 33 · 13/09 a 19/09,JOSE PIRES DE CARVALHO DOUTOR - 924088,(%) de Docentes Ativos no Período,1.0,percentual
AVARE (15).xlsx,33,Semana 33 · 13/09 a 19/09,JOSE PIRES DE CARVALHO DOUTOR - 924088,ATPLs Concluídos,33.0,numero
AVARE (15).xlsx,33,Semana 33 · 13/09 a 19/09,JOSE PIRES DE CARVALHO DOUTOR - 924088,ATPLs Previstos,34.0,numero
AVARE (15).xlsx,33,Semana 33 · 13/09 a 19/09,JOSE PIRES DE CARVALHO DOUTOR - 924088,Total Docentes Ativos,17.0,numero
AVARE (15).xlsx,33,Semana 33 · 13/09 a 19/09,JOSE PIRES DE CARVALHO DOUTOR - 924088,Total Docentes Previstos,17.0,numero
AVARE (15).xlsx,33,Semana 33 · 13/09 a 19/09,MARIA IZABEL CRUZ PIMENTEL DONA - 38908,(%) ATPLs Concluídos,0.9873417721518988,percentual
AVARE (15).xlsx,33,Semana 33 · 13/09 a 19/09,MARIA IZABEL CRUZ PIMENTEL DONA - 38908,(%) de Docentes Ativos no Período,1.0,percentual
AVARE (15).xlsx,33,Semana 33 · 13/09 a 19/09,MARIA IZABEL CRUZ PIMENTEL DONA - 38908,ATPLs Concluídos,78.0,numero
AVARE (15).xlsx,33,Semana 33 · 13/09 a 19/09,MARIA IZABEL CRUZ PIMENTEL DONA - 38908,ATPLs Previstos,79.0,numero
AVARE (15).xlsx,33,Semana 33 · 13/09 a 19/09,MARIA IZABEL CRUZ PIMENTEL DONA - 38908,Total Docentes Ativos,40.0,numero
AVARE (15).xlsx,33,Semana 33 · 13/09 a 19/09,MARIA IZABEL CRUZ PIMENTEL DONA - 38908,Total Docentes Previstos,40.0,numero
AVARE (15).xlsx,33,Semana 33 · 13/09 a 19/09,MATILDE VIEIRA - 14679,(%) ATPLs Concluídos,0.8857142857142857,percentual
AVARE (15).xlsx,33,Semana 33 · 13/09 a 19/09,MATILDE VIEIRA - 14679,(%) de Docentes Ativos no Período,0.8857142857142857,percentual
AVARE (15).xlsx,33,Semana 33 · 13/09 a 19/09,MATILDE VIEIRA - 14679,ATPLs Concluídos,62.0,numero
AVARE (15).xlsx,33,Semana 33 · 13/09 a 19/09,MATILDE VIEIRA - 14679,ATPLs Previstos,70.0,numero
AVARE (15).xlsx,33,Semana 33 · 13/09 a 19/09,MATILDE VIEIRA - 14679,Total Docentes Ativos,31.0,numero
AVARE (15).xlsx,33,Semana 33 · 13/09 a 19/09,MATILDE VIEIRA - 14679,Total Docentes Previstos,35.0,numero
AVARE (15).xlsx,33,Semana 33 · 13/09 a 19/09,PAULO ARAUJO NOVAES DOUTOR - 14461,(%) ATPLs Concluídos,0.9361702127659575,percentual
AVARE (15).xlsx,33,Semana 33 · 13/09 a 19/09,PAULO ARAUJO NOVAES DOUTOR - 14461,(%) de Docentes Ativos no Período,0.9361702127659575,percentual
AVARE (15).xlsx,33,Semana 33 · 13/09 a 19/09,PAULO ARAUJO NOVAES DOUTOR - 14461,ATPLs Concluídos,88.0,numero
AVARE (15).xlsx,33,Semana 33 · 13/09 a 19/09,PAULO ARAUJO NOVAES DOUTOR - 14461,ATPLs Previstos,94.0,numero
AVARE (15).xlsx,33,Semana 33 · 13/09 a 19/09,PAULO ARAUJO NOVAES DOUTOR - 14461,Total Docentes Ativos,44.0,numero
AVARE (15).xlsx,33,Semana 33 · 13/09 a 19/09,PAULO ARAUJO NOVAES DOUTOR - 14461,Total Docentes Previstos,47.0,numero
AVARE (15).xlsx,33,Semana 33 · 13/09 a 19/09,PAULO DELICIO - 14515,(%) ATPLs Concluídos,0.8611111111111112,percentual
AVARE (15).xlsx,33,Semana 33 · 13/09 a 19/09,PAULO DELICIO - 14515,(%) de Docentes Ativos no Período,0.8648648648648649,percentual
AVARE (15).xlsx,33,Semana 33 · 13/09 a 19/09,PAULO DELICIO - 14515,ATPLs Concluídos,62.0,numero
AVARE (15).xlsx,33,Semana 33 · 13/09 a 19/09,PAULO DELICIO - 14515,ATPLs Previstos,72.0,numero
AVARE (15).xlsx,33,Semana 33 · 13/09 a 19/09,PAULO DELICIO - 14515,Total Docentes Ativos,32.0,numero
AVARE (15).xlsx,33,Semana 33 · 13/09 a 19/09,PAULO DELICIO - 14515,Total Docentes Previstos,37.0,numero
AVARE (15).xlsx,33,Semana 33 · 13/09 a 19/09,PEDRO BENTO ALVES - 14503,(%) ATPLs Concluídos,0.9558823529411765,percentual
AVARE (15).xlsx,33,Semana 33 · 13/09 a 19/09,PEDRO BENTO ALVES - 14503,(%) de Docentes Ativos no Período,0.9705882352941176,percentual
AVARE (15).xlsx,33,Semana 33 · 13/09 a 19/09,PEDRO BENTO ALVES - 14503,ATPLs Concluídos,65.0,numero
AVARE (15).xlsx,33,Semana 33 · 13/09 a 19/09,PEDRO BENTO ALVES - 14503,ATPLs Previstos,68.0,numero
AVARE (15).xlsx,33,Semana 33 · 13/09 a 19/09,PEDRO BENTO ALVES - 14503,Total Docentes Ativos,33.0,numero
AVARE (15).xlsx,33,Semana 33 · 13/09 a 19/09,PEDRO BENTO ALVES - 14503,Total Docentes Previstos,34.0,numero
AVARE (15).xlsx,33,Semana 33 · 13/09 a 19/09,PROFESSORA MARIANA APARECIDA TODESCATO - 191516,(%) ATPLs Concluídos,0.9807692307692307,percentual
AVARE (15).xlsx,33,Semana 33 · 13/09 a 19/09,PROFESSORA MARIANA APARECIDA TODESCATO - 191516,(%) de Docentes Ativos no Período,1.0,percentual
AVARE (15).xlsx,33,Semana 33 · 13/09 a 19/09,PROFESSORA MARIANA APARECIDA TODESCATO - 191516,ATPLs Concluídos,51.0,numero
AVARE (15).xlsx,33,Semana 33 · 13/09 a 19/09,PROFESSORA MARIANA APARECIDA TODESCATO - 191516,ATPLs Previstos,52.0,numero
AVARE (15).xlsx,33,Semana 33 · 13/09 a 19/09,PROFESSORA MARIANA APARECIDA TODESCATO - 191516,Total Docentes Ativos,26.0,numero
AVARE (15).xlsx,33,Semana 33 · 13/09 a 19/09,PROFESSORA MARIANA APARECIDA TODESCATO - 191516,Total Docentes Previstos,26.0,numero
AVARE (15).xlsx,33,Semana 33 · 13/09 a 19/09,SANDRA APARECIDA DE ARAUJO PROFESSORA - 924337,(%) ATPLs Concluídos,1.0,percentual
AVARE (15).xlsx,33,Semana 33 · 13/09 a 19/09,SANDRA APARECIDA DE ARAUJO PROFESSORA - 924337,(%) de Docentes Ativos no Período,1.0,percentual
AVARE (15).xlsx,33,Semana 33 · 13/09 a 19/09,SANDRA APARECIDA DE ARAUJO PROFESSORA - 924337,ATPLs Concluídos,52.0,numero
AVARE (15).xlsx,33,Semana 33 · 13/09 a 19/09,SANDRA APARECIDA DE ARAUJO PROFESSORA - 924337,ATPLs Previstos,52.0,numero
AVARE (15).xlsx,33,Semana 33 · 13/09 a 19/09,SANDRA APARECIDA DE ARAUJO PROFESSORA - 924337,Total Docentes Ativos,27.0,numero
AVARE (15).xlsx,33,Semana 33 · 13/09 a 19/09,SANDRA APARECIDA DE ARAUJO PROFESSORA - 924337,Total Docentes Previstos,27.0,numero
AVARE (15).xlsx,33,Semana 33 · 13/09 a 19/09,Total (planilha),(%) ATPLs Concluídos,0.9563139931740614,percentual
AVARE (15).xlsx,33,Semana 33 · 13/09 a 19/09,Total (planilha),(%) de Docentes Ativos no Período,0.9626865671641791,percentual
AVARE (15).xlsx,33,Semana 33 · 13/09 a 19/09,Total (planilha),ATPLs Concluídos,1401.0,numero
AVARE (15).xlsx,33,Semana 33 · 13/09 a 19/09,Total (planilha),ATPLs Previstos,1465.0,numero
AVARE (15).xlsx,33,Semana 33 · 13/09 a 19/09,Total (planilha),Total Docentes Ativos,645.0,numero
AVARE (15).xlsx,33,Semana 33 · 13/09 a 19/09,Total (planilha),Total Docentes Previstos,670.0,numero
AVARE (14).xlsx,34,Semana 34 · 20/09 a 26/09,ABILIO RAPOSO FERRAZ JUNIOR - 903188,(%) ATPLs Concluídos,1.0,percentual
AVARE (14).xlsx,34,Semana 34 · 20/09 a 26/09,ABILIO RAPOSO FERRAZ JUNIOR - 903188,(%) de Docentes Ativos no Período,1.0,percentual
AVARE (14).xlsx,34,Semana 34 · 20/09 a 26/09,ABILIO RAPOSO FERRAZ JUNIOR - 903188,ATPLs Concluídos,83.0,numero
AVARE (14).xlsx,34,Semana 34 · 20/09 a 26/09,ABILIO RAPOSO FERRAZ JUNIOR - 903188,ATPLs Previstos,83.0,numero
AVARE (14).xlsx,34,Semana 34 · 20/09 a 26/09,ABILIO RAPOSO FERRAZ JUNIOR - 903188,Total Docentes Ativos,42.0,numero
AVARE (14).xlsx,34,Semana 34 · 20/09 a 26/09,ABILIO RAPOSO FERRAZ JUNIOR - 903188,Total Docentes Previstos,42.0,numero
AVARE (14).xlsx,34,Semana 34 · 20/09 a 26/09,ASSENTAMENTO ZUMBI DOS PALMARES - 566032,(%) ATPLs Concluídos,0.95,percentual
AVARE (14).xlsx,34,Semana 34 · 20/09 a 26/09,ASSENTAMENTO ZUMBI DOS PALMARES - 566032,(%) de Docentes Ativos no Período,1.0,percentual
AVARE (14).xlsx,34,Semana 34 · 20/09 a 26/09,ASSENTAMENTO ZUMBI DOS PALMARES - 566032,ATPLs Concluídos,19.0,numero
AVARE (14).xlsx,34,Semana 34 · 20/09 a 26/09,ASSENTAMENTO ZUMBI DOS PALMARES - 566032,ATPLs Previstos,20.0,numero
AVARE (14).xlsx,34,Semana 34 · 20/09 a 26/09,ASSENTAMENTO ZUMBI DOS PALMARES - 566032,Total Docentes Ativos,10.0,numero
AVARE (14).xlsx,34,Semana 34 · 20/09 a 26/09,ASSENTAMENTO ZUMBI DOS PALMARES - 566032,Total Docentes Previstos,10.0,numero
AVARE (14).xlsx,34,Semana 34 · 20/09 a 26/09,AVELINO APARECIDO RIBEIRO DOUTOR - 14552,(%) ATPLs Concluídos,0.958333333333333,percentual
AVARE (14).xlsx,34,Semana 34 · 20/09 a 26/09,AVELINO APARECIDO RIBEIRO DOUTOR - 14552,(%) de Docentes Ativos no Período,1.0,percentual
AVARE (14).xlsx,34,Semana 34 · 20/09 a 26/09,AVELINO APARECIDO RIBEIRO DOUTOR - 14552,ATPLs Concluídos,23.0,numero
AVARE (14).xlsx,34,Semana 34 · 20/09 a 26/09,AVELINO APARECIDO RIBEIRO DOUTOR - 14552,ATPLs Previstos,24.0,numero
AVARE (14).xlsx,34,Semana 34 · 20/09 a 26/09,AVELINO APARECIDO RIBEIRO DOUTOR - 14552,Total Docentes Ativos,12.0,numero
AVARE (14).xlsx,34,Semana 34 · 20/09 a 26/09,AVELINO APARECIDO RIBEIRO DOUTOR - 14552,Total Docentes Previstos,12.0,numero
AVARE (14).xlsx,34,Semana 34 · 20/09 a 26/09,BENE ANDRADE DONA - 14631,(%) ATPLs Concluídos,0.919354838709677,percentual
AVARE (14).xlsx,34,Semana 34 · 20/09 a 26/09,BENE ANDRADE DONA - 14631,(%) de Docentes Ativos no Período,0.935483870967742,percentual
AVARE (14).xlsx,34,Semana 34 · 20/09 a 26/09,BENE ANDRADE DONA - 14631,ATPLs Concluídos,57.0,numero
AVARE (14).xlsx,34,Semana 34 · 20/09 a 26/09,BENE ANDRADE DONA - 14631,ATPLs Previstos,62.0,numero
AVARE (14).xlsx,34,Semana 34 · 20/09 a 26/09,BENE ANDRADE DONA - 14631,Total Docentes Ativos,29.0,numero
AVARE (14).xlsx,34,Semana 34 · 20/09 a 26/09,BENE ANDRADE DONA - 14631,Total Docentes Previstos,31.0,numero
AVARE (14).xlsx,34,Semana 34 · 20/09 a 26/09,CELSO FERREIRA DA SILVA PROFESSOR - 918489,(%) ATPLs Concluídos,0.928571428571429,percentual
AVARE (14).xlsx,34,Semana 34 · 20/09 a 26/09,CELSO FERREIRA DA SILVA PROFESSOR - 918489,(%) de Docentes Ativos no Período,1.0,percentual
AVARE (14).xlsx,34,Semana 34 · 20/09 a 26/09,CELSO FERREIRA DA SILVA PROFESSOR - 918489,ATPLs Concluídos,26.0,numero
AVARE (14).xlsx,34,Semana 34 · 20/09 a 26/09,CELSO FERREIRA DA SILVA PROFESSOR - 918489,ATPLs Previstos,28.0,numero
AVARE (14).xlsx,34,Semana 34 · 20/09 a 26/09,CELSO FERREIRA DA SILVA PROFESSOR - 918489,Total Docentes Ativos,14.0,numero
AVARE (14).xlsx,34,Semana 34 · 20/09 a 26/09,CELSO FERREIRA DA SILVA PROFESSOR - 918489,Total Docentes Previstos,14.0,numero
AVARE (14).xlsx,34,Semana 34 · 20/09 a 26/09,COTA LEONEL DONA - 905185,(%) ATPLs Concluídos,0.946428571428571,percentual
AVARE (14).xlsx,34,Semana 34 · 20/09 a 26/09,COTA LEONEL DONA - 905185,(%) de Docentes Ativos no Período,0.964285714285714,percentual
AVARE (14).xlsx,34,Semana 34 · 20/09 a 26/09,COTA LEONEL DONA - 905185,ATPLs Concluídos,53.0,numero
AVARE (14).xlsx,34,Semana 34 · 20/09 a 26/09,COTA LEONEL DONA - 905185,ATPLs Previstos,56.0,numero
AVARE (14).xlsx,34,Semana 34 · 20/09 a 26/09,COTA LEONEL DONA - 905185,Total Docentes Ativos,27.0,numero
AVARE (14).xlsx,34,Semana 34 · 20/09 a 26/09,COTA LEONEL DONA - 905185,Total Docentes Previstos,28.0,numero
AVARE (14).xlsx,34,Semana 34 · 20/09 a 26/09,DIMAS MOZART E SILVA PROFESSOR - 900424,(%) ATPLs Concluídos,1.0,percentual
AVARE (14).xlsx,34,Semana 34 · 20/09 a 26/09,DIMAS MOZART E SILVA PROFESSOR - 900424,(%) de Docentes Ativos no Período,1.0,percentual
AVARE (14).xlsx,34,Semana 34 · 20/09 a 26/09,DIMAS MOZART E SILVA PROFESSOR - 900424,ATPLs Concluídos,55.0,numero
AVARE (14).xlsx,34,Semana 34 · 20/09 a 26/09,DIMAS MOZART E SILVA PROFESSOR - 900424,ATPLs Previstos,55.0,numero
AVARE (14).xlsx,34,Semana 34 · 20/09 a 26/09,DIMAS MOZART E SILVA PROFESSOR - 900424,Total Docentes Ativos,28.0,numero
AVARE (14).xlsx,34,Semana 34 · 20/09 a 26/09,DIMAS MOZART E SILVA PROFESSOR - 900424,Total Docentes Previstos,28.0,numero
AVARE (14).xlsx,34,Semana 34 · 20/09 a 26/09,EMILIO IMMOOS PADRE - 45226,(%) ATPLs Concluídos,1.0,percentual
AVARE (14).xlsx,34,Semana 34 · 20/09 a 26/09,EMILIO IMMOOS PADRE - 45226,(%) de Docentes Ativos no Período,1.0,percentual
AVARE (14).xlsx,34,Semana 34 · 20/09 a 26/09,EMILIO IMMOOS PADRE - 45226,ATPLs Concluídos,51.0,numero
AVARE (14).xlsx,34,Semana 34 · 20/09 a 26/09,EMILIO IMMOOS PADRE - 45226,ATPLs Previstos,51.0,numero
AVARE (14).xlsx,34,Semana 34 · 20/09 a 26/09,EMILIO IMMOOS PADRE - 45226,Total Docentes Ativos,26.0,numero
AVARE (14).xlsx,34,Semana 34 · 20/09 a 26/09,EMILIO IMMOOS PADRE - 45226,Total Docentes Previstos,26.0,numero
AVARE (14).xlsx,34,Semana 34 · 20/09 a 26/09,ERUCE PAULUCCI PROFESSOR - 914484,(%) ATPLs Concluídos,0.833333333333333,percentual
AVARE (14).xlsx,34,Semana 34 · 20/09 a 26/09,ERUCE PAULUCCI PROFESSOR - 914484,(%) de Docentes Ativos no Período,0.833333333333333,percentual
AVARE (14).xlsx,34,Semana 34 · 20/09 a 26/09,ERUCE PAULUCCI PROFESSOR - 914484,ATPLs Concluídos,30.0,numero
AVARE (14).xlsx,34,Semana 34 · 20/09 a 26/09,ERUCE PAULUCCI PROFESSOR - 914484,ATPLs Previstos,36.0,numero
AVARE (14).xlsx,34,Semana 34 · 20/09 a 26/09,ERUCE PAULUCCI PROFESSOR - 914484,Total Docentes Ativos,15.0,numero
AVARE (14).xlsx,34,Semana 34 · 20/09 a 26/09,ERUCE PAULUCCI PROFESSOR - 914484,Total Docentes Previstos,18.0,numero
AVARE (14).xlsx,34,Semana 34 · 20/09 a 26/09,GUIDO DIAS DE ALMEIDA PROFESSOR - 910119,(%) ATPLs Concluídos,0.933333333333333,percentual
AVARE (14).xlsx,34,Semana 34 · 20/09 a 26/09,GUIDO DIAS DE ALMEIDA PROFESSOR - 910119,(%) de Docentes Ativos no Período,0.956521739130435,percentual
AVARE (14).xlsx,34,Semana 34 · 20/09 a 26/09,GUIDO DIAS DE ALMEIDA PROFESSOR - 910119,ATPLs Concluídos,42.0,numero
AVARE (14).xlsx,34,Semana 34 · 20/09 a 26/09,GUIDO DIAS DE ALMEIDA PROFESSOR - 910119,ATPLs Previstos,45.0,numero
AVARE (14).xlsx,34,Semana 34 · 20/09 a 26/09,GUIDO DIAS DE ALMEIDA PROFESSOR - 910119,Total Docentes Ativos,22.0,numero
AVARE (14).xlsx,34,Semana 34 · 20/09 a 26/09,GUIDO DIAS DE ALMEIDA PROFESSOR - 910119,Total Docentes Previstos,23.0,numero
AVARE (14).xlsx,34,Semana 34 · 20/09 a 26/09,JOAO CRUZ CORONEL - 14497,(%) ATPLs Concluídos,0.968253968253968,percentual
AVARE (14).xlsx,34,Semana 34 · 20/09 a 26/09,JOAO CRUZ CORONEL - 14497,(%) de Docentes Ativos no Período,0.968253968253968,percentual
AVARE (14).xlsx,34,Semana 34 · 20/09 a 26/09,JOAO CRUZ CORONEL - 14497,ATPLs Concluídos,122.0,numero
AVARE (14).xlsx,34,Semana 34 · 20/09 a 26/09,JOAO CRUZ CORONEL - 14497,ATPLs Previstos,126.0,numero
AVARE (14).xlsx,34,Semana 34 · 20/09 a 26/09,JOAO CRUZ CORONEL - 14497,Total Docentes Ativos,61.0,numero
AVARE (14).xlsx,34,Semana 34 · 20/09 a 26/09,JOAO CRUZ CORONEL - 14497,Total Docentes Previstos,63.0,numero
AVARE (14).xlsx,34,Semana 34 · 20/09 a 26/09,JOAO MICHELIN - 14485,(%) ATPLs Concluídos,1.0,percentual
AVARE (14).xlsx,34,Semana 34 · 20/09 a 26/09,JOAO MICHELIN - 14485,(%) de Docentes Ativos no Período,1.0,percentual
AVARE (14).xlsx,34,Semana 34 · 20/09 a 26/09,JOAO MICHELIN - 14485,ATPLs Concluídos,88.0,numero
AVARE (14).xlsx,34,Semana 34 · 20/09 a 26/09,JOAO MICHELIN - 14485,ATPLs Previstos,88.0,numero
AVARE (14).xlsx,34,Semana 34 · 20/09 a 26/09,JOAO MICHELIN - 14485,Total Docentes Ativos,44.0,numero
AVARE (14).xlsx,34,Semana 34 · 20/09 a 26/09,JOAO MICHELIN - 14485,Total Docentes Previstos,44.0,numero
AVARE (14).xlsx,34,Semana 34 · 20/09 a 26/09,JOAO TEIXEIRA DE ARAUJO PROFESSOR - 14588,(%) ATPLs Concluídos,1.0,percentual
AVARE (14).xlsx,34,Semana 34 · 20/09 a 26/09,JOAO TEIXEIRA DE ARAUJO PROFESSOR - 14588,(%) de Docentes Ativos no Período,1.0,percentual
AVARE (14).xlsx,34,Semana 34 · 20/09 a 26/09,JOAO TEIXEIRA DE ARAUJO PROFESSOR - 14588,ATPLs Concluídos,74.0,numero
AVARE (14).xlsx,34,Semana 34 · 20/09 a 26/09,JOAO TEIXEIRA DE ARAUJO PROFESSOR - 14588,ATPLs Previstos,74.0,numero
AVARE (14).xlsx,34,Semana 34 · 20/09 a 26/09,JOAO TEIXEIRA DE ARAUJO PROFESSOR - 14588,Total Docentes Ativos,37.0,numero
AVARE (14).xlsx,34,Semana 34 · 20/09 a 26/09,JOAO TEIXEIRA DE ARAUJO PROFESSOR - 14588,Total Docentes Previstos,37.0,numero
AVARE (14).xlsx,34,Semana 34 · 20/09 a 26/09,JOSE APARECIDO CASTELUCCI PROFESSOR - 49888,(%) ATPLs Concluídos,0.875,percentual
AVARE (14).xlsx,34,Semana 34 · 20/09 a 26/09,JOSE APARECIDO CASTELUCCI PROFESSOR - 49888,(%) de Docentes Ativos no Período,0.916666666666667,percentual
AVARE (14).xlsx,34,Semana 34 · 20/09 a 26/09,JOSE APARECIDO CASTELUCCI PROFESSOR - 49888,ATPLs Concluídos,21.0,numero
AVARE (14).xlsx,34,Semana 34 · 20/09 a 26/09,JOSE APARECIDO CASTELUCCI PROFESSOR - 49888,ATPLs Previstos,24.0,numero
AVARE (14).xlsx,34,Semana 34 · 20/09 a 26/09,JOSE APARECIDO CASTELUCCI PROFESSOR - 49888,Total Docentes Ativos,11.0,numero
AVARE (14).xlsx,34,Semana 34 · 20/09 a 26/09,JOSE APARECIDO CASTELUCCI PROFESSOR - 49888,Total Docentes Previstos,12.0,numero
AVARE (14).xlsx,34,Semana 34 · 20/09 a 26/09,JOSE LEITE PINHEIRO PROFESSOR - 14527,(%) ATPLs Concluídos,0.902173913043478,percentual
AVARE (14).xlsx,34,Semana 34 · 20/09 a 26/09,JOSE LEITE PINHEIRO PROFESSOR - 14527,(%) de Docentes Ativos no Período,0.91304347826087,percentual
AVARE (14).xlsx,34,Semana 34 · 20/09 a 26/09,JOSE LEITE PINHEIRO PROFESSOR - 14527,ATPLs Concluídos,83.0,numero
AVARE (14).xlsx,34,Semana 34 · 20/09 a 26/09,JOSE LEITE PINHEIRO PROFESSOR - 14527,ATPLs Previstos,92.0,numero
AVARE (14).xlsx,34,Semana 34 · 20/09 a 26/09,JOSE LEITE PINHEIRO PROFESSOR - 14527,Total Docentes Ativos,42.0,numero
AVARE (14).xlsx,34,Semana 34 · 20/09 a 26/09,JOSE LEITE PINHEIRO PROFESSOR - 14527,Total Docentes Previstos,46.0,numero
AVARE (14).xlsx,34,Semana 34 · 20/09 a 26/09,JOSE PENNA - 14540,(%) ATPLs Concluídos,0.953846153846154,percentual
AVARE (14).xlsx,34,Semana 34 · 20/09 a 26/09,JOSE PENNA - 14540,(%) de Docentes Ativos no Período,0.96969696969697,percentual
AVARE (14).xlsx,34,Semana 34 · 20/09 a 26/09,JOSE PENNA - 14540,ATPLs Concluídos,62.0,numero
AVARE (14).xlsx,34,Semana 34 · 20/09 a 26/09,JOSE PENNA - 14540,ATPLs Previstos,65.0,numero
AVARE (14).xlsx,34,Semana 34 · 20/09 a 26/09,JOSE PENNA - 14540,Total Docentes Ativos,32.0,numero
AVARE (14).xlsx,34,Semana 34 · 20/09 a 26/09,JOSE PENNA - 14540,Total Docentes Previstos,33.0,numero
AVARE (14).xlsx,34,Semana 34 · 20/09 a 26/09,JOSE PIRES DE CARVALHO DOUTOR - 924088,(%) ATPLs Concluídos,0.970588235294118,percentual
AVARE (14).xlsx,34,Semana 34 · 20/09 a 26/09,JOSE PIRES DE CARVALHO DOUTOR - 924088,(%) de Docentes Ativos no Período,1.0,percentual
AVARE (14).xlsx,34,Semana 34 · 20/09 a 26/09,JOSE PIRES DE CARVALHO DOUTOR - 924088,ATPLs Concluídos,33.0,numero
AVARE (14).xlsx,34,Semana 34 · 20/09 a 26/09,JOSE PIRES DE CARVALHO DOUTOR - 924088,ATPLs Previstos,34.0,numero
AVARE (14).xlsx,34,Semana 34 · 20/09 a 26/09,JOSE PIRES DE CARVALHO DOUTOR - 924088,Total Docentes Ativos,17.0,numero
AVARE (14).xlsx,34,Semana 34 · 20/09 a 26/09,JOSE PIRES DE CARVALHO DOUTOR - 924088,Total Docentes Previstos,17.0,numero
AVARE (14).xlsx,34,Semana 34 · 20/09 a 26/09,MARIA IZABEL CRUZ PIMENTEL DONA - 38908,(%) ATPLs Concluídos,1.0,percentual
AVARE (14).xlsx,34,Semana 34 · 20/09 a 26/09,MARIA IZABEL CRUZ PIMENTEL DONA - 38908,(%) de Docentes Ativos no Período,1.0,percentual
AVARE (14).xlsx,34,Semana 34 · 20/09 a 26/09,MARIA IZABEL CRUZ PIMENTEL DONA - 38908,ATPLs Concluídos,80.0,numero
AVARE (14).xlsx,34,Semana 34 · 20/09 a 26/09,MARIA IZABEL CRUZ PIMENTEL DONA - 38908,ATPLs Previstos,80.0,numero
AVARE (14).xlsx,34,Semana 34 · 20/09 a 26/09,MARIA IZABEL CRUZ PIMENTEL DONA - 38908,Total Docentes Ativos,40.0,numero
AVARE (14).xlsx,34,Semana 34 · 20/09 a 26/09,MARIA IZABEL CRUZ PIMENTEL DONA - 38908,Total Docentes Previstos,40.0,numero
AVARE (14).xlsx,34,Semana 34 · 20/09 a 26/09,MATILDE VIEIRA - 14679,(%) ATPLs Concluídos,0.902777777777778,percentual
AVARE (14).xlsx,34,Semana 34 · 20/09 a 26/09,MATILDE VIEIRA - 14679,(%) de Docentes Ativos no Período,0.916666666666667,percentual
AVARE (14).xlsx,34,Semana 34 · 20/09 a 26/09,MATILDE VIEIRA - 14679,ATPLs Concluídos,65.0,numero
AVARE (14).xlsx,34,Semana 34 · 20/09 a 26/09,MATILDE VIEIRA - 14679,ATPLs Previstos,72.0,numero
AVARE (14).xlsx,34,Semana 34 · 20/09 a 26/09,MATILDE VIEIRA - 14679,Total Docentes Ativos,33.0,numero
AVARE (14).xlsx,34,Semana 34 · 20/09 a 26/09,MATILDE VIEIRA - 14679,Total Docentes Previstos,36.0,numero
AVARE (14).xlsx,34,Semana 34 · 20/09 a 26/09,PAULO ARAUJO NOVAES DOUTOR - 14461,(%) ATPLs Concluídos,0.978723404255319,percentual
AVARE (14).xlsx,34,Semana 34 · 20/09 a 26/09,PAULO ARAUJO NOVAES DOUTOR - 14461,(%) de Docentes Ativos no Período,0.978723404255319,percentual
AVARE (14).xlsx,34,Semana 34 · 20/09 a 26/09,PAULO ARAUJO NOVAES DOUTOR - 14461,ATPLs Concluídos,92.0,numero
AVARE (14).xlsx,34,Semana 34 · 20/09 a 26/09,PAULO ARAUJO NOVAES DOUTOR - 14461,ATPLs Previstos,94.0,numero
AVARE (14).xlsx,34,Semana 34 · 20/09 a 26/09,PAULO ARAUJO NOVAES DOUTOR - 14461,Total Docentes Ativos,46.0,numero
AVARE (14).xlsx,34,Semana 34 · 20/09 a 26/09,PAULO ARAUJO NOVAES DOUTOR - 14461,Total Docentes Previstos,47.0,numero
AVARE (14).xlsx,34,Semana 34 · 20/09 a 26/09,PAULO DELICIO - 14515,(%) ATPLs Concluídos,0.958904109589041,percentual
AVARE (14).xlsx,34,Semana 34 · 20/09 a 26/09,PAULO DELICIO - 14515,(%) de Docentes Ativos no Período,0.972972972972973,percentual
AVARE (14).xlsx,34,Semana 34 · 20/09 a 26/09,PAULO DELICIO - 14515,ATPLs Concluídos,70.0,numero
AVARE (14).xlsx,34,Semana 34 · 20/09 a 26/09,PAULO DELICIO - 14515,ATPLs Previstos,73.0,numero
AVARE (14).xlsx,34,Semana 34 · 20/09 a 26/09,PAULO DELICIO - 14515,Total Docentes Ativos,36.0,numero
AVARE (14).xlsx,34,Semana 34 · 20/09 a 26/09,PAULO DELICIO - 14515,Total Docentes Previstos,37.0,numero
AVARE (14).xlsx,34,Semana 34 · 20/09 a 26/09,PEDRO BENTO ALVES - 14503,(%) ATPLs Concluídos,0.955882352941177,percentual
AVARE (14).xlsx,34,Semana 34 · 20/09 a 26/09,PEDRO BENTO ALVES - 14503,(%) de Docentes Ativos no Período,0.970588235294118,percentual
AVARE (14).xlsx,34,Semana 34 · 20/09 a 26/09,PEDRO BENTO ALVES - 14503,ATPLs Concluídos,65.0,numero
AVARE (14).xlsx,34,Semana 34 · 20/09 a 26/09,PEDRO BENTO ALVES - 14503,ATPLs Previstos,68.0,numero
AVARE (14).xlsx,34,Semana 34 · 20/09 a 26/09,PEDRO BENTO ALVES - 14503,Total Docentes Ativos,33.0,numero
AVARE (14).xlsx,34,Semana 34 · 20/09 a 26/09,PEDRO BENTO ALVES - 14503,Total Docentes Previstos,34.0,numero
AVARE (14).xlsx,34,Semana 34 · 20/09 a 26/09,PROFESSORA MARIANA APARECIDA TODESCATO - 191516,(%) ATPLs Concluídos,1.0,percentual
AVARE (14).xlsx,34,Semana 34 · 20/09 a 26/09,PROFESSORA MARIANA APARECIDA TODESCATO - 191516,(%) de Docentes Ativos no Período,1.0,percentual
AVARE (14).xlsx,34,Semana 34 · 20/09 a 26/09,PROFESSORA MARIANA APARECIDA TODESCATO - 191516,ATPLs Concluídos,52.0,numero
AVARE (14).xlsx,34,Semana 34 · 20/09 a 26/09,PROFESSORA MARIANA APARECIDA TODESCATO - 191516,ATPLs Previstos,52.0,numero
AVARE (14).xlsx,34,Semana 34 · 20/09 a 26/09,PROFESSORA MARIANA APARECIDA TODESCATO - 191516,Total Docentes Ativos,26.0,numero
AVARE (14).xlsx,34,Semana 34 · 20/09 a 26/09,PROFESSORA MARIANA APARECIDA TODESCATO - 191516,Total Docentes Previstos,26.0,numero
AVARE (14).xlsx,34,Semana 34 · 20/09 a 26/09,SANDRA APARECIDA DE ARAUJO PROFESSORA - 924337,(%) ATPLs Concluídos,1.0,percentual
AVARE (14).xlsx,34,Semana 34 · 20/09 a 26/09,SANDRA APARECIDA DE ARAUJO PROFESSORA - 924337,(%) de Docentes Ativos no Período,1.0,percentual
AVARE (14).xlsx,34,Semana 34 · 20/09 a 26/09,SANDRA APARECIDA DE ARAUJO PROFESSORA - 924337,ATPLs Concluídos,55.0,numero
AVARE (14).xlsx,34,Semana 34 · 20/09 a 26/09,SANDRA APARECIDA DE ARAUJO PROFESSORA - 924337,ATPLs Previstos,55.0,numero
AVARE (14).xlsx,34,Semana 34 · 20/09 a 26/09,SANDRA APARECIDA DE ARAUJO PROFESSORA - 924337,Total Docentes Ativos,28.0,numero
AVARE (14).xlsx,34,Semana 34 · 20/09 a 26/09,SANDRA APARECIDA DE ARAUJO PROFESSORA - 924337,Total Docentes Previstos,28.0,numero
AVARE (13).xlsx,35,Semana 35 · 30/09 a 03/10,ABILIO RAPOSO FERRAZ JUNIOR - 903188,(%) ATPLs Concluídos,0.988095238095238,percentual
AVARE (13).xlsx,35,Semana 35 · 30/09 a 03/10,ABILIO RAPOSO FERRAZ JUNIOR - 903188,(%) de Docentes Ativos no Período,1.0,percentual
AVARE (13).xlsx,35,Semana 35 · 30/09 a 03/10,ABILIO RAPOSO FERRAZ JUNIOR - 903188,ATPLs Concluídos,83.0,numero
AVARE (13).xlsx,35,Semana 35 · 30/09 a 03/10,ABILIO RAPOSO FERRAZ JUNIOR - 903188,ATPLs Previstos,84.0,numero
AVARE (13).xlsx,35,Semana 35 · 30/09 a 03/10,ABILIO RAPOSO FERRAZ JUNIOR - 903188,Total Docentes Ativos,42.0,numero
AVARE (13).xlsx,35,Semana 35 · 30/09 a 03/10,ABILIO RAPOSO FERRAZ JUNIOR - 903188,Total Docentes Previstos,42.0,numero
AVARE (13).xlsx,35,Semana 35 · 30/09 a 03/10,ASSENTAMENTO ZUMBI DOS PALMARES - 566032,(%) ATPLs Concluídos,1.0,percentual
AVARE (13).xlsx,35,Semana 35 · 30/09 a 03/10,ASSENTAMENTO ZUMBI DOS PALMARES - 566032,(%) de Docentes Ativos no Período,1.0,percentual
AVARE (13).xlsx,35,Semana 35 · 30/09 a 03/10,ASSENTAMENTO ZUMBI DOS PALMARES - 566032,ATPLs Concluídos,20.0,numero
AVARE (13).xlsx,35,Semana 35 · 30/09 a 03/10,ASSENTAMENTO ZUMBI DOS PALMARES - 566032,ATPLs Previstos,20.0,numero
AVARE (13).xlsx,35,Semana 35 · 30/09 a 03/10,ASSENTAMENTO ZUMBI DOS PALMARES - 566032,Total Docentes Ativos,10.0,numero
AVARE (13).xlsx,35,Semana 35 · 30/09 a 03/10,ASSENTAMENTO ZUMBI DOS PALMARES - 566032,Total Docentes Previstos,10.0,numero
AVARE (13).xlsx,35,Semana 35 · 30/09 a 03/10,AVELINO APARECIDO RIBEIRO DOUTOR - 14552,(%) ATPLs Concluídos,1.0,percentual
AVARE (13).xlsx,35,Semana 35 · 30/09 a 03/10,AVELINO APARECIDO RIBEIRO DOUTOR - 14552,(%) de Docentes Ativos no Período,1.0,percentual
AVARE (13).xlsx,35,Semana 35 · 30/09 a 03/10,AVELINO APARECIDO RIBEIRO DOUTOR - 14552,ATPLs Concluídos,24.0,numero
AVARE (13).xlsx,35,Semana 35 · 30/09 a 03/10,AVELINO APARECIDO RIBEIRO DOUTOR - 14552,ATPLs Previstos,24.0,numero
AVARE (13).xlsx,35,Semana 35 · 30/09 a 03/10,AVELINO APARECIDO RIBEIRO DOUTOR - 14552,Total Docentes Ativos,12.0,numero
AVARE (13).xlsx,35,Semana 35 · 30/09 a 03/10,AVELINO APARECIDO RIBEIRO DOUTOR - 14552,Total Docentes Previstos,12.0,numero
AVARE (13).xlsx,35,Semana 35 · 30/09 a 03/10,BENE ANDRADE DONA - 14631,(%) ATPLs Concluídos,0.967741935483871,percentual
AVARE (13).xlsx,35,Semana 35 · 30/09 a 03/10,BENE ANDRADE DONA - 14631,(%) de Docentes Ativos no Período,1.0,percentual
AVARE (13).xlsx,35,Semana 35 · 30/09 a 03/10,BENE ANDRADE DONA - 14631,ATPLs Concluídos,60.0,numero
AVARE (13).xlsx,35,Semana 35 · 30/09 a 03/10,BENE ANDRADE DONA - 14631,ATPLs Previstos,62.0,numero
AVARE (13).xlsx,35,Semana 35 · 30/09 a 03/10,BENE ANDRADE DONA - 14631,Total Docentes Ativos,31.0,numero
AVARE (13).xlsx,35,Semana 35 · 30/09 a 03/10,BENE ANDRADE DONA - 14631,Total Docentes Previstos,31.0,numero
AVARE (13).xlsx,35,Semana 35 · 30/09 a 03/10,CELSO FERREIRA DA SILVA PROFESSOR - 918489,(%) ATPLs Concluídos,1.0,percentual
AVARE (13).xlsx,35,Semana 35 · 30/09 a 03/10,CELSO FERREIRA DA SILVA PROFESSOR - 918489,(%) de Docentes Ativos no Período,1.0,percentual
AVARE (13).xlsx,35,Semana 35 · 30/09 a 03/10,CELSO FERREIRA DA SILVA PROFESSOR - 918489,ATPLs Concluídos,28.0,numero
AVARE (13).xlsx,35,Semana 35 · 30/09 a 03/10,CELSO FERREIRA DA SILVA PROFESSOR - 918489,ATPLs Previstos,28.0,numero
AVARE (13).xlsx,35,Semana 35 · 30/09 a 03/10,CELSO FERREIRA DA SILVA PROFESSOR - 918489,Total Docentes Ativos,14.0,numero
AVARE (13).xlsx,35,Semana 35 · 30/09 a 03/10,CELSO FERREIRA DA SILVA PROFESSOR - 918489,Total Docentes Previstos,14.0,numero
AVARE (13).xlsx,35,Semana 35 · 30/09 a 03/10,COTA LEONEL DONA - 905185,(%) ATPLs Concluídos,0.964285714285714,percentual
AVARE (13).xlsx,35,Semana 35 · 30/09 a 03/10,COTA LEONEL DONA - 905185,(%) de Docentes Ativos no Período,0.964285714285714,percentual
AVARE (13).xlsx,35,Semana 35 · 30/09 a 03/10,COTA LEONEL DONA - 905185,ATPLs Concluídos,54.0,numero
AVARE (13).xlsx,35,Semana 35 · 30/09 a 03/10,COTA LEONEL DONA - 905185,ATPLs Previstos,56.0,numero
AVARE (13).xlsx,35,Semana 35 · 30/09 a 03/10,COTA LEONEL DONA - 905185,Total Docentes Ativos,27.0,numero
AVARE (13).xlsx,35,Semana 35 · 30/09 a 03/10,COTA LEONEL DONA - 905185,Total Docentes Previstos,28.0,numero
AVARE (13).xlsx,35,Semana 35 · 30/09 a 03/10,DIMAS MOZART E SILVA PROFESSOR - 900424,(%) ATPLs Concluídos,0.945454545454545,percentual
AVARE (13).xlsx,35,Semana 35 · 30/09 a 03/10,DIMAS MOZART E SILVA PROFESSOR - 900424,(%) de Docentes Ativos no Período,0.964285714285714,percentual
AVARE (13).xlsx,35,Semana 35 · 30/09 a 03/10,DIMAS MOZART E SILVA PROFESSOR - 900424,ATPLs Concluídos,52.0,numero
AVARE (13).xlsx,35,Semana 35 · 30/09 a 03/10,DIMAS MOZART E SILVA PROFESSOR - 900424,ATPLs Previstos,55.0,numero
AVARE (13).xlsx,35,Semana 35 · 30/09 a 03/10,DIMAS MOZART E SILVA PROFESSOR - 900424,Total Docentes Ativos,27.0,numero
AVARE (13).xlsx,35,Semana 35 · 30/09 a 03/10,DIMAS MOZART E SILVA PROFESSOR - 900424,Total Docentes Previstos,28.0,numero
AVARE (13).xlsx,35,Semana 35 · 30/09 a 03/10,EMILIO IMMOOS PADRE - 45226,(%) ATPLs Concluídos,1.0,percentual
AVARE (13).xlsx,35,Semana 35 · 30/09 a 03/10,EMILIO IMMOOS PADRE - 45226,(%) de Docentes Ativos no Período,1.0,percentual
AVARE (13).xlsx,35,Semana 35 · 30/09 a 03/10,EMILIO IMMOOS PADRE - 45226,ATPLs Concluídos,51.0,numero
AVARE (13).xlsx,35,Semana 35 · 30/09 a 03/10,EMILIO IMMOOS PADRE - 45226,ATPLs Previstos,51.0,numero
AVARE (13).xlsx,35,Semana 35 · 30/09 a 03/10,EMILIO IMMOOS PADRE - 45226,Total Docentes Ativos,26.0,numero
AVARE (13).xlsx,35,Semana 35 · 30/09 a 03/10,EMILIO IMMOOS PADRE - 45226,Total Docentes Previstos,26.0,numero
AVARE (13).xlsx,35,Semana 35 · 30/09 a 03/10,ERUCE PAULUCCI PROFESSOR - 914484,(%) ATPLs Concluídos,0.972222222222222,percentual
AVARE (13).xlsx,35,Semana 35 · 30/09 a 03/10,ERUCE PAULUCCI PROFESSOR - 914484,(%) de Docentes Ativos no Período,1.0,percentual
AVARE (13).xlsx,35,Semana 35 · 30/09 a 03/10,ERUCE PAULUCCI PROFESSOR - 914484,ATPLs Concluídos,35.0,numero
AVARE (13).xlsx,35,Semana 35 · 30/09 a 03/10,ERUCE PAULUCCI PROFESSOR - 914484,ATPLs Previstos,36.0,numero
AVARE (13).xlsx,35,Semana 35 · 30/09 a 03/10,ERUCE PAULUCCI PROFESSOR - 914484,Total Docentes Ativos,18.0,numero
AVARE (13).xlsx,35,Semana 35 · 30/09 a 03/10,ERUCE PAULUCCI PROFESSOR - 914484,Total Docentes Previstos,18.0,numero
AVARE (13).xlsx,35,Semana 35 · 30/09 a 03/10,GUIDO DIAS DE ALMEIDA PROFESSOR - 910119,(%) ATPLs Concluídos,1.0,percentual
AVARE (13).xlsx,35,Semana 35 · 30/09 a 03/10,GUIDO DIAS DE ALMEIDA PROFESSOR - 910119,(%) de Docentes Ativos no Período,1.0,percentual
AVARE (13).xlsx,35,Semana 35 · 30/09 a 03/10,GUIDO DIAS DE ALMEIDA PROFESSOR - 910119,ATPLs Concluídos,43.0,numero
AVARE (13).xlsx,35,Semana 35 · 30/09 a 03/10,GUIDO DIAS DE ALMEIDA PROFESSOR - 910119,ATPLs Previstos,43.0,numero
AVARE (13).xlsx,35,Semana 35 · 30/09 a 03/10,GUIDO DIAS DE ALMEIDA PROFESSOR - 910119,Total Docentes Ativos,22.0,numero
AVARE (13).xlsx,35,Semana 35 · 30/09 a 03/10,GUIDO DIAS DE ALMEIDA PROFESSOR - 910119,Total Docentes Previstos,22.0,numero
AVARE (13).xlsx,35,Semana 35 · 30/09 a 03/10,JOAO CRUZ CORONEL - 14497,(%) ATPLs Concluídos,0.976190476190476,percentual
AVARE (13).xlsx,35,Semana 35 · 30/09 a 03/10,JOAO CRUZ CORONEL - 14497,(%) de Docentes Ativos no Período,0.984126984126984,percentual
AVARE (13).xlsx,35,Semana 35 · 30/09 a 03/10,JOAO CRUZ CORONEL - 14497,ATPLs Concluídos,123.0,numero
AVARE (13).xlsx,35,Semana 35 · 30/09 a 03/10,JOAO CRUZ CORONEL - 14497,ATPLs Previstos,126.0,numero
AVARE (13).xlsx,35,Semana 35 · 30/09 a 03/10,JOAO CRUZ CORONEL - 14497,Total Docentes Ativos,62.0,numero
AVARE (13).xlsx,35,Semana 35 · 30/09 a 03/10,JOAO CRUZ CORONEL - 14497,Total Docentes Previstos,63.0,numero
AVARE (13).xlsx,35,Semana 35 · 30/09 a 03/10,JOAO MICHELIN - 14485,(%) ATPLs Concluídos,0.933333333333333,percentual
AVARE (13).xlsx,35,Semana 35 · 30/09 a 03/10,JOAO MICHELIN - 14485,(%) de Docentes Ativos no Período,0.977777777777778,percentual
AVARE (13).xlsx,35,Semana 35 · 30/09 a 03/10,JOAO MICHELIN - 14485,ATPLs Concluídos,84.0,numero
AVARE (13).xlsx,35,Semana 35 · 30/09 a 03/10,JOAO MICHELIN - 14485,ATPLs Previstos,90.0,numero
AVARE (13).xlsx,35,Semana 35 · 30/09 a 03/10,JOAO MICHELIN - 14485,Total Docentes Ativos,44.0,numero
AVARE (13).xlsx,35,Semana 35 · 30/09 a 03/10,JOAO MICHELIN - 14485,Total Docentes Previstos,45.0,numero
AVARE (13).xlsx,35,Semana 35 · 30/09 a 03/10,JOAO TEIXEIRA DE ARAUJO PROFESSOR - 14588,(%) ATPLs Concluídos,0.891891891891892,percentual
AVARE (13).xlsx,35,Semana 35 · 30/09 a 03/10,JOAO TEIXEIRA DE ARAUJO PROFESSOR - 14588,(%) de Docentes Ativos no Período,0.891891891891892,percentual
AVARE (13).xlsx,35,Semana 35 · 30/09 a 03/10,JOAO TEIXEIRA DE ARAUJO PROFESSOR - 14588,ATPLs Concluídos,66.0,numero
AVARE (13).xlsx,35,Semana 35 · 30/09 a 03/10,JOAO TEIXEIRA DE ARAUJO PROFESSOR - 14588,ATPLs Previstos,74.0,numero
AVARE (13).xlsx,35,Semana 35 · 30/09 a 03/10,JOAO TEIXEIRA DE ARAUJO PROFESSOR - 14588,Total Docentes Ativos,33.0,numero
AVARE (13).xlsx,35,Semana 35 · 30/09 a 03/10,JOAO TEIXEIRA DE ARAUJO PROFESSOR - 14588,Total Docentes Previstos,37.0,numero
AVARE (13).xlsx,35,Semana 35 · 30/09 a 03/10,JOSE APARECIDO CASTELUCCI PROFESSOR - 49888,(%) ATPLs Concluídos,1.0,percentual
AVARE (13).xlsx,35,Semana 35 · 30/09 a 03/10,JOSE APARECIDO CASTELUCCI PROFESSOR - 49888,(%) de Docentes Ativos no Período,1.0,percentual
AVARE (13).xlsx,35,Semana 35 · 30/09 a 03/10,JOSE APARECIDO CASTELUCCI PROFESSOR - 49888,ATPLs Concluídos,24.0,numero
AVARE (13).xlsx,35,Semana 35 · 30/09 a 03/10,JOSE APARECIDO CASTELUCCI PROFESSOR - 49888,ATPLs Previstos,24.0,numero
AVARE (13).xlsx,35,Semana 35 · 30/09 a 03/10,JOSE APARECIDO CASTELUCCI PROFESSOR - 49888,Total Docentes Ativos,12.0,numero
AVARE (13).xlsx,35,Semana 35 · 30/09 a 03/10,JOSE APARECIDO CASTELUCCI PROFESSOR - 49888,Total Docentes Previstos,12.0,numero
AVARE (13).xlsx,35,Semana 35 · 30/09 a 03/10,JOSE LEITE PINHEIRO PROFESSOR - 14527,(%) ATPLs Concluídos,0.83695652173913,percentual
AVARE (13).xlsx,35,Semana 35 · 30/09 a 03/10,JOSE LEITE PINHEIRO PROFESSOR - 14527,(%) de Docentes Ativos no Período,0.847826086956522,percentual
AVARE (13).xlsx,35,Semana 35 · 30/09 a 03/10,JOSE LEITE PINHEIRO PROFESSOR - 14527,ATPLs Concluídos,77.0,numero
AVARE (13).xlsx,35,Semana 35 · 30/09 a 03/10,JOSE LEITE PINHEIRO PROFESSOR - 14527,ATPLs Previstos,92.0,numero
AVARE (13).xlsx,35,Semana 35 · 30/09 a 03/10,JOSE LEITE PINHEIRO PROFESSOR - 14527,Total Docentes Ativos,39.0,numero
AVARE (13).xlsx,35,Semana 35 · 30/09 a 03/10,JOSE LEITE PINHEIRO PROFESSOR - 14527,Total Docentes Previstos,46.0,numero
AVARE (13).xlsx,35,Semana 35 · 30/09 a 03/10,JOSE PENNA - 14540,(%) ATPLs Concluídos,0.920634920634921,percentual
AVARE (13).xlsx,35,Semana 35 · 30/09 a 03/10,JOSE PENNA - 14540,(%) de Docentes Ativos no Período,0.9375,percentual
AVARE (13).xlsx,35,Semana 35 · 30/09 a 03/10,JOSE PENNA - 14540,ATPLs Concluídos,58.0,numero
AVARE (13).xlsx,35,Semana 35 · 30/09 a 03/10,JOSE PENNA - 14540,ATPLs Previstos,63.0,numero
AVARE (13).xlsx,35,Semana 35 · 30/09 a 03/10,JOSE PENNA - 14540,Total Docentes Ativos,30.0,numero
AVARE (13).xlsx,35,Semana 35 · 30/09 a 03/10,JOSE PENNA - 14540,Total Docentes Previstos,32.0,numero
AVARE (13).xlsx,35,Semana 35 · 30/09 a 03/10,JOSE PIRES DE CARVALHO DOUTOR - 924088,(%) ATPLs Concluídos,1.0,percentual
AVARE (13).xlsx,35,Semana 35 · 30/09 a 03/10,JOSE PIRES DE CARVALHO DOUTOR - 924088,(%) de Docentes Ativos no Período,1.0,percentual
AVARE (13).xlsx,35,Semana 35 · 30/09 a 03/10,JOSE PIRES DE CARVALHO DOUTOR - 924088,ATPLs Concluídos,34.0,numero
AVARE (13).xlsx,35,Semana 35 · 30/09 a 03/10,JOSE PIRES DE CARVALHO DOUTOR - 924088,ATPLs Previstos,34.0,numero
AVARE (13).xlsx,35,Semana 35 · 30/09 a 03/10,JOSE PIRES DE CARVALHO DOUTOR - 924088,Total Docentes Ativos,17.0,numero
AVARE (13).xlsx,35,Semana 35 · 30/09 a 03/10,JOSE PIRES DE CARVALHO DOUTOR - 924088,Total Docentes Previstos,17.0,numero
AVARE (13).xlsx,35,Semana 35 · 30/09 a 03/10,MARIA IZABEL CRUZ PIMENTEL DONA - 38908,(%) ATPLs Concluídos,0.9625,percentual
AVARE (13).xlsx,35,Semana 35 · 30/09 a 03/10,MARIA IZABEL CRUZ PIMENTEL DONA - 38908,(%) de Docentes Ativos no Período,0.975,percentual
AVARE (13).xlsx,35,Semana 35 · 30/09 a 03/10,MARIA IZABEL CRUZ PIMENTEL DONA - 38908,ATPLs Concluídos,77.0,numero
AVARE (13).xlsx,35,Semana 35 · 30/09 a 03/10,MARIA IZABEL CRUZ PIMENTEL DONA - 38908,ATPLs Previstos,80.0,numero
AVARE (13).xlsx,35,Semana 35 · 30/09 a 03/10,MARIA IZABEL CRUZ PIMENTEL DONA - 38908,Total Docentes Ativos,39.0,numero
AVARE (13).xlsx,35,Semana 35 · 30/09 a 03/10,MARIA IZABEL CRUZ PIMENTEL DONA - 38908,Total Docentes Previstos,40.0,numero
AVARE (13).xlsx,35,Semana 35 · 30/09 a 03/10,MATILDE VIEIRA - 14679,(%) ATPLs Concluídos,0.902777777777778,percentual
AVARE (13).xlsx,35,Semana 35 · 30/09 a 03/10,MATILDE VIEIRA - 14679,(%) de Docentes Ativos no Período,0.916666666666667,percentual
AVARE (13).xlsx,35,Semana 35 · 30/09 a 03/10,MATILDE VIEIRA - 14679,ATPLs Concluídos,65.0,numero
AVARE (13).xlsx,35,Semana 35 · 30/09 a 03/10,MATILDE VIEIRA - 14679,ATPLs Previstos,72.0,numero
AVARE (13).xlsx,35,Semana 35 · 30/09 a 03/10,MATILDE VIEIRA - 14679,Total Docentes Ativos,33.0,numero
AVARE (13).xlsx,35,Semana 35 · 30/09 a 03/10,MATILDE VIEIRA - 14679,Total Docentes Previstos,36.0,numero
AVARE (13).xlsx,35,Semana 35 · 30/09 a 03/10,PAULO ARAUJO NOVAES DOUTOR - 14461,(%) ATPLs Concluídos,0.978723404255319,percentual
AVARE (13).xlsx,35,Semana 35 · 30/09 a 03/10,PAULO ARAUJO NOVAES DOUTOR - 14461,(%) de Docentes Ativos no Período,1.0,percentual
AVARE (13).xlsx,35,Semana 35 · 30/09 a 03/10,PAULO ARAUJO NOVAES DOUTOR - 14461,ATPLs Concluídos,92.0,numero
AVARE (13).xlsx,35,Semana 35 · 30/09 a 03/10,PAULO ARAUJO NOVAES DOUTOR - 14461,ATPLs Previstos,94.0,numero
AVARE (13).xlsx,35,Semana 35 · 30/09 a 03/10,PAULO ARAUJO NOVAES DOUTOR - 14461,Total Docentes Ativos,47.0,numero
AVARE (13).xlsx,35,Semana 35 · 30/09 a 03/10,PAULO ARAUJO NOVAES DOUTOR - 14461,Total Docentes Previstos,47.0,numero
AVARE (13).xlsx,35,Semana 35 · 30/09 a 03/10,PAULO DELICIO - 14515,(%) ATPLs Concluídos,0.821917808219178,percentual
AVARE (13).xlsx,35,Semana 35 · 30/09 a 03/10,PAULO DELICIO - 14515,(%) de Docentes Ativos no Período,0.837837837837838,percentual
AVARE (13).xlsx,35,Semana 35 · 30/09 a 03/10,PAULO DELICIO - 14515,ATPLs Concluídos,60.0,numero
AVARE (13).xlsx,35,Semana 35 · 30/09 a 03/10,PAULO DELICIO - 14515,ATPLs Previstos,73.0,numero
AVARE (13).xlsx,35,Semana 35 · 30/09 a 03/10,PAULO DELICIO - 14515,Total Docentes Ativos,31.0,numero
AVARE (13).xlsx,35,Semana 35 · 30/09 a 03/10,PAULO DELICIO - 14515,Total Docentes Previstos,37.0,numero
AVARE (13).xlsx,35,Semana 35 · 30/09 a 03/10,PEDRO BENTO ALVES - 14503,(%) ATPLs Concluídos,0.941176470588235,percentual
AVARE (13).xlsx,35,Semana 35 · 30/09 a 03/10,PEDRO BENTO ALVES - 14503,(%) de Docentes Ativos no Período,0.970588235294118,percentual
AVARE (13).xlsx,35,Semana 35 · 30/09 a 03/10,PEDRO BENTO ALVES - 14503,ATPLs Concluídos,64.0,numero
AVARE (13).xlsx,35,Semana 35 · 30/09 a 03/10,PEDRO BENTO ALVES - 14503,ATPLs Previstos,68.0,numero
AVARE (13).xlsx,35,Semana 35 · 30/09 a 03/10,PEDRO BENTO ALVES - 14503,Total Docentes Ativos,33.0,numero
AVARE (13).xlsx,35,Semana 35 · 30/09 a 03/10,PEDRO BENTO ALVES - 14503,Total Docentes Previstos,34.0,numero
AVARE (13).xlsx,35,Semana 35 · 30/09 a 03/10,PROFESSORA MARIANA APARECIDA TODESCATO - 191516,(%) ATPLs Concluídos,1.0,percentual
AVARE (13).xlsx,35,Semana 35 · 30/09 a 03/10,PROFESSORA MARIANA APARECIDA TODESCATO - 191516,(%) de Docentes Ativos no Período,1.0,percentual
AVARE (13).xlsx,35,Semana 35 · 30/09 a 03/10,PROFESSORA MARIANA APARECIDA TODESCATO - 191516,ATPLs Concluídos,52.0,numero
AVARE (13).xlsx,35,Semana 35 · 30/09 a 03/10,PROFESSORA MARIANA APARECIDA TODESCATO - 191516,ATPLs Previstos,52.0,numero
AVARE (13).xlsx,35,Semana 35 · 30/09 a 03/10,PROFESSORA MARIANA APARECIDA TODESCATO - 191516,Total Docentes Ativos,26.0,numero
AVARE (13).xlsx,35,Semana 35 · 30/09 a 03/10,PROFESSORA MARIANA APARECIDA TODESCATO - 191516,Total Docentes Previstos,26.0,numero
AVARE (13).xlsx,35,Semana 35 · 30/09 a 03/10,SANDRA APARECIDA DE ARAUJO PROFESSORA - 924337,(%) ATPLs Concluídos,1.0,percentual
AVARE (13).xlsx,35,Semana 35 · 30/09 a 03/10,SANDRA APARECIDA DE ARAUJO PROFESSORA - 924337,(%) de Docentes Ativos no Período,1.0,percentual
AVARE (13).xlsx,35,Semana 35 · 30/09 a 03/10,SANDRA APARECIDA DE ARAUJO PROFESSORA - 924337,ATPLs Concluídos,51.0,numero
AVARE (13).xlsx,35,Semana 35 · 30/09 a 03/10,SANDRA APARECIDA DE ARAUJO PROFESSORA - 924337,ATPLs Previstos,51.0,numero
AVARE (13).xlsx,35,Semana 35 · 30/09 a 03/10,SANDRA APARECIDA DE ARAUJO PROFESSORA - 924337,Total Docentes Ativos,26.0,numero
AVARE (13).xlsx,35,Semana 35 · 30/09 a 03/10,SANDRA APARECIDA DE ARAUJO PROFESSORA - 924337,Total Docentes Previstos,26.0,numero
