arquivo,semana,periodo,escola,metrica,valor,tipo_valor
data (8).xlsx,27,Semana 27 · 02/08 a 08/08,ABILIO RAPOSO FERRAZ JUNIOR - 903188,(%) Adesão ENEM,1.0,percentual
data (8).xlsx,27,Semana 27 · 02/08 a 08/08,ABILIO RAPOSO FERRAZ JUNIOR - 903188,Ajuste de Desigualdades,0.58763375,numero
data (8).xlsx,27,Semana 27 · 02/08 a 08/08,ABILIO RAPOSO FERRAZ JUNIOR - 903188,Aluno Presente,0.8471913012615752,numero
data (8).xlsx,27,Semana 27 · 02/08 a 08/08,ABILIO RAPOSO FERRAZ JUNIOR - 903188,Apoio Presencial,3.0,numero
data (8).xlsx,27,Semana 27 · 02/08 a 08/08,ABILIO RAPOSO FERRAZ JUNIOR - 903188,Farol SARESP,3.0,numero
data (8).xlsx,27,Semana 27 · 02/08 a 08/08,ABILIO RAPOSO FERRAZ JUNIOR - 903188,Nota Final,6.304826841016698,numero
data (8).xlsx,27,Semana 27 · 02/08 a 08/08,ABILIO RAPOSO FERRAZ JUNIOR - 903188,Professor Presente,0.9239690721649485,numero
data (8).xlsx,27,Semana 27 · 02/08 a 08/08,ABILIO RAPOSO FERRAZ JUNIOR - 903188,Qualidade Educacional,9.01,numero
data (8).xlsx,27,Semana 27 · 02/08 a 08/08,ABILIO RAPOSO FERRAZ JUNIOR - 903188,SARESP 2025,3.9,numero
data (8).xlsx,27,Semana 27 · 02/08 a 08/08,ABILIO RAPOSO FERRAZ JUNIOR - 903188,SARESP Equidade Nota Super BI,0.0,numero
data (8).xlsx,27,Semana 27 · 02/08 a 08/08,ABILIO RAPOSO FERRAZ JUNIOR - 903188,SARESP Nota Super BI,3.75,numero
data (8).xlsx,27,Semana 27 · 02/08 a 08/08,ASSENTAMENTO ZUMBI DOS PALMARES - 566032,(%) Adesão ENEM,1.0,percentual
data (8).xlsx,27,Semana 27 · 02/08 a 08/08,ASSENTAMENTO ZUMBI DOS PALMARES - 566032,Ajuste de Desigualdades,0.948979375,numero
data (8).xlsx,27,Semana 27 · 02/08 a 08/08,ASSENTAMENTO ZUMBI DOS PALMARES - 566032,Aluno Presente,0.9321120689655172,numero
data (8).xlsx,27,Semana 27 · 02/08 a 08/08,ASSENTAMENTO ZUMBI DOS PALMARES - 566032,Nota Final,6.663265089285714,numero
data (8).xlsx,27,Semana 27 · 02/08 a 08/08,ASSENTAMENTO ZUMBI DOS PALMARES - 566032,Professor Presente,0.686046511627907,numero
data (8).xlsx,27,Semana 27 · 02/08 a 08/08,AVELINO APARECIDO RIBEIRO DOUTOR - 14552,(%) Adesão ENEM,0.9411764705882353,percentual
data (8).xlsx,27,Semana 27 · 02/08 a 08/08,AVELINO APARECIDO RIBEIRO DOUTOR - 14552,Ajuste de Desigualdades,0.766949375,numero
data (8).xlsx,27,Semana 27 · 02/08 a 08/08,AVELINO APARECIDO RIBEIRO DOUTOR - 14552,Aluno Presente,0.8684926845865941,numero
data (8).xlsx,27,Semana 27 · 02/08 a 08/08,AVELINO APARECIDO RIBEIRO DOUTOR - 14552,Apoio Presencial,3.0,numero
data (8).xlsx,27,Semana 27 · 02/08 a 08/08,AVELINO APARECIDO RIBEIRO DOUTOR - 14552,Farol SARESP,4.0,numero
data (8).xlsx,27,Semana 27 · 02/08 a 08/08,AVELINO APARECIDO RIBEIRO DOUTOR - 14552,Nota Final,6.977133918340254,numero
data (8).xlsx,27,Semana 27 · 02/08 a 08/08,AVELINO APARECIDO RIBEIRO DOUTOR - 14552,Professor Presente,0.9176470588235294,numero
data (8).xlsx,27,Semana 27 · 02/08 a 08/08,AVELINO APARECIDO RIBEIRO DOUTOR - 14552,Qualidade Educacional,5.99,numero
data (8).xlsx,27,Semana 27 · 02/08 a 08/08,AVELINO APARECIDO RIBEIRO DOUTOR - 14552,SARESP 2025,2.9,numero
data (8).xlsx,27,Semana 27 · 02/08 a 08/08,AVELINO APARECIDO RIBEIRO DOUTOR - 14552,SARESP Nota Super BI,3.3333000000000004,numero
data (8).xlsx,27,Semana 27 · 02/08 a 08/08,BENE ANDRADE DONA - 14631,(%) Adesão ENEM,0.9615384615384616,percentual
data (8).xlsx,27,Semana 27 · 02/08 a 08/08,BENE ANDRADE DONA - 14631,Ajuste de Desigualdades,0.5545574999999999,numero
data (8).xlsx,27,Semana 27 · 02/08 a 08/08,BENE ANDRADE DONA - 14631,Aluno Presente,0.8860233629483383,numero
data (8).xlsx,27,Semana 27 · 02/08 a 08/08,BENE ANDRADE DONA - 14631,Apoio Presencial,3.0,numero
data (8).xlsx,27,Semana 27 · 02/08 a 08/08,BENE ANDRADE DONA - 14631,Farol SARESP,2.0,numero
data (8).xlsx,27,Semana 27 · 02/08 a 08/08,BENE ANDRADE DONA - 14631,Nota Final,8.290550474940636,numero
data (8).xlsx,27,Semana 27 · 02/08 a 08/08,BENE ANDRADE DONA - 14631,Professor Presente,0.9892857142857143,numero
data (8).xlsx,27,Semana 27 · 02/08 a 08/08,BENE ANDRADE DONA - 14631,Qualidade Educacional,7.199999999999999,numero
data (8).xlsx,27,Semana 27 · 02/08 a 08/08,BENE ANDRADE DONA - 14631,SARESP 2025,3.9,numero
data (8).xlsx,27,Semana 27 · 02/08 a 08/08,BENE ANDRADE DONA - 14631,SARESP Equidade Nota Super BI,10.0,numero
data (8).xlsx,27,Semana 27 · 02/08 a 08/08,BENE ANDRADE DONA - 14631,SARESP Nota Super BI,5.0,numero
data (8).xlsx,27,Semana 27 · 02/08 a 08/08,CELSO FERREIRA DA SILVA PROFESSOR - 918489,Ajuste de Desigualdades,0.470021875,numero
data (8).xlsx,27,Semana 27 · 02/08 a 08/08,CELSO FERREIRA DA SILVA PROFESSOR - 918489,Aluno Presente,0.888999900089919,numero
data (8).xlsx,27,Semana 27 · 02/08 a 08/08,CELSO FERREIRA DA SILVA PROFESSOR - 918489,Apoio Presencial,3.0,numero
data (8).xlsx,27,Semana 27 · 02/08 a 08/08,CELSO FERREIRA DA SILVA PROFESSOR - 918489,Farol SARESP,2.0,numero
data (8).xlsx,27,Semana 27 · 02/08 a 08/08,CELSO FERREIRA DA SILVA PROFESSOR - 918489,Nota Final,6.977447602937603,numero
data (8).xlsx,27,Semana 27 · 02/08 a 08/08,CELSO FERREIRA DA SILVA PROFESSOR - 918489,Professor Presente,0.9928571428571429,numero
data (8).xlsx,27,Semana 27 · 02/08 a 08/08,CELSO FERREIRA DA SILVA PROFESSOR - 918489,Qualidade Educacional,6.1899999999999995,numero
data (8).xlsx,27,Semana 27 · 02/08 a 08/08,CELSO FERREIRA DA SILVA PROFESSOR - 918489,SARESP 2025,4.8,numero
data (8).xlsx,27,Semana 27 · 02/08 a 08/08,CELSO FERREIRA DA SILVA PROFESSOR - 918489,SARESP Equidade Nota Super BI,0.0,numero
data (8).xlsx,27,Semana 27 · 02/08 a 08/08,CELSO FERREIRA DA SILVA PROFESSOR - 918489,SARESP Nota Super BI,5.5,numero
data (8).xlsx,27,Semana 27 · 02/08 a 08/08,COTA LEONEL DONA - 905185,(%) Adesão ENEM,0.9487179487179487,percentual
data (8).xlsx,27,Semana 27 · 02/08 a 08/08,COTA LEONEL DONA - 905185,Ajuste de Desigualdades,0.544470625,numero
data (8).xlsx,27,Semana 27 · 02/08 a 08/08,COTA LEONEL DONA - 905185,Aluno Presente,0.8474935548553423,numero
data (8).xlsx,27,Semana 27 · 02/08 a 08/08,COTA LEONEL DONA - 905185,Apoio Presencial,2.0,numero
data (8).xlsx,27,Semana 27 · 02/08 a 08/08,COTA LEONEL DONA - 905185,Farol SARESP,2.0,numero
data (8).xlsx,27,Semana 27 · 02/08 a 08/08,COTA LEONEL DONA - 905185,Nota Final,6.369961690492509,numero
data (8).xlsx,27,Semana 27 · 02/08 a 08/08,COTA LEONEL DONA - 905185,Professor Presente,0.944,numero
data (8).xlsx,27,Semana 27 · 02/08 a 08/08,COTA LEONEL DONA - 905185,Qualidade Educacional,6.26,numero
data (8).xlsx,27,Semana 27 · 02/08 a 08/08,COTA LEONEL DONA - 905185,SARESP 2025,4.5,numero
data (8).xlsx,27,Semana 27 · 02/08 a 08/08,COTA LEONEL DONA - 905185,SARESP Equidade Nota Super BI,0.025000000000000005,numero
data (8).xlsx,27,Semana 27 · 02/08 a 08/08,COTA LEONEL DONA - 905185,SARESP Nota Super BI,7.0,numero
data (8).xlsx,27,Semana 27 · 02/08 a 08/08,DIMAS MOZART E SILVA PROFESSOR - 900424,(%) Adesão ENEM,1.0,percentual
data (8).xlsx,27,Semana 27 · 02/08 a 08/08,DIMAS MOZART E SILVA PROFESSOR - 900424,Ajuste de Desigualdades,0.5254106249999999,numero
data (8).xlsx,27,Semana 27 · 02/08 a 08/08,DIMAS MOZART E SILVA PROFESSOR - 900424,Aluno Presente,0.9098378496027859,numero
data (8).xlsx,27,Semana 27 · 02/08 a 08/08,DIMAS MOZART E SILVA PROFESSOR - 900424,Apoio Presencial,3.0,numero
data (8).xlsx,27,Semana 27 · 02/08 a 08/08,DIMAS MOZART E SILVA PROFESSOR - 900424,Farol SARESP,4.0,numero
data (8).xlsx,27,Semana 27 · 02/08 a 08/08,DIMAS MOZART E SILVA PROFESSOR - 900424,Nota Final,8.285314044882014,numero
data (8).xlsx,27,Semana 27 · 02/08 a 08/08,DIMAS MOZART E SILVA PROFESSOR - 900424,Professor Presente,0.9702380952380952,numero
data (8).xlsx,27,Semana 27 · 02/08 a 08/08,DIMAS MOZART E SILVA PROFESSOR - 900424,Qualidade Educacional,8.12,numero
data (8).xlsx,27,Semana 27 · 02/08 a 08/08,DIMAS MOZART E SILVA PROFESSOR - 900424,SARESP 2025,4.6,numero
data (8).xlsx,27,Semana 27 · 02/08 a 08/08,DIMAS MOZART E SILVA PROFESSOR - 900424,SARESP Equidade Nota Super BI,2.95,numero
data (8).xlsx,27,Semana 27 · 02/08 a 08/08,DIMAS MOZART E SILVA PROFESSOR - 900424,SARESP Nota Super BI,7.5,numero
data (8).xlsx,27,Semana 27 · 02/08 a 08/08,EMILIO IMMOOS PADRE - 45226,Ajuste de Desigualdades,0.55166125,numero
data (8).xlsx,27,Semana 27 · 02/08 a 08/08,EMILIO IMMOOS PADRE - 45226,Aluno Presente,0.8929323783442173,numero
data (8).xlsx,27,Semana 27 · 02/08 a 08/08,EMILIO IMMOOS PADRE - 45226,Apoio Presencial,3.0,numero
data (8).xlsx,27,Semana 27 · 02/08 a 08/08,EMILIO IMMOOS PADRE - 45226,Farol SARESP,1.0,numero
data (8).xlsx,27,Semana 27 · 02/08 a 08/08,EMILIO IMMOOS PADRE - 45226,Nota Final,8.773229306336583,numero
data (8).xlsx,27,Semana 27 · 02/08 a 08/08,EMILIO IMMOOS PADRE - 45226,Professor Presente,0.975,numero
data (8).xlsx,27,Semana 27 · 02/08 a 08/08,EMILIO IMMOOS PADRE - 45226,Qualidade Educacional,7.65,numero
data (8).xlsx,27,Semana 27 · 02/08 a 08/08,EMILIO IMMOOS PADRE - 45226,SARESP 2025,4.8,numero
data (8).xlsx,27,Semana 27 · 02/08 a 08/08,EMILIO IMMOOS PADRE - 45226,SARESP Equidade Nota Super BI,7.725,numero
data (8).xlsx,27,Semana 27 · 02/08 a 08/08,EMILIO IMMOOS PADRE - 45226,SARESP Nota Super BI,8.5,numero
data (8).xlsx,27,Semana 27 · 02/08 a 08/08,ERUCE PAULUCCI PROFESSOR - 914484,Ajuste de Desigualdades,0.732520625,numero
data (8).xlsx,27,Semana 27 · 02/08 a 08/08,ERUCE PAULUCCI PROFESSOR - 914484,Aluno Presente,0.7515667494383351,numero
data (8).xlsx,27,Semana 27 · 02/08 a 08/08,ERUCE PAULUCCI PROFESSOR - 914484,Apoio Presencial,3.0,numero
data (8).xlsx,27,Semana 27 · 02/08 a 08/08,ERUCE PAULUCCI PROFESSOR - 914484,Farol SARESP,2.0,numero
data (8).xlsx,27,Semana 27 · 02/08 a 08/08,ERUCE PAULUCCI PROFESSOR - 914484,Nota Final,4.578013903060566,numero
data (8).xlsx,27,Semana 27 · 02/08 a 08/08,ERUCE PAULUCCI PROFESSOR - 914484,Professor Presente,0.8125,numero
data (8).xlsx,27,Semana 27 · 02/08 a 08/08,ERUCE PAULUCCI PROFESSOR - 914484,Qualidade Educacional,5.620000000000001,numero
data (8).xlsx,27,Semana 27 · 02/08 a 08/08,ERUCE PAULUCCI PROFESSOR - 914484,SARESP 2025,4.1,numero
data (8).xlsx,27,Semana 27 · 02/08 a 08/08,ERUCE PAULUCCI PROFESSOR - 914484,SARESP Equidade Nota Super BI,1.625,numero
data (8).xlsx,27,Semana 27 · 02/08 a 08/08,ERUCE PAULUCCI PROFESSOR - 914484,SARESP Nota Super BI,6.0,numero
data (8).xlsx,27,Semana 27 · 02/08 a 08/08,GUIDO DIAS DE ALMEIDA PROFESSOR - 910119,(%) Adesão ENEM,0.6027397260273972,percentual
data (8).xlsx,27,Semana 27 · 02/08 a 08/08,GUIDO DIAS DE ALMEIDA PROFESSOR - 910119,Ajuste de Desigualdades,0.50009125,numero
data (8).xlsx,27,Semana 27 · 02/08 a 08/08,GUIDO DIAS DE ALMEIDA PROFESSOR - 910119,Aluno Presente,0.8373533834586466,numero
data (8).xlsx,27,Semana 27 · 02/08 a 08/08,GUIDO DIAS DE ALMEIDA PROFESSOR - 910119,Apoio Presencial,1.4,numero
data (8).xlsx,27,Semana 27 · 02/08 a 08/08,GUIDO DIAS DE ALMEIDA PROFESSOR - 910119,Farol SARESP,4.0,numero
data (8).xlsx,27,Semana 27 · 02/08 a 08/08,GUIDO DIAS DE ALMEIDA PROFESSOR - 910119,Nota Final,5.477844122751022,numero
data (8).xlsx,27,Semana 27 · 02/08 a 08/08,GUIDO DIAS DE ALMEIDA PROFESSOR - 910119,Professor Presente,0.9428571428571428,numero
data (8).xlsx,27,Semana 27 · 02/08 a 08/08,GUIDO DIAS DE ALMEIDA PROFESSOR - 910119,Qualidade Educacional,7.08,numero
data (8).xlsx,27,Semana 27 · 02/08 a 08/08,GUIDO DIAS DE ALMEIDA PROFESSOR - 910119,SARESP 2025,3.7,numero
data (8).xlsx,27,Semana 27 · 02/08 a 08/08,GUIDO DIAS DE ALMEIDA PROFESSOR - 910119,SARESP Equidade Nota Super BI,4.3,numero
data (8).xlsx,27,Semana 27 · 02/08 a 08/08,GUIDO DIAS DE ALMEIDA PROFESSOR - 910119,SARESP Nota Super BI,1.25,numero
data (8).xlsx,27,Semana 27 · 02/08 a 08/08,JOAO CRUZ CORONEL - 14497,(%) Adesão ENEM,0.9094827586206896,percentual
data (8).xlsx,27,Semana 27 · 02/08 a 08/08,JOAO CRUZ CORONEL - 14497,Ajuste de Desigualdades,0.5885787499999999,numero
data (8).xlsx,27,Semana 27 · 02/08 a 08/08,JOAO CRUZ CORONEL - 14497,Aluno Presente,0.9034210285923084,numero
data (8).xlsx,27,Semana 27 · 02/08 a 08/08,JOAO CRUZ CORONEL - 14497,Apoio Presencial,3.0,numero
data (8).xlsx,27,Semana 27 · 02/08 a 08/08,JOAO CRUZ CORONEL - 14497,Farol SARESP,3.0,numero
data (8).xlsx,27,Semana 27 · 02/08 a 08/08,JOAO CRUZ CORONEL - 14497,Nota Final,7.885394165310255,numero
data (8).xlsx,27,Semana 27 · 02/08 a 08/08,JOAO CRUZ CORONEL - 14497,Professor Presente,0.9484820607175714,numero
data (8).xlsx,27,Semana 27 · 02/08 a 08/08,JOAO CRUZ CORONEL - 14497,Qualidade Educacional,7.039999999999999,numero
data (8).xlsx,27,Semana 27 · 02/08 a 08/08,JOAO CRUZ CORONEL - 14497,SARESP 2025,4.1,numero
data (8).xlsx,27,Semana 27 · 02/08 a 08/08,JOAO CRUZ CORONEL - 14497,SARESP Equidade Nota Super BI,5.25,numero
data (8).xlsx,27,Semana 27 · 02/08 a 08/08,JOAO CRUZ CORONEL - 14497,SARESP Nota Super BI,6.5,numero
data (8).xlsx,27,Semana 27 · 02/08 a 08/08,JOAO MICHELIN - 14485,(%) Adesão ENEM,1.0,percentual
data (8).xlsx,27,Semana 27 · 02/08 a 08/08,JOAO MICHELIN - 14485,Ajuste de Desigualdades,0.445920625,numero
data (8).xlsx,27,Semana 27 · 02/08 a 08/08,JOAO MICHELIN - 14485,Aluno Presente,0.8294543110856488,numero
data (8).xlsx,27,Semana 27 · 02/08 a 08/08,JOAO MICHELIN - 14485,Apoio Presencial,3.0,numero
data (8).xlsx,27,Semana 27 · 02/08 a 08/08,JOAO MICHELIN - 14485,Farol SARESP,2.0,numero
data (8).xlsx,27,Semana 27 · 02/08 a 08/08,JOAO MICHELIN - 14485,Nota Final,7.106271952168188,numero
data (8).xlsx,27,Semana 27 · 02/08 a 08/08,JOAO MICHELIN - 14485,Professor Presente,0.9748571428571429,numero
data (8).xlsx,27,Semana 27 · 02/08 a 08/08,JOAO MICHELIN - 14485,Qualidade Educacional,7.030000000000001,numero
data (8).xlsx,27,Semana 27 · 02/08 a 08/08,JOAO MICHELIN - 14485,SARESP 2025,4.6,numero
data (8).xlsx,27,Semana 27 · 02/08 a 08/08,JOAO MICHELIN - 14485,SARESP Equidade Nota Super BI,6.4,numero
data (8).xlsx,27,Semana 27 · 02/08 a 08/08,JOAO MICHELIN - 14485,SARESP Nota Super BI,5.5,numero
data (8).xlsx,27,Semana 27 · 02/08 a 08/08,JOAO TEIXEIRA DE ARAUJO PROFESSOR - 14588,(%) Adesão ENEM,0.9814814814814815,percentual
data (8).xlsx,27,Semana 27 · 02/08 a 08/08,JOAO TEIXEIRA DE ARAUJO PROFESSOR - 14588,Ajuste de Desigualdades,0.543636875,numero
data (8).xlsx,27,Semana 27 · 02/08 a 08/08,JOAO TEIXEIRA DE ARAUJO PROFESSOR - 14588,Aluno Presente,0.893961179007908,numero
data (8).xlsx,27,Semana 27 · 02/08 a 08/08,JOAO TEIXEIRA DE ARAUJO PROFESSOR - 14588,Apoio Presencial,3.0,numero
data (8).xlsx,27,Semana 27 · 02/08 a 08/08,JOAO TEIXEIRA DE ARAUJO PROFESSOR - 14588,Farol SARESP,3.0,numero
data (8).xlsx,27,Semana 27 · 02/08 a 08/08,JOAO TEIXEIRA DE ARAUJO PROFESSOR - 14588,Nota Final,6.726025462968744,numero
data (8).xlsx,27,Semana 27 · 02/08 a 08/08,JOAO TEIXEIRA DE ARAUJO PROFESSOR - 14588,Professor Presente,0.922077922077922,numero
data (8).xlsx,27,Semana 27 · 02/08 a 08/08,JOAO TEIXEIRA DE ARAUJO PROFESSOR - 14588,Qualidade Educacional,7.3,numero
data (8).xlsx,27,Semana 27 · 02/08 a 08/08,JOAO TEIXEIRA DE ARAUJO PROFESSOR - 14588,SARESP 2025,4.0,numero
data (8).xlsx,27,Semana 27 · 02/08 a 08/08,JOAO TEIXEIRA DE ARAUJO PROFESSOR - 14588,SARESP Equidade Nota Super BI,0.0,numero
data (8).xlsx,27,Semana 27 · 02/08 a 08/08,JOAO TEIXEIRA DE ARAUJO PROFESSOR - 14588,SARESP Nota Super BI,5.5,numero
data (8).xlsx,27,Semana 27 · 02/08 a 08/08,JOSE APARECIDO CASTELUCCI PROFESSOR - 49888,(%) Adesão ENEM,1.0,percentual
data (8).xlsx,27,Semana 27 · 02/08 a 08/08,JOSE APARECIDO CASTELUCCI PROFESSOR - 49888,Ajuste de Desigualdades,0.533184375,numero
data (8).xlsx,27,Semana 27 · 02/08 a 08/08,JOSE APARECIDO CASTELUCCI PROFESSOR - 49888,Aluno Presente,0.8787120975304783,numero
data (8).xlsx,27,Semana 27 · 02/08 a 08/08,JOSE APARECIDO CASTELUCCI PROFESSOR - 49888,Apoio Presencial,2.0,numero
data (8).xlsx,27,Semana 27 · 02/08 a 08/08,JOSE APARECIDO CASTELUCCI PROFESSOR - 49888,Farol SARESP,3.0,numero
data (8).xlsx,27,Semana 27 · 02/08 a 08/08,JOSE APARECIDO CASTELUCCI PROFESSOR - 49888,Nota Final,6.634786150559229,numero
data (8).xlsx,27,Semana 27 · 02/08 a 08/08,JOSE APARECIDO CASTELUCCI PROFESSOR - 49888,Professor Presente,0.8796992481203008,numero
data (8).xlsx,27,Semana 27 · 02/08 a 08/08,JOSE APARECIDO CASTELUCCI PROFESSOR - 49888,Qualidade Educacional,8.14,numero
data (8).xlsx,27,Semana 27 · 02/08 a 08/08,JOSE APARECIDO CASTELUCCI PROFESSOR - 49888,SARESP 2025,4.9,numero
data (8).xlsx,27,Semana 27 · 02/08 a 08/08,JOSE APARECIDO CASTELUCCI PROFESSOR - 49888,SARESP Equidade Nota Super BI,0.0,numero
data (8).xlsx,27,Semana 27 · 02/08 a 08/08,JOSE APARECIDO CASTELUCCI PROFESSOR - 49888,SARESP Nota Super BI,7.5,numero
data (8).xlsx,27,Semana 27 · 02/08 a 08/08,JOSE LEITE PINHEIRO PROFESSOR - 14527,(%) Adesão ENEM,0.9181818181818182,percentual
data (8).xlsx,27,Semana 27 · 02/08 a 08/08,JOSE LEITE PINHEIRO PROFESSOR - 14527,Ajuste de Desigualdades,0.59783625,numero
data (8).xlsx,27,Semana 27 · 02/08 a 08/08,JOSE LEITE PINHEIRO PROFESSOR - 14527,Aluno Presente,0.8857778103545163,numero
data (8).xlsx,27,Semana 27 · 02/08 a 08/08,JOSE LEITE PINHEIRO PROFESSOR - 14527,Apoio Presencial,1.1666666666666667,numero
data (8).xlsx,27,Semana 27 · 02/08 a 08/08,JOSE LEITE PINHEIRO PROFESSOR - 14527,Farol SARESP,2.0,numero
data (8).xlsx,27,Semana 27 · 02/08 a 08/08,JOSE LEITE PINHEIRO PROFESSOR - 14527,Nota Final,6.551026639825986,numero
data (8).xlsx,27,Semana 27 · 02/08 a 08/08,JOSE LEITE PINHEIRO PROFESSOR - 14527,Professor Presente,0.8921971252566735,numero
data (8).xlsx,27,Semana 27 · 02/08 a 08/08,JOSE LEITE PINHEIRO PROFESSOR - 14527,Qualidade Educacional,8.36,numero
data (8).xlsx,27,Semana 27 · 02/08 a 08/08,JOSE LEITE PINHEIRO PROFESSOR - 14527,SARESP 2025,4.4,numero
data (8).xlsx,27,Semana 27 · 02/08 a 08/08,JOSE LEITE PINHEIRO PROFESSOR - 14527,SARESP Equidade Nota Super BI,0.0,numero
data (8).xlsx,27,Semana 27 · 02/08 a 08/08,JOSE LEITE PINHEIRO PROFESSOR - 14527,SARESP Nota Super BI,6.5,numero
data (8).xlsx,27,Semana 27 · 02/08 a 08/08,JOSE PENNA - 14540,(%) Adesão ENEM,0.7407407407407407,percentual
data (8).xlsx,27,Semana 27 · 02/08 a 08/08,JOSE PENNA - 14540,Ajuste de Desigualdades,0.504391875,numero
data (8).xlsx,27,Semana 27 · 02/08 a 08/08,JOSE PENNA - 14540,Aluno Presente,0.8805684102276445,numero
data (8).xlsx,27,Semana 27 · 02/08 a 08/08,JOSE PENNA - 14540,Apoio Presencial,3.0,numero
data (8).xlsx,27,Semana 27 · 02/08 a 08/08,JOSE PENNA - 14540,Farol SARESP,2.0,numero
data (8).xlsx,27,Semana 27 · 02/08 a 08/08,JOSE PENNA - 14540,Nota Final,7.475989950813544,numero
data (8).xlsx,27,Semana 27 · 02/08 a 08/08,JOSE PENNA - 14540,Professor Presente,0.9965576592082617,numero
data (8).xlsx,27,Semana 27 · 02/08 a 08/08,JOSE PENNA - 14540,Qualidade Educacional,6.66,numero
data (8).xlsx,27,Semana 27 · 02/08 a 08/08,JOSE PENNA - 14540,SARESP 2025,4.5,numero
data (8).xlsx,27,Semana 27 · 02/08 a 08/08,JOSE PENNA - 14540,SARESP Equidade Nota Super BI,0.0,numero
data (8).xlsx,27,Semana 27 · 02/08 a 08/08,JOSE PENNA - 14540,SARESP Nota Super BI,7.0,numero
data (8).xlsx,27,Semana 27 · 02/08 a 08/08,JOSE PIRES DE CARVALHO DOUTOR - 924088,Ajuste de Desigualdades,0.5430618749999999,numero
data (8).xlsx,27,Semana 27 · 02/08 a 08/08,JOSE PIRES DE CARVALHO DOUTOR - 924088,Aluno Presente,0.8908869532640254,numero
data (8).xlsx,27,Semana 27 · 02/08 a 08/08,JOSE PIRES DE CARVALHO DOUTOR - 924088,Apoio Presencial,2.6666666666666665,numero
data (8).xlsx,27,Semana 27 · 02/08 a 08/08,JOSE PIRES DE CARVALHO DOUTOR - 924088,Farol SARESP,3.0,numero
data (8).xlsx,27,Semana 27 · 02/08 a 08/08,JOSE PIRES DE CARVALHO DOUTOR - 924088,Nota Final,9.623608822667316,numero
data (8).xlsx,27,Semana 27 · 02/08 a 08/08,JOSE PIRES DE CARVALHO DOUTOR - 924088,Professor Presente,0.996875,numero
data (8).xlsx,27,Semana 27 · 02/08 a 08/08,JOSE PIRES DE CARVALHO DOUTOR - 924088,Qualidade Educacional,8.28,numero
data (8).xlsx,27,Semana 27 · 02/08 a 08/08,JOSE PIRES DE CARVALHO DOUTOR - 924088,SARESP 2025,6.1,numero
data (8).xlsx,27,Semana 27 · 02/08 a 08/08,JOSE PIRES DE CARVALHO DOUTOR - 924088,SARESP Equidade Nota Super BI,10.0,numero
data (8).xlsx,27,Semana 27 · 02/08 a 08/08,JOSE PIRES DE CARVALHO DOUTOR - 924088,SARESP Nota Super BI,10.0,numero
data (8).xlsx,27,Semana 27 · 02/08 a 08/08,MARIA IZABEL CRUZ PIMENTEL DONA - 38908,(%) Adesão ENEM,1.0,percentual
data (8).xlsx,27,Semana 27 · 02/08 a 08/08,MARIA IZABEL CRUZ PIMENTEL DONA - 38908,Ajuste de Desigualdades,0.536754375,numero
data (8).xlsx,27,Semana 27 · 02/08 a 08/08,MARIA IZABEL CRUZ PIMENTEL DONA - 38908,Aluno Presente,0.8817634492134395,numero
data (8).xlsx,27,Semana 27 · 02/08 a 08/08,MARIA IZABEL CRUZ PIMENTEL DONA - 38908,Apoio Presencial,3.0,numero
data (8).xlsx,27,Semana 27 · 02/08 a 08/08,MARIA IZABEL CRUZ PIMENTEL DONA - 38908,Farol SARESP,2.0,numero
data (8).xlsx,27,Semana 27 · 02/08 a 08/08,MARIA IZABEL CRUZ PIMENTEL DONA - 38908,Nota Final,7.180417338962469,numero
data (8).xlsx,27,Semana 27 · 02/08 a 08/08,MARIA IZABEL CRUZ PIMENTEL DONA - 38908,Professor Presente,0.9589905362776026,numero
data (8).xlsx,27,Semana 27 · 02/08 a 08/08,MARIA IZABEL CRUZ PIMENTEL DONA - 38908,Qualidade Educacional,7.279999999999999,numero
data (8).xlsx,27,Semana 27 · 02/08 a 08/08,MARIA IZABEL CRUZ PIMENTEL DONA - 38908,SARESP 2025,3.9,numero
data (8).xlsx,27,Semana 27 · 02/08 a 08/08,MARIA IZABEL CRUZ PIMENTEL DONA - 38908,SARESP Equidade Nota Super BI,3.175,numero
data (8).xlsx,27,Semana 27 · 02/08 a 08/08,MARIA IZABEL CRUZ PIMENTEL DONA - 38908,SARESP Nota Super BI,5.0,numero
data (8).xlsx,27,Semana 27 · 02/08 a 08/08,MATILDE VIEIRA - 14679,(%) Adesão ENEM,0.9882352941176471,percentual
data (8).xlsx,27,Semana 27 · 02/08 a 08/08,MATILDE VIEIRA - 14679,Ajuste de Desigualdades,0.524095625,numero
data (8).xlsx,27,Semana 27 · 02/08 a 08/08,MATILDE VIEIRA - 14679,Aluno Presente,0.8412622519722687,numero
data (8).xlsx,27,Semana 27 · 02/08 a 08/08,MATILDE VIEIRA - 14679,Apoio Presencial,3.0,numero
data (8).xlsx,27,Semana 27 · 02/08 a 08/08,MATILDE VIEIRA - 14679,Farol SARESP,3.0,numero
data (8).xlsx,27,Semana 27 · 02/08 a 08/08,MATILDE VIEIRA - 14679,Nota Final,6.724323493146274,numero
data (8).xlsx,27,Semana 27 · 02/08 a 08/08,MATILDE VIEIRA - 14679,Professor Presente,0.9937402190923318,numero
data (8).xlsx,27,Semana 27 · 02/08 a 08/08,MATILDE VIEIRA - 14679,Qualidade Educacional,6.710000000000001,numero
data (8).xlsx,27,Semana 27 · 02/08 a 08/08,MATILDE VIEIRA - 14679,SARESP 2025,4.2,numero
data (8).xlsx,27,Semana 27 · 02/08 a 08/08,MATILDE VIEIRA - 14679,SARESP Equidade Nota Super BI,0.0,numero
data (8).xlsx,27,Semana 27 · 02/08 a 08/08,MATILDE VIEIRA - 14679,SARESP Nota Super BI,5.5,numero
data (8).xlsx,27,Semana 27 · 02/08 a 08/08,PAULO ARAUJO NOVAES DOUTOR - 14461,(%) Adesão ENEM,0.9666666666666667,percentual
data (8).xlsx,27,Semana 27 · 02/08 a 08/08,PAULO ARAUJO NOVAES DOUTOR - 14461,Ajuste de Desigualdades,0.587323125,numero
data (8).xlsx,27,Semana 27 · 02/08 a 08/08,PAULO ARAUJO NOVAES DOUTOR - 14461,Aluno Presente,0.8613044599123485,numero
data (8).xlsx,27,Semana 27 · 02/08 a 08/08,PAULO ARAUJO NOVAES DOUTOR - 14461,Apoio Presencial,2.3333333333333335,numero
data (8).xlsx,27,Semana 27 · 02/08 a 08/08,PAULO ARAUJO NOVAES DOUTOR - 14461,Farol SARESP,1.0,numero
data (8).xlsx,27,Semana 27 · 02/08 a 08/08,PAULO ARAUJO NOVAES DOUTOR - 14461,Nota Final,7.473099289963812,numero
data (8).xlsx,27,Semana 27 · 02/08 a 08/08,PAULO ARAUJO NOVAES DOUTOR - 14461,Professor Presente,0.9632516703786191,numero
data (8).xlsx,27,Semana 27 · 02/08 a 08/08,PAULO ARAUJO NOVAES DOUTOR - 14461,Qualidade Educacional,5.64,numero
data (8).xlsx,27,Semana 27 · 02/08 a 08/08,PAULO ARAUJO NOVAES DOUTOR - 14461,SARESP 2025,4.4,numero
data (8).xlsx,27,Semana 27 · 02/08 a 08/08,PAULO ARAUJO NOVAES DOUTOR - 14461,SARESP Equidade Nota Super BI,6.35,numero
data (8).xlsx,27,Semana 27 · 02/08 a 08/08,PAULO ARAUJO NOVAES DOUTOR - 14461,SARESP Nota Super BI,7.5,numero
data (8).xlsx,27,Semana 27 · 02/08 a 08/08,PAULO DELICIO - 14515,(%) Adesão ENEM,0.9375,percentual
data (8).xlsx,27,Semana 27 · 02/08 a 08/08,PAULO DELICIO - 14515,Ajuste de Desigualdades,0.512821875,numero
data (8).xlsx,27,Semana 27 · 02/08 a 08/08,PAULO DELICIO - 14515,Aluno Presente,0.8624441422187682,numero
data (8).xlsx,27,Semana 27 · 02/08 a 08/08,PAULO DELICIO - 14515,Apoio Presencial,3.0,numero
data (8).xlsx,27,Semana 27 · 02/08 a 08/08,PAULO DELICIO - 14515,Farol SARESP,3.0,numero
data (8).xlsx,27,Semana 27 · 02/08 a 08/08,PAULO DELICIO - 14515,Nota Final,6.314687966871373,numero
data (8).xlsx,27,Semana 27 · 02/08 a 08/08,PAULO DELICIO - 14515,Professor Presente,0.9306451612903226,numero
data (8).xlsx,27,Semana 27 · 02/08 a 08/08,PAULO DELICIO - 14515,Qualidade Educacional,5.23,numero
data (8).xlsx,27,Semana 27 · 02/08 a 08/08,PAULO DELICIO - 14515,SARESP 2025,4.4,numero
data (8).xlsx,27,Semana 27 · 02/08 a 08/08,PAULO DELICIO - 14515,SARESP Equidade Nota Super BI,0.0,numero
data (8).xlsx,27,Semana 27 · 02/08 a 08/08,PAULO DELICIO - 14515,SARESP Nota Super BI,7.0,numero
data (8).xlsx,27,Semana 27 · 02/08 a 08/08,PEDRO BENTO ALVES - 14503,(%) Adesão ENEM,0.9206349206349206,percentual
data (8).xlsx,27,Semana 27 · 02/08 a 08/08,PEDRO BENTO ALVES - 14503,Ajuste de Desigualdades,0.571585625,numero
data (8).xlsx,27,Semana 27 · 02/08 a 08/08,PEDRO BENTO ALVES - 14503,Aluno Presente,0.8476596867851487,numero
data (8).xlsx,27,Semana 27 · 02/08 a 08/08,PEDRO BENTO ALVES - 14503,Apoio Presencial,3.0,numero
data (8).xlsx,27,Semana 27 · 02/08 a 08/08,PEDRO BENTO ALVES - 14503,Farol SARESP,4.0,numero
data (8).xlsx,27,Semana 27 · 02/08 a 08/08,PEDRO BENTO ALVES - 14503,Nota Final,6.928398940630372,numero
data (8).xlsx,27,Semana 27 · 02/08 a 08/08,PEDRO BENTO ALVES - 14503,Professor Presente,0.9688524590163935,numero
data (8).xlsx,27,Semana 27 · 02/08 a 08/08,PEDRO BENTO ALVES - 14503,Qualidade Educacional,6.719999999999999,numero
data (8).xlsx,27,Semana 27 · 02/08 a 08/08,PEDRO BENTO ALVES - 14503,SARESP 2025,4.0,numero
data (8).xlsx,27,Semana 27 · 02/08 a 08/08,PEDRO BENTO ALVES - 14503,SARESP Equidade Nota Super BI,2.125,numero
data (8).xlsx,27,Semana 27 · 02/08 a 08/08,PEDRO BENTO ALVES - 14503,SARESP Nota Super BI,6.0,numero
data (8).xlsx,27,Semana 27 · 02/08 a 08/08,PROFESSORA MARIANA APARECIDA TODESCATO - 191516,(%) Adesão ENEM,0.875,percentual
data (8).xlsx,27,Semana 27 · 02/08 a 08/08,PROFESSORA MARIANA APARECIDA TODESCATO - 191516,Ajuste de Desigualdades,0.5389087499999999,numero
data (8).xlsx,27,Semana 27 · 02/08 a 08/08,PROFESSORA MARIANA APARECIDA TODESCATO - 191516,Aluno Presente,0.8749272833042466,numero
data (8).xlsx,27,Semana 27 · 02/08 a 08/08,PROFESSORA MARIANA APARECIDA TODESCATO - 191516,Apoio Presencial,3.0,numero
data (8).xlsx,27,Semana 27 · 02/08 a 08/08,PROFESSORA MARIANA APARECIDA TODESCATO - 191516,Farol SARESP,4.0,numero
data (8).xlsx,27,Semana 27 · 02/08 a 08/08,PROFESSORA MARIANA APARECIDA TODESCATO - 191516,Nota Final,7.969033178402341,numero
data (8).xlsx,27,Semana 27 · 02/08 a 08/08,PROFESSORA MARIANA APARECIDA TODESCATO - 191516,Professor Presente,0.9614147909967846,numero
data (8).xlsx,27,Semana 27 · 02/08 a 08/08,PROFESSORA MARIANA APARECIDA TODESCATO - 191516,Qualidade Educacional,6.37,numero
data (8).xlsx,27,Semana 27 · 02/08 a 08/08,PROFESSORA MARIANA APARECIDA TODESCATO - 191516,SARESP 2025,4.8,numero
data (8).xlsx,27,Semana 27 · 02/08 a 08/08,PROFESSORA MARIANA APARECIDA TODESCATO - 191516,SARESP Equidade Nota Super BI,5.65,numero
data (8).xlsx,27,Semana 27 · 02/08 a 08/08,PROFESSORA MARIANA APARECIDA TODESCATO - 191516,SARESP Nota Super BI,8.5,numero
data (8).xlsx,27,Semana 27 · 02/08 a 08/08,SANDRA APARECIDA DE ARAUJO PROFESSORA - 924337,(%) Adesão ENEM,0.9473684210526315,percentual
data (8).xlsx,27,Semana 27 · 02/08 a 08/08,SANDRA APARECIDA DE ARAUJO PROFESSORA - 924337,Ajuste de Desigualdades,0.5426887499999999,numero
data (8).xlsx,27,Semana 27 · 02/08 a 08/08,SANDRA APARECIDA DE ARAUJO PROFESSORA - 924337,Aluno Presente,0.8597887570706312,numero
data (8).xlsx,27,Semana 27 · 02/08 a 08/08,SANDRA APARECIDA DE ARAUJO PROFESSORA - 924337,Apoio Presencial,3.0,numero
data (8).xlsx,27,Semana 27 · 02/08 a 08/08,SANDRA APARECIDA DE ARAUJO PROFESSORA - 924337,Farol SARESP,2.0,numero
data (8).xlsx,27,Semana 27 · 02/08 a 08/08,SANDRA APARECIDA DE ARAUJO PROFESSORA - 924337,Nota Final,6.797591702324994,numero
data (8).xlsx,27,Semana 27 · 02/08 a 08/08,SANDRA APARECIDA DE ARAUJO PROFESSORA - 924337,Professor Presente,0.9484126984126984,numero
data (8).xlsx,27,Semana 27 · 02/08 a 08/08,SANDRA APARECIDA DE ARAUJO PROFESSORA - 924337,Qualidade Educacional,6.75,numero
data (8).xlsx,27,Semana 27 · 02/08 a 08/08,SANDRA APARECIDA DE ARAUJO PROFESSORA - 924337,SARESP 2025,4.3,numero
data (8).xlsx,27,Semana 27 · 02/08 a 08/08,SANDRA APARECIDA DE ARAUJO PROFESSORA - 924337,SARESP Equidade Nota Super BI,0.0,numero
data (8).xlsx,27,Semana 27 · 02/08 a 08/08,SANDRA APARECIDA DE ARAUJO PROFESSORA - 924337,SARESP Nota Super BI,7.0,numero
data (8).xlsx,27,Semana 27 · 02/08 a 08/08,Total (planilha),(%) Adesão ENEM,0.9210097719869706,percentual
data (8).xlsx,27,Semana 27 · 02/08 a 08/08,Total (planilha),Ajuste de Desigualdades,0.5550327256315788,numero
data (8).xlsx,27,Semana 27 · 02/08 a 08/08,Total (planilha),Aluno Presente,0.8696006585098817,numero
data (8).xlsx,27,Semana 27 · 02/08 a 08/08,Total (planilha),Apoio Presencial,3.0,numero
data (8).xlsx,27,Semana 27 · 02/08 a 08/08,Total (planilha),Nota Final,7.2622620802827305,numero
data (8).xlsx,27,Semana 27 · 02/08 a 08/08,Total (planilha),Professor Presente,0.9495153160139589,numero
data (8).xlsx,27,Semana 27 · 02/08 a 08/08,Total (planilha),Qualidade Educacional,6.983913043478262,numero
data (8).xlsx,27,Semana 27 · 02/08 a 08/08,Total (planilha),SARESP 2025,4.3,numero
data (8).xlsx,27,Semana 27 · 02/08 a 08/08,Total (planilha),SARESP Equidade Nota Super BI,3.262318419523533,numero
data (8).xlsx,27,Semana 27 · 02/08 a 08/08,Total (planilha),SARESP Nota Super BI,6.5,numero
data (7).xlsx,28,Semana 28 · 09/08 a 15/08,ABILIO RAPOSO FERRAZ JUNIOR - 903188,(%) Adesão ENEM,1.0,percentual
data (7).xlsx,28,Semana 28 · 09/08 a 15/08,ABILIO RAPOSO FERRAZ JUNIOR - 903188,Ajuste de Desigualdades,0.58763375,numero
data (7).xlsx,28,Semana 28 · 09/08 a 15/08,ABILIO RAPOSO FERRAZ JUNIOR - 903188,Aluno Presente,0.8727969348659004,numero
data (7).xlsx,28,Semana 28 · 09/08 a 15/08,ABILIO RAPOSO FERRAZ JUNIOR - 903188,Apoio Presencial,2.5,numero
data (7).xlsx,28,Semana 28 · 09/08 a 15/08,ABILIO RAPOSO FERRAZ JUNIOR - 903188,Farol SARESP,3.0,numero
data (7).xlsx,28,Semana 28 · 09/08 a 15/08,ABILIO RAPOSO FERRAZ JUNIOR - 903188,Nota Final,6.4139272063517465,numero
data (7).xlsx,28,Semana 28 · 09/08 a 15/08,ABILIO RAPOSO FERRAZ JUNIOR - 903188,Professor Presente,0.9166666666666666,numero
data (7).xlsx,28,Semana 28 · 09/08 a 15/08,ABILIO RAPOSO FERRAZ JUNIOR - 903188,Qualidade Educacional,9.01,numero
data (7).xlsx,28,Semana 28 · 09/08 a 15/08,ABILIO RAPOSO FERRAZ JUNIOR - 903188,SARESP 2025,3.9,numero
data (7).xlsx,28,Semana 28 · 09/08 a 15/08,ABILIO RAPOSO FERRAZ JUNIOR - 903188,SARESP Equidade Nota Super BI,0.0,numero
data (7).xlsx,28,Semana 28 · 09/08 a 15/08,ABILIO RAPOSO FERRAZ JUNIOR - 903188,SARESP Nota Super BI,3.75,numero
data (7).xlsx,28,Semana 28 · 09/08 a 15/08,ASSENTAMENTO ZUMBI DOS PALMARES - 566032,(%) Adesão ENEM,1.0,percentual
data (7).xlsx,28,Semana 28 · 09/08 a 15/08,ASSENTAMENTO ZUMBI DOS PALMARES - 566032,Ajuste de Desigualdades,0.948979375,numero
data (7).xlsx,28,Semana 28 · 09/08 a 15/08,ASSENTAMENTO ZUMBI DOS PALMARES - 566032,Aluno Presente,0.9088427947598253,numero
data (7).xlsx,28,Semana 28 · 09/08 a 15/08,ASSENTAMENTO ZUMBI DOS PALMARES - 566032,Nota Final,6.663265089285714,numero
data (7).xlsx,28,Semana 28 · 09/08 a 15/08,ASSENTAMENTO ZUMBI DOS PALMARES - 566032,Professor Presente,0.7325581395348837,numero
data (7).xlsx,28,Semana 28 · 09/08 a 15/08,AVELINO APARECIDO RIBEIRO DOUTOR - 14552,(%) Adesão ENEM,0.9411764705882353,percentual
data (7).xlsx,28,Semana 28 · 09/08 a 15/08,AVELINO APARECIDO RIBEIRO DOUTOR - 14552,Ajuste de Desigualdades,0.766949375,numero
data (7).xlsx,28,Semana 28 · 09/08 a 15/08,AVELINO APARECIDO RIBEIRO DOUTOR - 14552,Aluno Presente,0.879806084921431,numero
data (7).xlsx,28,Semana 28 · 09/08 a 15/08,AVELINO APARECIDO RIBEIRO DOUTOR - 14552,Apoio Presencial,3.0,numero
data (7).xlsx,28,Semana 28 · 09/08 a 15/08,AVELINO APARECIDO RIBEIRO DOUTOR - 14552,Farol SARESP,4.0,numero
data (7).xlsx,28,Semana 28 · 09/08 a 15/08,AVELINO APARECIDO RIBEIRO DOUTOR - 14552,Nota Final,7.264974816461316,numero
data (7).xlsx,28,Semana 28 · 09/08 a 15/08,AVELINO APARECIDO RIBEIRO DOUTOR - 14552,Professor Presente,0.9294117647058824,numero
data (7).xlsx,28,Semana 28 · 09/08 a 15/08,AVELINO APARECIDO RIBEIRO DOUTOR - 14552,Qualidade Educacional,5.99,numero
data (7).xlsx,28,Semana 28 · 09/08 a 15/08,AVELINO APARECIDO RIBEIRO DOUTOR - 14552,SARESP 2025,2.9,numero
data (7).xlsx,28,Semana 28 · 09/08 a 15/08,AVELINO APARECIDO RIBEIRO DOUTOR - 14552,SARESP Nota Super BI,3.3333000000000004,numero
data (7).xlsx,28,Semana 28 · 09/08 a 15/08,BENE ANDRADE DONA - 14631,(%) Adesão ENEM,0.9615384615384616,percentual
data (7).xlsx,28,Semana 28 · 09/08 a 15/08,BENE ANDRADE DONA - 14631,Ajuste de Desigualdades,0.5545574999999999,numero
data (7).xlsx,28,Semana 28 · 09/08 a 15/08,BENE ANDRADE DONA - 14631,Aluno Presente,0.8952765309063955,numero
data (7).xlsx,28,Semana 28 · 09/08 a 15/08,BENE ANDRADE DONA - 14631,Apoio Presencial,3.0,numero
data (7).xlsx,28,Semana 28 · 09/08 a 15/08,BENE ANDRADE DONA - 14631,Farol SARESP,2.0,numero
data (7).xlsx,28,Semana 28 · 09/08 a 15/08,BENE ANDRADE DONA - 14631,Nota Final,8.042977611281913,numero
data (7).xlsx,28,Semana 28 · 09/08 a 15/08,BENE ANDRADE DONA - 14631,Professor Presente,0.9535714285714286,numero
data (7).xlsx,28,Semana 28 · 09/08 a 15/08,BENE ANDRADE DONA - 14631,Qualidade Educacional,7.199999999999999,numero
data (7).xlsx,28,Semana 28 · 09/08 a 15/08,BENE ANDRADE DONA - 14631,SARESP 2025,3.9,numero
data (7).xlsx,28,Semana 28 · 09/08 a 15/08,BENE ANDRADE DONA - 14631,SARESP Equidade Nota Super BI,10.0,numero
data (7).xlsx,28,Semana 28 · 09/08 a 15/08,BENE ANDRADE DONA - 14631,SARESP Nota Super BI,5.0,numero
data (7).xlsx,28,Semana 28 · 09/08 a 15/08,CELSO FERREIRA DA SILVA PROFESSOR - 918489,Ajuste de Desigualdades,0.470021875,numero
data (7).xlsx,28,Semana 28 · 09/08 a 15/08,CELSO FERREIRA DA SILVA PROFESSOR - 918489,Aluno Presente,0.8881767084113993,numero
data (7).xlsx,28,Semana 28 · 09/08 a 15/08,CELSO FERREIRA DA SILVA PROFESSOR - 918489,Apoio Presencial,3.0,numero
data (7).xlsx,28,Semana 28 · 09/08 a 15/08,CELSO FERREIRA DA SILVA PROFESSOR - 918489,Farol SARESP,2.0,numero
data (7).xlsx,28,Semana 28 · 09/08 a 15/08,CELSO FERREIRA DA SILVA PROFESSOR - 918489,Nota Final,7.04019488861474,numero
data (7).xlsx,28,Semana 28 · 09/08 a 15/08,CELSO FERREIRA DA SILVA PROFESSOR - 918489,Professor Presente,1.0,numero
data (7).xlsx,28,Semana 28 · 09/08 a 15/08,CELSO FERREIRA DA SILVA PROFESSOR - 918489,Qualidade Educacional,6.1899999999999995,numero
data (7).xlsx,28,Semana 28 · 09/08 a 15/08,CELSO FERREIRA DA SILVA PROFESSOR - 918489,SARESP 2025,4.8,numero
data (7).xlsx,28,Semana 28 · 09/08 a 15/08,CELSO FERREIRA DA SILVA PROFESSOR - 918489,SARESP Equidade Nota Super BI,0.0,numero
data (7).xlsx,28,Semana 28 · 09/08 a 15/08,CELSO FERREIRA DA SILVA PROFESSOR - 918489,SARESP Nota Super BI,5.5,numero
data (7).xlsx,28,Semana 28 · 09/08 a 15/08,COTA LEONEL DONA - 905185,(%) Adesão ENEM,0.9487179487179487,percentual
data (7).xlsx,28,Semana 28 · 09/08 a 15/08,COTA LEONEL DONA - 905185,Ajuste de Desigualdades,0.544470625,numero
data (7).xlsx,28,Semana 28 · 09/08 a 15/08,COTA LEONEL DONA - 905185,Aluno Presente,0.8654005868999501,numero
data (7).xlsx,28,Semana 28 · 09/08 a 15/08,COTA LEONEL DONA - 905185,Apoio Presencial,2.6666666666666665,numero
data (7).xlsx,28,Semana 28 · 09/08 a 15/08,COTA LEONEL DONA - 905185,Farol SARESP,2.0,numero
data (7).xlsx,28,Semana 28 · 09/08 a 15/08,COTA LEONEL DONA - 905185,Nota Final,6.567652544107728,numero
data (7).xlsx,28,Semana 28 · 09/08 a 15/08,COTA LEONEL DONA - 905185,Professor Presente,0.932,numero
data (7).xlsx,28,Semana 28 · 09/08 a 15/08,COTA LEONEL DONA - 905185,Qualidade Educacional,6.26,numero
data (7).xlsx,28,Semana 28 · 09/08 a 15/08,COTA LEONEL DONA - 905185,SARESP 2025,4.5,numero
data (7).xlsx,28,Semana 28 · 09/08 a 15/08,COTA LEONEL DONA - 905185,SARESP Equidade Nota Super BI,0.025000000000000005,numero
data (7).xlsx,28,Semana 28 · 09/08 a 15/08,COTA LEONEL DONA - 905185,SARESP Nota Super BI,7.0,numero
data (7).xlsx,28,Semana 28 · 09/08 a 15/08,DIMAS MOZART E SILVA PROFESSOR - 900424,(%) Adesão ENEM,1.0,percentual
data (7).xlsx,28,Semana 28 · 09/08 a 15/08,DIMAS MOZART E SILVA PROFESSOR - 900424,Ajuste de Desigualdades,0.5254106249999999,numero
data (7).xlsx,28,Semana 28 · 09/08 a 15/08,DIMAS MOZART E SILVA PROFESSOR - 900424,Aluno Presente,0.9138096763857738,numero
data (7).xlsx,28,Semana 28 · 09/08 a 15/08,DIMAS MOZART E SILVA PROFESSOR - 900424,Apoio Presencial,3.0,numero
data (7).xlsx,28,Semana 28 · 09/08 a 15/08,DIMAS MOZART E SILVA PROFESSOR - 900424,Farol SARESP,4.0,numero
data (7).xlsx,28,Semana 28 · 09/08 a 15/08,DIMAS MOZART E SILVA PROFESSOR - 900424,Nota Final,7.490394256884373,numero
data (7).xlsx,28,Semana 28 · 09/08 a 15/08,DIMAS MOZART E SILVA PROFESSOR - 900424,Professor Presente,0.8777555110220441,numero
data (7).xlsx,28,Semana 28 · 09/08 a 15/08,DIMAS MOZART E SILVA PROFESSOR - 900424,Qualidade Educacional,8.12,numero
data (7).xlsx,28,Semana 28 · 09/08 a 15/08,DIMAS MOZART E SILVA PROFESSOR - 900424,SARESP 2025,4.6,numero
data (7).xlsx,28,Semana 28 · 09/08 a 15/08,DIMAS MOZART E SILVA PROFESSOR - 900424,SARESP Equidade Nota Super BI,2.95,numero
data (7).xlsx,28,Semana 28 · 09/08 a 15/08,DIMAS MOZART E SILVA PROFESSOR - 900424,SARESP Nota Super BI,7.5,numero
data (7).xlsx,28,Semana 28 · 09/08 a 15/08,EMILIO IMMOOS PADRE - 45226,Ajuste de Desigualdades,0.55166125,numero
data (7).xlsx,28,Semana 28 · 09/08 a 15/08,EMILIO IMMOOS PADRE - 45226,Aluno Presente,0.8992634090673306,numero
data (7).xlsx,28,Semana 28 · 09/08 a 15/08,EMILIO IMMOOS PADRE - 45226,Apoio Presencial,3.0,numero
data (7).xlsx,28,Semana 28 · 09/08 a 15/08,EMILIO IMMOOS PADRE - 45226,Farol SARESP,1.0,numero
data (7).xlsx,28,Semana 28 · 09/08 a 15/08,EMILIO IMMOOS PADRE - 45226,Nota Final,9.085032441490002,numero
data (7).xlsx,28,Semana 28 · 09/08 a 15/08,EMILIO IMMOOS PADRE - 45226,Professor Presente,1.0,numero
data (7).xlsx,28,Semana 28 · 09/08 a 15/08,EMILIO IMMOOS PADRE - 45226,Qualidade Educacional,7.65,numero
data (7).xlsx,28,Semana 28 · 09/08 a 15/08,EMILIO IMMOOS PADRE - 45226,SARESP 2025,4.8,numero
data (7).xlsx,28,Semana 28 · 09/08 a 15/08,EMILIO IMMOOS PADRE - 45226,SARESP Equidade Nota Super BI,7.725,numero
data (7).xlsx,28,Semana 28 · 09/08 a 15/08,EMILIO IMMOOS PADRE - 45226,SARESP Nota Super BI,8.5,numero
data (7).xlsx,28,Semana 28 · 09/08 a 15/08,ERUCE PAULUCCI PROFESSOR - 914484,Ajuste de Desigualdades,0.732520625,numero
data (7).xlsx,28,Semana 28 · 09/08 a 15/08,ERUCE PAULUCCI PROFESSOR - 914484,Aluno Presente,0.8442566002779064,numero
data (7).xlsx,28,Semana 28 · 09/08 a 15/08,ERUCE PAULUCCI PROFESSOR - 914484,Apoio Presencial,3.0,numero
data (7).xlsx,28,Semana 28 · 09/08 a 15/08,ERUCE PAULUCCI PROFESSOR - 914484,Farol SARESP,2.0,numero
data (7).xlsx,28,Semana 28 · 09/08 a 15/08,ERUCE PAULUCCI PROFESSOR - 914484,Nota Final,5.584347594274708,numero
data (7).xlsx,28,Semana 28 · 09/08 a 15/08,ERUCE PAULUCCI PROFESSOR - 914484,Professor Presente,0.8166666666666667,numero
data (7).xlsx,28,Semana 28 · 09/08 a 15/08,ERUCE PAULUCCI PROFESSOR - 914484,Qualidade Educacional,5.620000000000001,numero
data (7).xlsx,28,Semana 28 · 09/08 a 15/08,ERUCE PAULUCCI PROFESSOR - 914484,SARESP 2025,4.1,numero
data (7).xlsx,28,Semana 28 · 09/08 a 15/08,ERUCE PAULUCCI PROFESSOR - 914484,SARESP Equidade Nota Super BI,1.625,numero
data (7).xlsx,28,Semana 28 · 09/08 a 15/08,ERUCE PAULUCCI PROFESSOR - 914484,SARESP Nota Super BI,6.0,numero
data (7).xlsx,28,Semana 28 · 09/08 a 15/08,GUIDO DIAS DE ALMEIDA PROFESSOR - 910119,(%) Adesão ENEM,0.6027397260273972,percentual
data (7).xlsx,28,Semana 28 · 09/08 a 15/08,GUIDO DIAS DE ALMEIDA PROFESSOR - 910119,Ajuste de Desigualdades,0.50009125,numero
data (7).xlsx,28,Semana 28 · 09/08 a 15/08,GUIDO DIAS DE ALMEIDA PROFESSOR - 910119,Aluno Presente,0.8984664198836594,numero
data (7).xlsx,28,Semana 28 · 09/08 a 15/08,GUIDO DIAS DE ALMEIDA PROFESSOR - 910119,Apoio Presencial,2.0,numero
data (7).xlsx,28,Semana 28 · 09/08 a 15/08,GUIDO DIAS DE ALMEIDA PROFESSOR - 910119,Farol SARESP,4.0,numero
data (7).xlsx,28,Semana 28 · 09/08 a 15/08,GUIDO DIAS DE ALMEIDA PROFESSOR - 910119,Nota Final,5.617020773367619,numero
data (7).xlsx,28,Semana 28 · 09/08 a 15/08,GUIDO DIAS DE ALMEIDA PROFESSOR - 910119,Professor Presente,0.8738095238095238,numero
data (7).xlsx,28,Semana 28 · 09/08 a 15/08,GUIDO DIAS DE ALMEIDA PROFESSOR - 910119,Qualidade Educacional,7.08,numero
data (7).xlsx,28,Semana 28 · 09/08 a 15/08,GUIDO DIAS DE ALMEIDA PROFESSOR - 910119,SARESP 2025,3.7,numero
data (7).xlsx,28,Semana 28 · 09/08 a 15/08,GUIDO DIAS DE ALMEIDA PROFESSOR - 910119,SARESP Equidade Nota Super BI,4.3,numero
data (7).xlsx,28,Semana 28 · 09/08 a 15/08,GUIDO DIAS DE ALMEIDA PROFESSOR - 910119,SARESP Nota Super BI,1.25,numero
data (7).xlsx,28,Semana 28 · 09/08 a 15/08,JOAO CRUZ CORONEL - 14497,(%) Adesão ENEM,0.9094827586206896,percentual
data (7).xlsx,28,Semana 28 · 09/08 a 15/08,JOAO CRUZ CORONEL - 14497,Ajuste de Desigualdades,0.5885787499999999,numero
data (7).xlsx,28,Semana 28 · 09/08 a 15/08,JOAO CRUZ CORONEL - 14497,Aluno Presente,0.9149275554964774,numero
data (7).xlsx,28,Semana 28 · 09/08 a 15/08,JOAO CRUZ CORONEL - 14497,Apoio Presencial,3.0,numero
data (7).xlsx,28,Semana 28 · 09/08 a 15/08,JOAO CRUZ CORONEL - 14497,Farol SARESP,3.0,numero
data (7).xlsx,28,Semana 28 · 09/08 a 15/08,JOAO CRUZ CORONEL - 14497,Nota Final,8.186615021761956,numero
data (7).xlsx,28,Semana 28 · 09/08 a 15/08,JOAO CRUZ CORONEL - 14497,Professor Presente,0.9670932358318098,numero
data (7).xlsx,28,Semana 28 · 09/08 a 15/08,JOAO CRUZ CORONEL - 14497,Qualidade Educacional,7.039999999999999,numero
data (7).xlsx,28,Semana 28 · 09/08 a 15/08,JOAO CRUZ CORONEL - 14497,SARESP 2025,4.1,numero
data (7).xlsx,28,Semana 28 · 09/08 a 15/08,JOAO CRUZ CORONEL - 14497,SARESP Equidade Nota Super BI,5.25,numero
data (7).xlsx,28,Semana 28 · 09/08 a 15/08,JOAO CRUZ CORONEL - 14497,SARESP Nota Super BI,6.5,numero
data (7).xlsx,28,Semana 28 · 09/08 a 15/08,JOAO MICHELIN - 14485,(%) Adesão ENEM,1.0,percentual
data (7).xlsx,28,Semana 28 · 09/08 a 15/08,JOAO MICHELIN - 14485,Ajuste de Desigualdades,0.445920625,numero
data (7).xlsx,28,Semana 28 · 09/08 a 15/08,JOAO MICHELIN - 14485,Aluno Presente,0.9031476290586311,numero
data (7).xlsx,28,Semana 28 · 09/08 a 15/08,JOAO MICHELIN - 14485,Apoio Presencial,3.0,numero
data (7).xlsx,28,Semana 28 · 09/08 a 15/08,JOAO MICHELIN - 14485,Farol SARESP,2.0,numero
data (7).xlsx,28,Semana 28 · 09/08 a 15/08,JOAO MICHELIN - 14485,Nota Final,7.92604012256544,numero
data (7).xlsx,28,Semana 28 · 09/08 a 15/08,JOAO MICHELIN - 14485,Professor Presente,0.9805714285714285,numero
data (7).xlsx,28,Semana 28 · 09/08 a 15/08,JOAO MICHELIN - 14485,Qualidade Educacional,7.030000000000001,numero
data (7).xlsx,28,Semana 28 · 09/08 a 15/08,JOAO MICHELIN - 14485,SARESP 2025,4.6,numero
data (7).xlsx,28,Semana 28 · 09/08 a 15/08,JOAO MICHELIN - 14485,SARESP Equidade Nota Super BI,6.4,numero
data (7).xlsx,28,Semana 28 · 09/08 a 15/08,JOAO MICHELIN - 14485,SARESP Nota Super BI,5.5,numero
data (7).xlsx,28,Semana 28 · 09/08 a 15/08,JOAO TEIXEIRA DE ARAUJO PROFESSOR - 14588,(%) Adesão ENEM,0.9814814814814815,percentual
data (7).xlsx,28,Semana 28 · 09/08 a 15/08,JOAO TEIXEIRA DE ARAUJO PROFESSOR - 14588,Ajuste de Desigualdades,0.543636875,numero
data (7).xlsx,28,Semana 28 · 09/08 a 15/08,JOAO TEIXEIRA DE ARAUJO PROFESSOR - 14588,Aluno Presente,0.8858040090394154,numero
data (7).xlsx,28,Semana 28 · 09/08 a 15/08,JOAO TEIXEIRA DE ARAUJO PROFESSOR - 14588,Apoio Presencial,3.0,numero
data (7).xlsx,28,Semana 28 · 09/08 a 15/08,JOAO TEIXEIRA DE ARAUJO PROFESSOR - 14588,Farol SARESP,3.0,numero
data (7).xlsx,28,Semana 28 · 09/08 a 15/08,JOAO TEIXEIRA DE ARAUJO PROFESSOR - 14588,Nota Final,7.185200556393201,numero
data (7).xlsx,28,Semana 28 · 09/08 a 15/08,JOAO TEIXEIRA DE ARAUJO PROFESSOR - 14588,Professor Presente,0.9797979797979798,numero
data (7).xlsx,28,Semana 28 · 09/08 a 15/08,JOAO TEIXEIRA DE ARAUJO PROFESSOR - 14588,Qualidade Educacional,7.3,numero
data (7).xlsx,28,Semana 28 · 09/08 a 15/08,JOAO TEIXEIRA DE ARAUJO PROFESSOR - 14588,SARESP 2025,4.0,numero
data (7).xlsx,28,Semana 28 · 09/08 a 15/08,JOAO TEIXEIRA DE ARAUJO PROFESSOR - 14588,SARESP Equidade Nota Super BI,0.0,numero
data (7).xlsx,28,Semana 28 · 09/08 a 15/08,JOAO TEIXEIRA DE ARAUJO PROFESSOR - 14588,SARESP Nota Super BI,5.5,numero
data (7).xlsx,28,Semana 28 · 09/08 a 15/08,JOSE APARECIDO CASTELUCCI PROFESSOR - 49888,(%) Adesão ENEM,1.0,percentual
data (7).xlsx,28,Semana 28 · 09/08 a 15/08,JOSE APARECIDO CASTELUCCI PROFESSOR - 49888,Ajuste de Desigualdades,0.533184375,numero
data (7).xlsx,28,Semana 28 · 09/08 a 15/08,JOSE APARECIDO CASTELUCCI PROFESSOR - 49888,Aluno Presente,0.9474036850921274,numero
data (7).xlsx,28,Semana 28 · 09/08 a 15/08,JOSE APARECIDO CASTELUCCI PROFESSOR - 49888,Apoio Presencial,3.0,numero
data (7).xlsx,28,Semana 28 · 09/08 a 15/08,JOSE APARECIDO CASTELUCCI PROFESSOR - 49888,Farol SARESP,3.0,numero
data (7).xlsx,28,Semana 28 · 09/08 a 15/08,JOSE APARECIDO CASTELUCCI PROFESSOR - 49888,Nota Final,7.331476978342393,numero
data (7).xlsx,28,Semana 28 · 09/08 a 15/08,JOSE APARECIDO CASTELUCCI PROFESSOR - 49888,Professor Presente,0.8787878787878788,numero
data (7).xlsx,28,Semana 28 · 09/08 a 15/08,JOSE APARECIDO CASTELUCCI PROFESSOR - 49888,Qualidade Educacional,8.14,numero
data (7).xlsx,28,Semana 28 · 09/08 a 15/08,JOSE APARECIDO CASTELUCCI PROFESSOR - 49888,SARESP 2025,4.9,numero
data (7).xlsx,28,Semana 28 · 09/08 a 15/08,JOSE APARECIDO CASTELUCCI PROFESSOR - 49888,SARESP Equidade Nota Super BI,0.0,numero
data (7).xlsx,28,Semana 28 · 09/08 a 15/08,JOSE APARECIDO CASTELUCCI PROFESSOR - 49888,SARESP Nota Super BI,7.5,numero
data (7).xlsx,28,Semana 28 · 09/08 a 15/08,JOSE LEITE PINHEIRO PROFESSOR - 14527,(%) Adesão ENEM,0.9181818181818182,percentual
data (7).xlsx,28,Semana 28 · 09/08 a 15/08,JOSE LEITE PINHEIRO PROFESSOR - 14527,Ajuste de Desigualdades,0.59783625,numero
data (7).xlsx,28,Semana 28 · 09/08 a 15/08,JOSE LEITE PINHEIRO PROFESSOR - 14527,Aluno Presente,0.8813881340035112,numero
data (7).xlsx,28,Semana 28 · 09/08 a 15/08,JOSE LEITE PINHEIRO PROFESSOR - 14527,Apoio Presencial,1.1666666666666667,numero
data (7).xlsx,28,Semana 28 · 09/08 a 15/08,JOSE LEITE PINHEIRO PROFESSOR - 14527,Farol SARESP,2.0,numero
data (7).xlsx,28,Semana 28 · 09/08 a 15/08,JOSE LEITE PINHEIRO PROFESSOR - 14527,Nota Final,6.670057439267256,numero
data (7).xlsx,28,Semana 28 · 09/08 a 15/08,JOSE LEITE PINHEIRO PROFESSOR - 14527,Professor Presente,0.9111111111111111,numero
data (7).xlsx,28,Semana 28 · 09/08 a 15/08,JOSE LEITE PINHEIRO PROFESSOR - 14527,Qualidade Educacional,8.36,numero
data (7).xlsx,28,Semana 28 · 09/08 a 15/08,JOSE LEITE PINHEIRO PROFESSOR - 14527,SARESP 2025,4.4,numero
data (7).xlsx,28,Semana 28 · 09/08 a 15/08,JOSE LEITE PINHEIRO PROFESSOR - 14527,SARESP Equidade Nota Super BI,0.0,numero
data (7).xlsx,28,Semana 28 · 09/08 a 15/08,JOSE LEITE PINHEIRO PROFESSOR - 14527,SARESP Nota Super BI,6.5,numero
data (7).xlsx,28,Semana 28 · 09/08 a 15/08,JOSE PENNA - 14540,(%) Adesão ENEM,0.7407407407407407,percentual
data (7).xlsx,28,Semana 28 · 09/08 a 15/08,JOSE PENNA - 14540,Ajuste de Desigualdades,0.504391875,numero
data (7).xlsx,28,Semana 28 · 09/08 a 15/08,JOSE PENNA - 14540,Aluno Presente,0.9054684583799926,numero
data (7).xlsx,28,Semana 28 · 09/08 a 15/08,JOSE PENNA - 14540,Apoio Presencial,3.0,numero
data (7).xlsx,28,Semana 28 · 09/08 a 15/08,JOSE PENNA - 14540,Farol SARESP,2.0,numero
data (7).xlsx,28,Semana 28 · 09/08 a 15/08,JOSE PENNA - 14540,Nota Final,7.7429257678755565,numero
data (7).xlsx,28,Semana 28 · 09/08 a 15/08,JOSE PENNA - 14540,Professor Presente,0.9965576592082617,numero
data (7).xlsx,28,Semana 28 · 09/08 a 15/08,JOSE PENNA - 14540,Qualidade Educacional,6.66,numero
data (7).xlsx,28,Semana 28 · 09/08 a 15/08,JOSE PENNA - 14540,SARESP 2025,4.5,numero
data (7).xlsx,28,Semana 28 · 09/08 a 15/08,JOSE PENNA - 14540,SARESP Equidade Nota Super BI,0.0,numero
data (7).xlsx,28,Semana 28 · 09/08 a 15/08,JOSE PENNA - 14540,SARESP Nota Super BI,7.0,numero
data (7).xlsx,28,Semana 28 · 09/08 a 15/08,JOSE PIRES DE CARVALHO DOUTOR - 924088,Ajuste de Desigualdades,0.5430618749999999,numero
data (7).xlsx,28,Semana 28 · 09/08 a 15/08,JOSE PIRES DE CARVALHO DOUTOR - 924088,Aluno Presente,0.9356747841272921,numero
data (7).xlsx,28,Semana 28 · 09/08 a 15/08,JOSE PIRES DE CARVALHO DOUTOR - 924088,Apoio Presencial,3.0,numero
data (7).xlsx,28,Semana 28 · 09/08 a 15/08,JOSE PIRES DE CARVALHO DOUTOR - 924088,Farol SARESP,3.0,numero
data (7).xlsx,28,Semana 28 · 09/08 a 15/08,JOSE PIRES DE CARVALHO DOUTOR - 924088,Nota Final,9.91407512450823,numero
data (7).xlsx,28,Semana 28 · 09/08 a 15/08,JOSE PIRES DE CARVALHO DOUTOR - 924088,Professor Presente,0.975,numero
data (7).xlsx,28,Semana 28 · 09/08 a 15/08,JOSE PIRES DE CARVALHO DOUTOR - 924088,Qualidade Educacional,8.28,numero
data (7).xlsx,28,Semana 28 · 09/08 a 15/08,JOSE PIRES DE CARVALHO DOUTOR - 924088,SARESP 2025,6.1,numero
data (7).xlsx,28,Semana 28 · 09/08 a 15/08,JOSE PIRES DE CARVALHO DOUTOR - 924088,SARESP Equidade Nota Super BI,10.0,numero
data (7).xlsx,28,Semana 28 · 09/08 a 15/08,JOSE PIRES DE CARVALHO DOUTOR - 924088,SARESP Nota Super BI,10.0,numero
data (7).xlsx,28,Semana 28 · 09/08 a 15/08,MARIA IZABEL CRUZ PIMENTEL DONA - 38908,(%) Adesão ENEM,1.0,percentual
data (7).xlsx,28,Semana 28 · 09/08 a 15/08,MARIA IZABEL CRUZ PIMENTEL DONA - 38908,Ajuste de Desigualdades,0.536754375,numero
data (7).xlsx,28,Semana 28 · 09/08 a 15/08,MARIA IZABEL CRUZ PIMENTEL DONA - 38908,Aluno Presente,0.8720371864315624,numero
data (7).xlsx,28,Semana 28 · 09/08 a 15/08,MARIA IZABEL CRUZ PIMENTEL DONA - 38908,Apoio Presencial,3.0,numero
data (7).xlsx,28,Semana 28 · 09/08 a 15/08,MARIA IZABEL CRUZ PIMENTEL DONA - 38908,Farol SARESP,2.0,numero
data (7).xlsx,28,Semana 28 · 09/08 a 15/08,MARIA IZABEL CRUZ PIMENTEL DONA - 38908,Nota Final,7.27651391569156,numero
data (7).xlsx,28,Semana 28 · 09/08 a 15/08,MARIA IZABEL CRUZ PIMENTEL DONA - 38908,Professor Presente,0.9794952681388013,numero
data (7).xlsx,28,Semana 28 · 09/08 a 15/08,MARIA IZABEL CRUZ PIMENTEL DONA - 38908,Qualidade Educacional,7.279999999999999,numero
data (7).xlsx,28,Semana 28 · 09/08 a 15/08,MARIA IZABEL CRUZ PIMENTEL DONA - 38908,SARESP 2025,3.9,numero
data (7).xlsx,28,Semana 28 · 09/08 a 15/08,MARIA IZABEL CRUZ PIMENTEL DONA - 38908,SARESP Equidade Nota Super BI,3.175,numero
data (7).xlsx,28,Semana 28 · 09/08 a 15/08,MARIA IZABEL CRUZ PIMENTEL DONA - 38908,SARESP Nota Super BI,5.0,numero
data (7).xlsx,28,Semana 28 · 09/08 a 15/08,MATILDE VIEIRA - 14679,(%) Adesão ENEM,0.9882352941176471,percentual
data (7).xlsx,28,Semana 28 · 09/08 a 15/08,MATILDE VIEIRA - 14679,Ajuste de Desigualdades,0.524095625,numero
data (7).xlsx,28,Semana 28 · 09/08 a 15/08,MATILDE VIEIRA - 14679,Aluno Presente,0.8630697077804946,numero
data (7).xlsx,28,Semana 28 · 09/08 a 15/08,MATILDE VIEIRA - 14679,Apoio Presencial,3.0,numero
data (7).xlsx,28,Semana 28 · 09/08 a 15/08,MATILDE VIEIRA - 14679,Farol SARESP,3.0,numero
data (7).xlsx,28,Semana 28 · 09/08 a 15/08,MATILDE VIEIRA - 14679,Nota Final,6.904805382014374,numero
data (7).xlsx,28,Semana 28 · 09/08 a 15/08,MATILDE VIEIRA - 14679,Professor Presente,0.9890453834115805,numero
data (7).xlsx,28,Semana 28 · 09/08 a 15/08,MATILDE VIEIRA - 14679,Qualidade Educacional,6.710000000000001,numero
data (7).xlsx,28,Semana 28 · 09/08 a 15/08,MATILDE VIEIRA - 14679,SARESP 2025,4.2,numero
data (7).xlsx,28,Semana 28 · 09/08 a 15/08,MATILDE VIEIRA - 14679,SARESP Equidade Nota Super BI,0.0,numero
data (7).xlsx,28,Semana 28 · 09/08 a 15/08,MATILDE VIEIRA - 14679,SARESP Nota Super BI,5.5,numero
data (7).xlsx,28,Semana 28 · 09/08 a 15/08,PAULO ARAUJO NOVAES DOUTOR - 14461,(%) Adesão ENEM,0.9666666666666667,percentual
data (7).xlsx,28,Semana 28 · 09/08 a 15/08,PAULO ARAUJO NOVAES DOUTOR - 14461,Ajuste de Desigualdades,0.587323125,numero
data (7).xlsx,28,Semana 28 · 09/08 a 15/08,PAULO ARAUJO NOVAES DOUTOR - 14461,Aluno Presente,0.8738696096260681,numero
data (7).xlsx,28,Semana 28 · 09/08 a 15/08,PAULO ARAUJO NOVAES DOUTOR - 14461,Apoio Presencial,2.1666666666666665,numero
data (7).xlsx,28,Semana 28 · 09/08 a 15/08,PAULO ARAUJO NOVAES DOUTOR - 14461,Farol SARESP,1.0,numero
data (7).xlsx,28,Semana 28 · 09/08 a 15/08,PAULO ARAUJO NOVAES DOUTOR - 14461,Nota Final,7.822772470677509,numero
data (7).xlsx,28,Semana 28 · 09/08 a 15/08,PAULO ARAUJO NOVAES DOUTOR - 14461,Professor Presente,0.9888641425389755,numero
data (7).xlsx,28,Semana 28 · 09/08 a 15/08,PAULO ARAUJO NOVAES DOUTOR - 14461,Qualidade Educacional,5.64,numero
data (7).xlsx,28,Semana 28 · 09/08 a 15/08,PAULO ARAUJO NOVAES DOUTOR - 14461,SARESP 2025,4.4,numero
data (7).xlsx,28,Semana 28 · 09/08 a 15/08,PAULO ARAUJO NOVAES DOUTOR - 14461,SARESP Equidade Nota Super BI,6.35,numero
data (7).xlsx,28,Semana 28 · 09/08 a 15/08,PAULO ARAUJO NOVAES DOUTOR - 14461,SARESP Nota Super BI,7.5,numero
data (7).xlsx,28,Semana 28 · 09/08 a 15/08,PAULO DELICIO - 14515,(%) Adesão ENEM,0.9375,percentual
data (7).xlsx,28,Semana 28 · 09/08 a 15/08,PAULO DELICIO - 14515,Ajuste de Desigualdades,0.512821875,numero
data (7).xlsx,28,Semana 28 · 09/08 a 15/08,PAULO DELICIO - 14515,Aluno Presente,0.8898594573492095,numero
data (7).xlsx,28,Semana 28 · 09/08 a 15/08,PAULO DELICIO - 14515,Apoio Presencial,1.6666666666666667,numero
data (7).xlsx,28,Semana 28 · 09/08 a 15/08,PAULO DELICIO - 14515,Farol SARESP,3.0,numero
data (7).xlsx,28,Semana 28 · 09/08 a 15/08,PAULO DELICIO - 14515,Nota Final,6.309581989412541,numero
data (7).xlsx,28,Semana 28 · 09/08 a 15/08,PAULO DELICIO - 14515,Professor Presente,0.9258064516129032,numero
data (7).xlsx,28,Semana 28 · 09/08 a 15/08,PAULO DELICIO - 14515,Qualidade Educacional,5.23,numero
data (7).xlsx,28,Semana 28 · 09/08 a 15/08,PAULO DELICIO - 14515,SARESP 2025,4.4,numero
data (7).xlsx,28,Semana 28 · 09/08 a 15/08,PAULO DELICIO - 14515,SARESP Equidade Nota Super BI,0.0,numero
data (7).xlsx,28,Semana 28 · 09/08 a 15/08,PAULO DELICIO - 14515,SARESP Nota Super BI,7.0,numero
data (7).xlsx,28,Semana 28 · 09/08 a 15/08,PEDRO BENTO ALVES - 14503,(%) Adesão ENEM,0.9206349206349206,percentual
data (7).xlsx,28,Semana 28 · 09/08 a 15/08,PEDRO BENTO ALVES - 14503,Ajuste de Desigualdades,0.571585625,numero
data (7).xlsx,28,Semana 28 · 09/08 a 15/08,PEDRO BENTO ALVES - 14503,Aluno Presente,0.8652601969057665,numero
data (7).xlsx,28,Semana 28 · 09/08 a 15/08,PEDRO BENTO ALVES - 14503,Apoio Presencial,3.0,numero
data (7).xlsx,28,Semana 28 · 09/08 a 15/08,PEDRO BENTO ALVES - 14503,Farol SARESP,4.0,numero
data (7).xlsx,28,Semana 28 · 09/08 a 15/08,PEDRO BENTO ALVES - 14503,Nota Final,7.205777977228974,numero
data (7).xlsx,28,Semana 28 · 09/08 a 15/08,PEDRO BENTO ALVES - 14503,Professor Presente,0.978688524590164,numero
data (7).xlsx,28,Semana 28 · 09/08 a 15/08,PEDRO BENTO ALVES - 14503,Qualidade Educacional,6.719999999999999,numero
data (7).xlsx,28,Semana 28 · 09/08 a 15/08,PEDRO BENTO ALVES - 14503,SARESP 2025,4.0,numero
data (7).xlsx,28,Semana 28 · 09/08 a 15/08,PEDRO BENTO ALVES - 14503,SARESP Equidade Nota Super BI,2.125,numero
data (7).xlsx,28,Semana 28 · 09/08 a 15/08,PEDRO BENTO ALVES - 14503,SARESP Nota Super BI,6.0,numero
data (7).xlsx,28,Semana 28 · 09/08 a 15/08,PROFESSORA MARIANA APARECIDA TODESCATO - 191516,(%) Adesão ENEM,0.875,percentual
data (7).xlsx,28,Semana 28 · 09/08 a 15/08,PROFESSORA MARIANA APARECIDA TODESCATO - 191516,Ajuste de Desigualdades,0.5389087499999999,numero
data (7).xlsx,28,Semana 28 · 09/08 a 15/08,PROFESSORA MARIANA APARECIDA TODESCATO - 191516,Aluno Presente,0.882838370565046,numero
data (7).xlsx,28,Semana 28 · 09/08 a 15/08,PROFESSORA MARIANA APARECIDA TODESCATO - 191516,Apoio Presencial,2.5,numero
data (7).xlsx,28,Semana 28 · 09/08 a 15/08,PROFESSORA MARIANA APARECIDA TODESCATO - 191516,Farol SARESP,4.0,numero
data (7).xlsx,28,Semana 28 · 09/08 a 15/08,PROFESSORA MARIANA APARECIDA TODESCATO - 191516,Nota Final,6.882667569359278,numero
data (7).xlsx,28,Semana 28 · 09/08 a 15/08,PROFESSORA MARIANA APARECIDA TODESCATO - 191516,Professor Presente,0.8359375,numero
data (7).xlsx,28,Semana 28 · 09/08 a 15/08,PROFESSORA MARIANA APARECIDA TODESCATO - 191516,Qualidade Educacional,6.37,numero
data (7).xlsx,28,Semana 28 · 09/08 a 15/08,PROFESSORA MARIANA APARECIDA TODESCATO - 191516,SARESP 2025,4.8,numero
data (7).xlsx,28,Semana 28 · 09/08 a 15/08,PROFESSORA MARIANA APARECIDA TODESCATO - 191516,SARESP Equidade Nota Super BI,5.65,numero
data (7).xlsx,28,Semana 28 · 09/08 a 15/08,PROFESSORA MARIANA APARECIDA TODESCATO - 191516,SARESP Nota Super BI,8.5,numero
data (7).xlsx,28,Semana 28 · 09/08 a 15/08,SANDRA APARECIDA DE ARAUJO PROFESSORA - 924337,(%) Adesão ENEM,0.9473684210526315,percentual
data (7).xlsx,28,Semana 28 · 09/08 a 15/08,SANDRA APARECIDA DE ARAUJO PROFESSORA - 924337,Ajuste de Desigualdades,0.5426887499999999,numero
data (7).xlsx,28,Semana 28 · 09/08 a 15/08,SANDRA APARECIDA DE ARAUJO PROFESSORA - 924337,Aluno Presente,0.8967651757188498,numero
data (7).xlsx,28,Semana 28 · 09/08 a 15/08,SANDRA APARECIDA DE ARAUJO PROFESSORA - 924337,Apoio Presencial,3.0,numero
data (7).xlsx,28,Semana 28 · 09/08 a 15/08,SANDRA APARECIDA DE ARAUJO PROFESSORA - 924337,Farol SARESP,2.0,numero
data (7).xlsx,28,Semana 28 · 09/08 a 15/08,SANDRA APARECIDA DE ARAUJO PROFESSORA - 924337,Nota Final,7.237703953264987,numero
data (7).xlsx,28,Semana 28 · 09/08 a 15/08,SANDRA APARECIDA DE ARAUJO PROFESSORA - 924337,Professor Presente,0.9547169811320755,numero
data (7).xlsx,28,Semana 28 · 09/08 a 15/08,SANDRA APARECIDA DE ARAUJO PROFESSORA - 924337,Qualidade Educacional,6.75,numero
data (7).xlsx,28,Semana 28 · 09/08 a 15/08,SANDRA APARECIDA DE ARAUJO PROFESSORA - 924337,SARESP 2025,4.3,numero
data (7).xlsx,28,Semana 28 · 09/08 a 15/08,SANDRA APARECIDA DE ARAUJO PROFESSORA - 924337,SARESP Equidade Nota Super BI,0.0,numero
data (7).xlsx,28,Semana 28 · 09/08 a 15/08,SANDRA APARECIDA DE ARAUJO PROFESSORA - 924337,SARESP Nota Super BI,7.0,numero
data (7).xlsx,28,Semana 28 · 09/08 a 15/08,Total (planilha),(%) Adesão ENEM,0.9210097719869706,percentual
data (7).xlsx,28,Semana 28 · 09/08 a 15/08,Total (planilha),Ajuste de Desigualdades,0.5550327256315788,numero
data (7).xlsx,28,Semana 28 · 09/08 a 15/08,Total (planilha),Aluno Presente,0.8888789086836704,numero
data (7).xlsx,28,Semana 28 · 09/08 a 15/08,Total (planilha),Apoio Presencial,2.9887640449438204,numero
data (7).xlsx,28,Semana 28 · 09/08 a 15/08,Total (planilha),Nota Final,7.435685416319204,numero
data (7).xlsx,28,Semana 28 · 09/08 a 15/08,Total (planilha),Professor Presente,0.9465608465608466,numero
data (7).xlsx,28,Semana 28 · 09/08 a 15/08,Total (planilha),Qualidade Educacional,6.983913043478262,numero
data (7).xlsx,28,Semana 28 · 09/08 a 15/08,Total (planilha),SARESP 2025,4.3,numero
data (7).xlsx,28,Semana 28 · 09/08 a 15/08,Total (planilha),SARESP Equidade Nota Super BI,3.262318419523533,numero
data (7).xlsx,28,Semana 28 · 09/08 a 15/08,Total (planilha),SARESP Nota Super BI,6.5,numero
data (6).xlsx,29,Semana 29 · 16/08 a 22/08,ABILIO RAPOSO FERRAZ JUNIOR - 903188,(%) Adesão ENEM,1.0,percentual
data (6).xlsx,29,Semana 29 · 16/08 a 22/08,ABILIO RAPOSO FERRAZ JUNIOR - 903188,Ajuste de Desigualdades,0.58763375,numero
data (6).xlsx,29,Semana 29 · 16/08 a 22/08,ABILIO RAPOSO FERRAZ JUNIOR - 903188,Aluno Presente,0.9021954810215708,numero
data (6).xlsx,29,Semana 29 · 16/08 a 22/08,ABILIO RAPOSO FERRAZ JUNIOR - 903188,Apoio Presencial,2.5,numero
data (6).xlsx,29,Semana 29 · 16/08 a 22/08,ABILIO RAPOSO FERRAZ JUNIOR - 903188,Farol SARESP,3.0,numero
data (6).xlsx,29,Semana 29 · 16/08 a 22/08,ABILIO RAPOSO FERRAZ JUNIOR - 903188,Nota Final,7.338126183979755,numero
data (6).xlsx,29,Semana 29 · 16/08 a 22/08,ABILIO RAPOSO FERRAZ JUNIOR - 903188,Professor Presente,0.9440104166666666,numero
data (6).xlsx,29,Semana 29 · 16/08 a 22/08,ABILIO RAPOSO FERRAZ JUNIOR - 903188,Qualidade Educacional,9.01,numero
data (6).xlsx,29,Semana 29 · 16/08 a 22/08,ABILIO RAPOSO FERRAZ JUNIOR - 903188,SARESP 2025,3.9,numero
data (6).xlsx,29,Semana 29 · 16/08 a 22/08,ABILIO RAPOSO FERRAZ JUNIOR - 903188,SARESP Equidade Nota Super BI,0.0,numero
data (6).xlsx,29,Semana 29 · 16/08 a 22/08,ABILIO RAPOSO FERRAZ JUNIOR - 903188,SARESP Nota Super BI,3.75,numero
data (6).xlsx,29,Semana 29 · 16/08 a 22/08,ABILIO RAPOSO FERRAZ JUNIOR - 903188,Tarefa SP,10.0,numero
data (6).xlsx,29,Semana 29 · 16/08 a 22/08,ASSENTAMENTO ZUMBI DOS PALMARES - 566032,(%) Adesão ENEM,1.0,percentual
data (6).xlsx,29,Semana 29 · 16/08 a 22/08,ASSENTAMENTO ZUMBI DOS PALMARES - 566032,Ajuste de Desigualdades,0.948979375,numero
data (6).xlsx,29,Semana 29 · 16/08 a 22/08,ASSENTAMENTO ZUMBI DOS PALMARES - 566032,Aluno Presente,0.9405433111225013,numero
data (6).xlsx,29,Semana 29 · 16/08 a 22/08,ASSENTAMENTO ZUMBI DOS PALMARES - 566032,Nota Final,7.584980435343166,numero
data (6).xlsx,29,Semana 29 · 16/08 a 22/08,ASSENTAMENTO ZUMBI DOS PALMARES - 566032,Professor Presente,0.6976744186046512,numero
data (6).xlsx,29,Semana 29 · 16/08 a 22/08,ASSENTAMENTO ZUMBI DOS PALMARES - 566032,Tarefa SP,9.862004771544244,numero
data (6).xlsx,29,Semana 29 · 16/08 a 22/08,AVELINO APARECIDO RIBEIRO DOUTOR - 14552,(%) Adesão ENEM,0.9411764705882353,percentual
data (6).xlsx,29,Semana 29 · 16/08 a 22/08,AVELINO APARECIDO RIBEIRO DOUTOR - 14552,Ajuste de Desigualdades,0.766949375,numero
data (6).xlsx,29,Semana 29 · 16/08 a 22/08,AVELINO APARECIDO RIBEIRO DOUTOR - 14552,Aluno Presente,0.8452972417337673,numero
data (6).xlsx,29,Semana 29 · 16/08 a 22/08,AVELINO APARECIDO RIBEIRO DOUTOR - 14552,Apoio Presencial,3.0,numero
data (6).xlsx,29,Semana 29 · 16/08 a 22/08,AVELINO APARECIDO RIBEIRO DOUTOR - 14552,Farol SARESP,4.0,numero
data (6).xlsx,29,Semana 29 · 16/08 a 22/08,AVELINO APARECIDO RIBEIRO DOUTOR - 14552,Nota Final,6.644469142063065,numero
data (6).xlsx,29,Semana 29 · 16/08 a 22/08,AVELINO APARECIDO RIBEIRO DOUTOR - 14552,Professor Presente,0.8647058823529412,numero
data (6).xlsx,29,Semana 29 · 16/08 a 22/08,AVELINO APARECIDO RIBEIRO DOUTOR - 14552,Qualidade Educacional,5.99,numero
data (6).xlsx,29,Semana 29 · 16/08 a 22/08,AVELINO APARECIDO RIBEIRO DOUTOR - 14552,SARESP 2025,2.9,numero
data (6).xlsx,29,Semana 29 · 16/08 a 22/08,AVELINO APARECIDO RIBEIRO DOUTOR - 14552,SARESP Nota Super BI,3.3333000000000004,numero
data (6).xlsx,29,Semana 29 · 16/08 a 22/08,AVELINO APARECIDO RIBEIRO DOUTOR - 14552,Tarefa SP,10.0,numero
data (6).xlsx,29,Semana 29 · 16/08 a 22/08,BENE ANDRADE DONA - 14631,(%) Adesão ENEM,0.9615384615384616,percentual
data (6).xlsx,29,Semana 29 · 16/08 a 22/08,BENE ANDRADE DONA - 14631,Ajuste de Desigualdades,0.5545574999999999,numero
data (6).xlsx,29,Semana 29 · 16/08 a 22/08,BENE ANDRADE DONA - 14631,Aluno Presente,0.8913296654752821,numero
data (6).xlsx,29,Semana 29 · 16/08 a 22/08,BENE ANDRADE DONA - 14631,Apoio Presencial,3.0,numero
data (6).xlsx,29,Semana 29 · 16/08 a 22/08,BENE ANDRADE DONA - 14631,Farol SARESP,2.0,numero
data (6).xlsx,29,Semana 29 · 16/08 a 22/08,BENE ANDRADE DONA - 14631,Nota Final,8.409928582151903,numero
data (6).xlsx,29,Semana 29 · 16/08 a 22/08,BENE ANDRADE DONA - 14631,Professor Presente,0.9910714285714286,numero
data (6).xlsx,29,Semana 29 · 16/08 a 22/08,BENE ANDRADE DONA - 14631,Qualidade Educacional,7.199999999999999,numero
data (6).xlsx,29,Semana 29 · 16/08 a 22/08,BENE ANDRADE DONA - 14631,SARESP 2025,3.9,numero
data (6).xlsx,29,Semana 29 · 16/08 a 22/08,BENE ANDRADE DONA - 14631,SARESP Equidade Nota Super BI,10.0,numero
data (6).xlsx,29,Semana 29 · 16/08 a 22/08,BENE ANDRADE DONA - 14631,SARESP Nota Super BI,5.0,numero
data (6).xlsx,29,Semana 29 · 16/08 a 22/08,BENE ANDRADE DONA - 14631,Tarefa SP,8.262171988029852,numero
data (6).xlsx,29,Semana 29 · 16/08 a 22/08,CELSO FERREIRA DA SILVA PROFESSOR - 918489,Ajuste de Desigualdades,0.470021875,numero
data (6).xlsx,29,Semana 29 · 16/08 a 22/08,CELSO FERREIRA DA SILVA PROFESSOR - 918489,Aluno Presente,0.8958055290753099,numero
data (6).xlsx,29,Semana 29 · 16/08 a 22/08,CELSO FERREIRA DA SILVA PROFESSOR - 918489,Apoio Presencial,2.6666666666666665,numero
data (6).xlsx,29,Semana 29 · 16/08 a 22/08,CELSO FERREIRA DA SILVA PROFESSOR - 918489,Farol SARESP,2.0,numero
data (6).xlsx,29,Semana 29 · 16/08 a 22/08,CELSO FERREIRA DA SILVA PROFESSOR - 918489,Nota Final,7.333952573599233,numero
data (6).xlsx,29,Semana 29 · 16/08 a 22/08,CELSO FERREIRA DA SILVA PROFESSOR - 918489,Professor Presente,0.9928571428571429,numero
data (6).xlsx,29,Semana 29 · 16/08 a 22/08,CELSO FERREIRA DA SILVA PROFESSOR - 918489,Qualidade Educacional,6.1899999999999995,numero
data (6).xlsx,29,Semana 29 · 16/08 a 22/08,CELSO FERREIRA DA SILVA PROFESSOR - 918489,SARESP 2025,4.8,numero
data (6).xlsx,29,Semana 29 · 16/08 a 22/08,CELSO FERREIRA DA SILVA PROFESSOR - 918489,SARESP Equidade Nota Super BI,0.0,numero
data (6).xlsx,29,Semana 29 · 16/08 a 22/08,CELSO FERREIRA DA SILVA PROFESSOR - 918489,SARESP Nota Super BI,5.5,numero
data (6).xlsx,29,Semana 29 · 16/08 a 22/08,CELSO FERREIRA DA SILVA PROFESSOR - 918489,Tarefa SP,10.0,numero
data (6).xlsx,29,Semana 29 · 16/08 a 22/08,COTA LEONEL DONA - 905185,(%) Adesão ENEM,0.9487179487179487,percentual
data (6).xlsx,29,Semana 29 · 16/08 a 22/08,COTA LEONEL DONA - 905185,Ajuste de Desigualdades,0.544470625,numero
data (6).xlsx,29,Semana 29 · 16/08 a 22/08,COTA LEONEL DONA - 905185,Aluno Presente,0.871701199563795,numero
data (6).xlsx,29,Semana 29 · 16/08 a 22/08,COTA LEONEL DONA - 905185,Apoio Presencial,3.0,numero
data (6).xlsx,29,Semana 29 · 16/08 a 22/08,COTA LEONEL DONA - 905185,Farol SARESP,2.0,numero
data (6).xlsx,29,Semana 29 · 16/08 a 22/08,COTA LEONEL DONA - 905185,Nota Final,6.815084884715393,numero
data (6).xlsx,29,Semana 29 · 16/08 a 22/08,COTA LEONEL DONA - 905185,Professor Presente,0.922,numero
data (6).xlsx,29,Semana 29 · 16/08 a 22/08,COTA LEONEL DONA - 905185,Qualidade Educacional,6.26,numero
data (6).xlsx,29,Semana 29 · 16/08 a 22/08,COTA LEONEL DONA - 905185,SARESP 2025,4.5,numero
data (6).xlsx,29,Semana 29 · 16/08 a 22/08,COTA LEONEL DONA - 905185,SARESP Equidade Nota Super BI,0.025000000000000005,numero
data (6).xlsx,29,Semana 29 · 16/08 a 22/08,COTA LEONEL DONA - 905185,SARESP Nota Super BI,7.0,numero
data (6).xlsx,29,Semana 29 · 16/08 a 22/08,COTA LEONEL DONA - 905185,Tarefa SP,8.171475422358602,numero
data (6).xlsx,29,Semana 29 · 16/08 a 22/08,DIMAS MOZART E SILVA PROFESSOR - 900424,(%) Adesão ENEM,1.0,percentual
data (6).xlsx,29,Semana 29 · 16/08 a 22/08,DIMAS MOZART E SILVA PROFESSOR - 900424,Ajuste de Desigualdades,0.5254106249999999,numero
data (6).xlsx,29,Semana 29 · 16/08 a 22/08,DIMAS MOZART E SILVA PROFESSOR - 900424,Aluno Presente,0.9221853432379749,numero
data (6).xlsx,29,Semana 29 · 16/08 a 22/08,DIMAS MOZART E SILVA PROFESSOR - 900424,Apoio Presencial,3.0,numero
data (6).xlsx,29,Semana 29 · 16/08 a 22/08,DIMAS MOZART E SILVA PROFESSOR - 900424,Farol SARESP,4.0,numero
data (6).xlsx,29,Semana 29 · 16/08 a 22/08,DIMAS MOZART E SILVA PROFESSOR - 900424,Nota Final,8.407695229729818,numero
data (6).xlsx,29,Semana 29 · 16/08 a 22/08,DIMAS MOZART E SILVA PROFESSOR - 900424,Professor Presente,0.9445506692160612,numero
data (6).xlsx,29,Semana 29 · 16/08 a 22/08,DIMAS MOZART E SILVA PROFESSOR - 900424,Qualidade Educacional,8.12,numero
data (6).xlsx,29,Semana 29 · 16/08 a 22/08,DIMAS MOZART E SILVA PROFESSOR - 900424,SARESP 2025,4.6,numero
data (6).xlsx,29,Semana 29 · 16/08 a 22/08,DIMAS MOZART E SILVA PROFESSOR - 900424,SARESP Equidade Nota Super BI,2.95,numero
data (6).xlsx,29,Semana 29 · 16/08 a 22/08,DIMAS MOZART E SILVA PROFESSOR - 900424,SARESP Nota Super BI,7.5,numero
data (6).xlsx,29,Semana 29 · 16/08 a 22/08,DIMAS MOZART E SILVA PROFESSOR - 900424,Tarefa SP,10.0,numero
data (6).xlsx,29,Semana 29 · 16/08 a 22/08,EMILIO IMMOOS PADRE - 45226,Ajuste de Desigualdades,0.55166125,numero
data (6).xlsx,29,Semana 29 · 16/08 a 22/08,EMILIO IMMOOS PADRE - 45226,Aluno Presente,0.9104893307052875,numero
data (6).xlsx,29,Semana 29 · 16/08 a 22/08,EMILIO IMMOOS PADRE - 45226,Apoio Presencial,3.0,numero
data (6).xlsx,29,Semana 29 · 16/08 a 22/08,EMILIO IMMOOS PADRE - 45226,Farol SARESP,1.0,numero
data (6).xlsx,29,Semana 29 · 16/08 a 22/08,EMILIO IMMOOS PADRE - 45226,Nota Final,9.335941472666653,numero
data (6).xlsx,29,Semana 29 · 16/08 a 22/08,EMILIO IMMOOS PADRE - 45226,Professor Presente,1.0,numero
data (6).xlsx,29,Semana 29 · 16/08 a 22/08,EMILIO IMMOOS PADRE - 45226,Qualidade Educacional,7.65,numero
data (6).xlsx,29,Semana 29 · 16/08 a 22/08,EMILIO IMMOOS PADRE - 45226,SARESP 2025,4.8,numero
data (6).xlsx,29,Semana 29 · 16/08 a 22/08,EMILIO IMMOOS PADRE - 45226,SARESP Equidade Nota Super BI,7.725,numero
data (6).xlsx,29,Semana 29 · 16/08 a 22/08,EMILIO IMMOOS PADRE - 45226,SARESP Nota Super BI,8.5,numero
data (6).xlsx,29,Semana 29 · 16/08 a 22/08,EMILIO IMMOOS PADRE - 45226,Tarefa SP,10.0,numero
data (6).xlsx,29,Semana 29 · 16/08 a 22/08,ERUCE PAULUCCI PROFESSOR - 914484,Ajuste de Desigualdades,0.732520625,numero
data (6).xlsx,29,Semana 29 · 16/08 a 22/08,ERUCE PAULUCCI PROFESSOR - 914484,Aluno Presente,0.8700240908569462,numero
data (6).xlsx,29,Semana 29 · 16/08 a 22/08,ERUCE PAULUCCI PROFESSOR - 914484,Apoio Presencial,3.0,numero
data (6).xlsx,29,Semana 29 · 16/08 a 22/08,ERUCE PAULUCCI PROFESSOR - 914484,Farol SARESP,2.0,numero
data (6).xlsx,29,Semana 29 · 16/08 a 22/08,ERUCE PAULUCCI PROFESSOR - 914484,Nota Final,6.563361823448803,numero
data (6).xlsx,29,Semana 29 · 16/08 a 22/08,ERUCE PAULUCCI PROFESSOR - 914484,Professor Presente,0.8666666666666667,numero
data (6).xlsx,29,Semana 29 · 16/08 a 22/08,ERUCE PAULUCCI PROFESSOR - 914484,Qualidade Educacional,5.620000000000001,numero
data (6).xlsx,29,Semana 29 · 16/08 a 22/08,ERUCE PAULUCCI PROFESSOR - 914484,SARESP 2025,4.1,numero
data (6).xlsx,29,Semana 29 · 16/08 a 22/08,ERUCE PAULUCCI PROFESSOR - 914484,SARESP Equidade Nota Super BI,1.625,numero
data (6).xlsx,29,Semana 29 · 16/08 a 22/08,ERUCE PAULUCCI PROFESSOR - 914484,SARESP Nota Super BI,6.0,numero
data (6).xlsx,29,Semana 29 · 16/08 a 22/08,ERUCE PAULUCCI PROFESSOR - 914484,Tarefa SP,8.804607355948448,numero
data (6).xlsx,29,Semana 29 · 16/08 a 22/08,GUIDO DIAS DE ALMEIDA PROFESSOR - 910119,(%) Adesão ENEM,0.6027397260273972,percentual
data (6).xlsx,29,Semana 29 · 16/08 a 22/08,GUIDO DIAS DE ALMEIDA PROFESSOR - 910119,Ajuste de Desigualdades,0.50009125,numero
data (6).xlsx,29,Semana 29 · 16/08 a 22/08,GUIDO DIAS DE ALMEIDA PROFESSOR - 910119,Aluno Presente,0.904867644480804,numero
data (6).xlsx,29,Semana 29 · 16/08 a 22/08,GUIDO DIAS DE ALMEIDA PROFESSOR - 910119,Apoio Presencial,3.0,numero
data (6).xlsx,29,Semana 29 · 16/08 a 22/08,GUIDO DIAS DE ALMEIDA PROFESSOR - 910119,Farol SARESP,4.0,numero
data (6).xlsx,29,Semana 29 · 16/08 a 22/08,GUIDO DIAS DE ALMEIDA PROFESSOR - 910119,Nota Final,6.757041514284544,numero
data (6).xlsx,29,Semana 29 · 16/08 a 22/08,GUIDO DIAS DE ALMEIDA PROFESSOR - 910119,Professor Presente,0.9333333333333333,numero
data (6).xlsx,29,Semana 29 · 16/08 a 22/08,GUIDO DIAS DE ALMEIDA PROFESSOR - 910119,Qualidade Educacional,7.08,numero
data (6).xlsx,29,Semana 29 · 16/08 a 22/08,GUIDO DIAS DE ALMEIDA PROFESSOR - 910119,SARESP 2025,3.7,numero
data (6).xlsx,29,Semana 29 · 16/08 a 22/08,GUIDO DIAS DE ALMEIDA PROFESSOR - 910119,SARESP Equidade Nota Super BI,4.3,numero
data (6).xlsx,29,Semana 29 · 16/08 a 22/08,GUIDO DIAS DE ALMEIDA PROFESSOR - 910119,SARESP Nota Super BI,1.25,numero
data (6).xlsx,29,Semana 29 · 16/08 a 22/08,GUIDO DIAS DE ALMEIDA PROFESSOR - 910119,Tarefa SP,9.552466379400862,numero
data (6).xlsx,29,Semana 29 · 16/08 a 22/08,JOAO CRUZ CORONEL - 14497,(%) Adesão ENEM,0.9094827586206896,percentual
data (6).xlsx,29,Semana 29 · 16/08 a 22/08,JOAO CRUZ CORONEL - 14497,Ajuste de Desigualdades,0.5885787499999999,numero
data (6).xlsx,29,Semana 29 · 16/08 a 22/08,JOAO CRUZ CORONEL - 14497,Aluno Presente,0.9134725274725275,numero
data (6).xlsx,29,Semana 29 · 16/08 a 22/08,JOAO CRUZ CORONEL - 14497,Apoio Presencial,3.0,numero
data (6).xlsx,29,Semana 29 · 16/08 a 22/08,JOAO CRUZ CORONEL - 14497,Farol SARESP,3.0,numero
data (6).xlsx,29,Semana 29 · 16/08 a 22/08,JOAO CRUZ CORONEL - 14497,Nota Final,7.894645977785156,numero
data (6).xlsx,29,Semana 29 · 16/08 a 22/08,JOAO CRUZ CORONEL - 14497,Professor Presente,0.9328493647912885,numero
data (6).xlsx,29,Semana 29 · 16/08 a 22/08,JOAO CRUZ CORONEL - 14497,Qualidade Educacional,7.039999999999999,numero
data (6).xlsx,29,Semana 29 · 16/08 a 22/08,JOAO CRUZ CORONEL - 14497,SARESP 2025,4.1,numero
data (6).xlsx,29,Semana 29 · 16/08 a 22/08,JOAO CRUZ CORONEL - 14497,SARESP Equidade Nota Super BI,5.25,numero
data (6).xlsx,29,Semana 29 · 16/08 a 22/08,JOAO CRUZ CORONEL - 14497,SARESP Nota Super BI,6.5,numero
data (6).xlsx,29,Semana 29 · 16/08 a 22/08,JOAO CRUZ CORONEL - 14497,Tarefa SP,7.728014548926858,numero
data (6).xlsx,29,Semana 29 · 16/08 a 22/08,JOAO MICHELIN - 14485,(%) Adesão ENEM,1.0,percentual
data (6).xlsx,29,Semana 29 · 16/08 a 22/08,JOAO MICHELIN - 14485,Ajuste de Desigualdades,0.445920625,numero
data (6).xlsx,29,Semana 29 · 16/08 a 22/08,JOAO MICHELIN - 14485,Aluno Presente,0.8757757404795486,numero
data (6).xlsx,29,Semana 29 · 16/08 a 22/08,JOAO MICHELIN - 14485,Apoio Presencial,3.0,numero
data (6).xlsx,29,Semana 29 · 16/08 a 22/08,JOAO MICHELIN - 14485,Farol SARESP,2.0,numero
data (6).xlsx,29,Semana 29 · 16/08 a 22/08,JOAO MICHELIN - 14485,Nota Final,7.7694304564540015,numero
data (6).xlsx,29,Semana 29 · 16/08 a 22/08,JOAO MICHELIN - 14485,Professor Presente,0.9634285714285714,numero
data (6).xlsx,29,Semana 29 · 16/08 a 22/08,JOAO MICHELIN - 14485,Qualidade Educacional,7.030000000000001,numero
data (6).xlsx,29,Semana 29 · 16/08 a 22/08,JOAO MICHELIN - 14485,SARESP 2025,4.6,numero
data (6).xlsx,29,Semana 29 · 16/08 a 22/08,JOAO MICHELIN - 14485,SARESP Equidade Nota Super BI,6.4,numero
data (6).xlsx,29,Semana 29 · 16/08 a 22/08,JOAO MICHELIN - 14485,SARESP Nota Super BI,5.5,numero
data (6).xlsx,29,Semana 29 · 16/08 a 22/08,JOAO MICHELIN - 14485,Tarefa SP,10.0,numero
data (6).xlsx,29,Semana 29 · 16/08 a 22/08,JOAO TEIXEIRA DE ARAUJO PROFESSOR - 14588,(%) Adesão ENEM,0.9814814814814815,percentual
data (6).xlsx,29,Semana 29 · 16/08 a 22/08,JOAO TEIXEIRA DE ARAUJO PROFESSOR - 14588,Ajuste de Desigualdades,0.543636875,numero
data (6).xlsx,29,Semana 29 · 16/08 a 22/08,JOAO TEIXEIRA DE ARAUJO PROFESSOR - 14588,Aluno Presente,0.9105349383859249,numero
data (6).xlsx,29,Semana 29 · 16/08 a 22/08,JOAO TEIXEIRA DE ARAUJO PROFESSOR - 14588,Apoio Presencial,3.0,numero
data (6).xlsx,29,Semana 29 · 16/08 a 22/08,JOAO TEIXEIRA DE ARAUJO PROFESSOR - 14588,Farol SARESP,3.0,numero
data (6).xlsx,29,Semana 29 · 16/08 a 22/08,JOAO TEIXEIRA DE ARAUJO PROFESSOR - 14588,Nota Final,7.786177900503611,numero
data (6).xlsx,29,Semana 29 · 16/08 a 22/08,JOAO TEIXEIRA DE ARAUJO PROFESSOR - 14588,Professor Presente,0.9898550724637681,numero
data (6).xlsx,29,Semana 29 · 16/08 a 22/08,JOAO TEIXEIRA DE ARAUJO PROFESSOR - 14588,Qualidade Educacional,7.3,numero
data (6).xlsx,29,Semana 29 · 16/08 a 22/08,JOAO TEIXEIRA DE ARAUJO PROFESSOR - 14588,SARESP 2025,4.0,numero
data (6).xlsx,29,Semana 29 · 16/08 a 22/08,JOAO TEIXEIRA DE ARAUJO PROFESSOR - 14588,SARESP Equidade Nota Super BI,0.0,numero
data (6).xlsx,29,Semana 29 · 16/08 a 22/08,JOAO TEIXEIRA DE ARAUJO PROFESSOR - 14588,SARESP Nota Super BI,5.5,numero
data (6).xlsx,29,Semana 29 · 16/08 a 22/08,JOAO TEIXEIRA DE ARAUJO PROFESSOR - 14588,Tarefa SP,9.406707420687292,numero
data (6).xlsx,29,Semana 29 · 16/08 a 22/08,JOSE APARECIDO CASTELUCCI PROFESSOR - 49888,(%) Adesão ENEM,1.0,percentual
data (6).xlsx,29,Semana 29 · 16/08 a 22/08,JOSE APARECIDO CASTELUCCI PROFESSOR - 49888,Ajuste de Desigualdades,0.533184375,numero
data (6).xlsx,29,Semana 29 · 16/08 a 22/08,JOSE APARECIDO CASTELUCCI PROFESSOR - 49888,Aluno Presente,0.9362958359229335,numero
data (6).xlsx,29,Semana 29 · 16/08 a 22/08,JOSE APARECIDO CASTELUCCI PROFESSOR - 49888,Apoio Presencial,1.0,numero
data (6).xlsx,29,Semana 29 · 16/08 a 22/08,JOSE APARECIDO CASTELUCCI PROFESSOR - 49888,Farol SARESP,3.0,numero
data (6).xlsx,29,Semana 29 · 16/08 a 22/08,JOSE APARECIDO CASTELUCCI PROFESSOR - 49888,Nota Final,7.898625570726247,numero
data (6).xlsx,29,Semana 29 · 16/08 a 22/08,JOSE APARECIDO CASTELUCCI PROFESSOR - 49888,Professor Presente,0.9510204081632653,numero
data (6).xlsx,29,Semana 29 · 16/08 a 22/08,JOSE APARECIDO CASTELUCCI PROFESSOR - 49888,Qualidade Educacional,8.14,numero
data (6).xlsx,29,Semana 29 · 16/08 a 22/08,JOSE APARECIDO CASTELUCCI PROFESSOR - 49888,SARESP 2025,4.9,numero
data (6).xlsx,29,Semana 29 · 16/08 a 22/08,JOSE APARECIDO CASTELUCCI PROFESSOR - 49888,SARESP Equidade Nota Super BI,0.0,numero
data (6).xlsx,29,Semana 29 · 16/08 a 22/08,JOSE APARECIDO CASTELUCCI PROFESSOR - 49888,SARESP Nota Super BI,7.5,numero
data (6).xlsx,29,Semana 29 · 16/08 a 22/08,JOSE APARECIDO CASTELUCCI PROFESSOR - 49888,Tarefa SP,10.0,numero
data (6).xlsx,29,Semana 29 · 16/08 a 22/08,JOSE LEITE PINHEIRO PROFESSOR - 14527,(%) Adesão ENEM,0.9181818181818182,percentual
data (6).xlsx,29,Semana 29 · 16/08 a 22/08,JOSE LEITE PINHEIRO PROFESSOR - 14527,Ajuste de Desigualdades,0.59783625,numero
data (6).xlsx,29,Semana 29 · 16/08 a 22/08,JOSE LEITE PINHEIRO PROFESSOR - 14527,Aluno Presente,0.8967927883730913,numero
data (6).xlsx,29,Semana 29 · 16/08 a 22/08,JOSE LEITE PINHEIRO PROFESSOR - 14527,Apoio Presencial,0.6666666666666666,numero
data (6).xlsx,29,Semana 29 · 16/08 a 22/08,JOSE LEITE PINHEIRO PROFESSOR - 14527,Farol SARESP,2.0,numero
data (6).xlsx,29,Semana 29 · 16/08 a 22/08,JOSE LEITE PINHEIRO PROFESSOR - 14527,Nota Final,6.800720741477869,numero
data (6).xlsx,29,Semana 29 · 16/08 a 22/08,JOSE LEITE PINHEIRO PROFESSOR - 14527,Professor Presente,0.8686868686868687,numero
data (6).xlsx,29,Semana 29 · 16/08 a 22/08,JOSE LEITE PINHEIRO PROFESSOR - 14527,Qualidade Educacional,8.36,numero
data (6).xlsx,29,Semana 29 · 16/08 a 22/08,JOSE LEITE PINHEIRO PROFESSOR - 14527,SARESP 2025,4.4,numero
data (6).xlsx,29,Semana 29 · 16/08 a 22/08,JOSE LEITE PINHEIRO PROFESSOR - 14527,SARESP Equidade Nota Super BI,0.0,numero
data (6).xlsx,29,Semana 29 · 16/08 a 22/08,JOSE LEITE PINHEIRO PROFESSOR - 14527,SARESP Nota Super BI,6.5,numero
data (6).xlsx,29,Semana 29 · 16/08 a 22/08,JOSE LEITE PINHEIRO PROFESSOR - 14527,Tarefa SP,10.0,numero
data (6).xlsx,29,Semana 29 · 16/08 a 22/08,JOSE PENNA - 14540,(%) Adesão ENEM,0.7407407407407407,percentual
data (6).xlsx,29,Semana 29 · 16/08 a 22/08,JOSE PENNA - 14540,Ajuste de Desigualdades,0.504391875,numero
data (6).xlsx,29,Semana 29 · 16/08 a 22/08,JOSE PENNA - 14540,Aluno Presente,0.8925665938357119,numero
data (6).xlsx,29,Semana 29 · 16/08 a 22/08,JOSE PENNA - 14540,Apoio Presencial,3.0,numero
data (6).xlsx,29,Semana 29 · 16/08 a 22/08,JOSE PENNA - 14540,Farol SARESP,2.0,numero
data (6).xlsx,29,Semana 29 · 16/08 a 22/08,JOSE PENNA - 14540,Nota Final,7.739297712128016,numero
data (6).xlsx,29,Semana 29 · 16/08 a 22/08,JOSE PENNA - 14540,Professor Presente,0.9810671256454389,numero
data (6).xlsx,29,Semana 29 · 16/08 a 22/08,JOSE PENNA - 14540,Qualidade Educacional,6.66,numero
data (6).xlsx,29,Semana 29 · 16/08 a 22/08,JOSE PENNA - 14540,SARESP 2025,4.5,numero
data (6).xlsx,29,Semana 29 · 16/08 a 22/08,JOSE PENNA - 14540,SARESP Equidade Nota Super BI,0.0,numero
data (6).xlsx,29,Semana 29 · 16/08 a 22/08,JOSE PENNA - 14540,SARESP Nota Super BI,7.0,numero
data (6).xlsx,29,Semana 29 · 16/08 a 22/08,JOSE PENNA - 14540,Tarefa SP,9.829061231371526,numero
data (6).xlsx,29,Semana 29 · 16/08 a 22/08,JOSE PIRES DE CARVALHO DOUTOR - 924088,Ajuste de Desigualdades,0.5430618749999999,numero
data (6).xlsx,29,Semana 29 · 16/08 a 22/08,JOSE PIRES DE CARVALHO DOUTOR - 924088,Aluno Presente,0.9240710823909531,numero
data (6).xlsx,29,Semana 29 · 16/08 a 22/08,JOSE PIRES DE CARVALHO DOUTOR - 924088,Apoio Presencial,3.0,numero
data (6).xlsx,29,Semana 29 · 16/08 a 22/08,JOSE PIRES DE CARVALHO DOUTOR - 924088,Farol SARESP,3.0,numero
data (6).xlsx,29,Semana 29 · 16/08 a 22/08,JOSE PIRES DE CARVALHO DOUTOR - 924088,Nota Final,9.687514447162304,numero
data (6).xlsx,29,Semana 29 · 16/08 a 22/08,JOSE PIRES DE CARVALHO DOUTOR - 924088,Professor Presente,0.96875,numero
data (6).xlsx,29,Semana 29 · 16/08 a 22/08,JOSE PIRES DE CARVALHO DOUTOR - 924088,Qualidade Educacional,8.28,numero
data (6).xlsx,29,Semana 29 · 16/08 a 22/08,JOSE PIRES DE CARVALHO DOUTOR - 924088,SARESP 2025,6.1,numero
data (6).xlsx,29,Semana 29 · 16/08 a 22/08,JOSE PIRES DE CARVALHO DOUTOR - 924088,SARESP Equidade Nota Super BI,10.0,numero
data (6).xlsx,29,Semana 29 · 16/08 a 22/08,JOSE PIRES DE CARVALHO DOUTOR - 924088,SARESP Nota Super BI,10.0,numero
data (6).xlsx,29,Semana 29 · 16/08 a 22/08,JOSE PIRES DE CARVALHO DOUTOR - 924088,Tarefa SP,8.564646119003797,numero
data (6).xlsx,29,Semana 29 · 16/08 a 22/08,MARIA IZABEL CRUZ PIMENTEL DONA - 38908,(%) Adesão ENEM,1.0,percentual
data (6).xlsx,29,Semana 29 · 16/08 a 22/08,MARIA IZABEL CRUZ PIMENTEL DONA - 38908,Ajuste de Desigualdades,0.536754375,numero
data (6).xlsx,29,Semana 29 · 16/08 a 22/08,MARIA IZABEL CRUZ PIMENTEL DONA - 38908,Aluno Presente,0.8851554473153469,numero
data (6).xlsx,29,Semana 29 · 16/08 a 22/08,MARIA IZABEL CRUZ PIMENTEL DONA - 38908,Apoio Presencial,3.0,numero
data (6).xlsx,29,Semana 29 · 16/08 a 22/08,MARIA IZABEL CRUZ PIMENTEL DONA - 38908,Farol SARESP,2.0,numero
data (6).xlsx,29,Semana 29 · 16/08 a 22/08,MARIA IZABEL CRUZ PIMENTEL DONA - 38908,Nota Final,7.408702207209864,numero
data (6).xlsx,29,Semana 29 · 16/08 a 22/08,MARIA IZABEL CRUZ PIMENTEL DONA - 38908,Professor Presente,0.9684542586750788,numero
data (6).xlsx,29,Semana 29 · 16/08 a 22/08,MARIA IZABEL CRUZ PIMENTEL DONA - 38908,Qualidade Educacional,7.279999999999999,numero
data (6).xlsx,29,Semana 29 · 16/08 a 22/08,MARIA IZABEL CRUZ PIMENTEL DONA - 38908,SARESP 2025,3.9,numero
data (6).xlsx,29,Semana 29 · 16/08 a 22/08,MARIA IZABEL CRUZ PIMENTEL DONA - 38908,SARESP Equidade Nota Super BI,3.175,numero
data (6).xlsx,29,Semana 29 · 16/08 a 22/08,MARIA IZABEL CRUZ PIMENTEL DONA - 38908,SARESP Nota Super BI,5.0,numero
data (6).xlsx,29,Semana 29 · 16/08 a 22/08,MARIA IZABEL CRUZ PIMENTEL DONA - 38908,Tarefa SP,7.786276432508885,numero
data (6).xlsx,29,Semana 29 · 16/08 a 22/08,MATILDE VIEIRA - 14679,(%) Adesão ENEM,0.9882352941176471,percentual
data (6).xlsx,29,Semana 29 · 16/08 a 22/08,MATILDE VIEIRA - 14679,Ajuste de Desigualdades,0.524095625,numero
data (6).xlsx,29,Semana 29 · 16/08 a 22/08,MATILDE VIEIRA - 14679,Aluno Presente,0.8671281378048296,numero
data (6).xlsx,29,Semana 29 · 16/08 a 22/08,MATILDE VIEIRA - 14679,Apoio Presencial,3.0,numero
data (6).xlsx,29,Semana 29 · 16/08 a 22/08,MATILDE VIEIRA - 14679,Farol SARESP,3.0,numero
data (6).xlsx,29,Semana 29 · 16/08 a 22/08,MATILDE VIEIRA - 14679,Nota Final,7.276503749726415,numero
data (6).xlsx,29,Semana 29 · 16/08 a 22/08,MATILDE VIEIRA - 14679,Professor Presente,0.9984350547730829,numero
data (6).xlsx,29,Semana 29 · 16/08 a 22/08,MATILDE VIEIRA - 14679,Qualidade Educacional,6.710000000000001,numero
data (6).xlsx,29,Semana 29 · 16/08 a 22/08,MATILDE VIEIRA - 14679,SARESP 2025,4.2,numero
data (6).xlsx,29,Semana 29 · 16/08 a 22/08,MATILDE VIEIRA - 14679,SARESP Equidade Nota Super BI,0.0,numero
data (6).xlsx,29,Semana 29 · 16/08 a 22/08,MATILDE VIEIRA - 14679,SARESP Nota Super BI,5.5,numero
data (6).xlsx,29,Semana 29 · 16/08 a 22/08,MATILDE VIEIRA - 14679,Tarefa SP,8.874610821428554,numero
data (6).xlsx,29,Semana 29 · 16/08 a 22/08,PAULO ARAUJO NOVAES DOUTOR - 14461,(%) Adesão ENEM,0.9666666666666667,percentual
data (6).xlsx,29,Semana 29 · 16/08 a 22/08,PAULO ARAUJO NOVAES DOUTOR - 14461,Ajuste de Desigualdades,0.587323125,numero
data (6).xlsx,29,Semana 29 · 16/08 a 22/08,PAULO ARAUJO NOVAES DOUTOR - 14461,Aluno Presente,0.8916763664280938,numero
data (6).xlsx,29,Semana 29 · 16/08 a 22/08,PAULO ARAUJO NOVAES DOUTOR - 14461,Apoio Presencial,3.0,numero
data (6).xlsx,29,Semana 29 · 16/08 a 22/08,PAULO ARAUJO NOVAES DOUTOR - 14461,Farol SARESP,1.0,numero
data (6).xlsx,29,Semana 29 · 16/08 a 22/08,PAULO ARAUJO NOVAES DOUTOR - 14461,Nota Final,7.723260437884204,numero
data (6).xlsx,29,Semana 29 · 16/08 a 22/08,PAULO ARAUJO NOVAES DOUTOR - 14461,Professor Presente,0.9532293986636972,numero
data (6).xlsx,29,Semana 29 · 16/08 a 22/08,PAULO ARAUJO NOVAES DOUTOR - 14461,Qualidade Educacional,5.64,numero
data (6).xlsx,29,Semana 29 · 16/08 a 22/08,PAULO ARAUJO NOVAES DOUTOR - 14461,SARESP 2025,4.4,numero
data (6).xlsx,29,Semana 29 · 16/08 a 22/08,PAULO ARAUJO NOVAES DOUTOR - 14461,SARESP Equidade Nota Super BI,6.35,numero
data (6).xlsx,29,Semana 29 · 16/08 a 22/08,PAULO ARAUJO NOVAES DOUTOR - 14461,SARESP Nota Super BI,7.5,numero
data (6).xlsx,29,Semana 29 · 16/08 a 22/08,PAULO ARAUJO NOVAES DOUTOR - 14461,Tarefa SP,6.274882795949149,numero
data (6).xlsx,29,Semana 29 · 16/08 a 22/08,PAULO DELICIO - 14515,(%) Adesão ENEM,0.9375,percentual
data (6).xlsx,29,Semana 29 · 16/08 a 22/08,PAULO DELICIO - 14515,Ajuste de Desigualdades,0.512821875,numero
data (6).xlsx,29,Semana 29 · 16/08 a 22/08,PAULO DELICIO - 14515,Aluno Presente,0.879476920074168,numero
data (6).xlsx,29,Semana 29 · 16/08 a 22/08,PAULO DELICIO - 14515,Apoio Presencial,3.0,numero
data (6).xlsx,29,Semana 29 · 16/08 a 22/08,PAULO DELICIO - 14515,Farol SARESP,3.0,numero
data (6).xlsx,29,Semana 29 · 16/08 a 22/08,PAULO DELICIO - 14515,Nota Final,6.6953871525329145,numero
data (6).xlsx,29,Semana 29 · 16/08 a 22/08,PAULO DELICIO - 14515,Professor Presente,0.93125,numero
data (6).xlsx,29,Semana 29 · 16/08 a 22/08,PAULO DELICIO - 14515,Qualidade Educacional,5.23,numero
data (6).xlsx,29,Semana 29 · 16/08 a 22/08,PAULO DELICIO - 14515,SARESP 2025,4.4,numero
data (6).xlsx,29,Semana 29 · 16/08 a 22/08,PAULO DELICIO - 14515,SARESP Equidade Nota Super BI,0.0,numero
data (6).xlsx,29,Semana 29 · 16/08 a 22/08,PAULO DELICIO - 14515,SARESP Nota Super BI,7.0,numero
data (6).xlsx,29,Semana 29 · 16/08 a 22/08,PAULO DELICIO - 14515,Tarefa SP,7.963906254428172,numero
data (6).xlsx,29,Semana 29 · 16/08 a 22/08,PEDRO BENTO ALVES - 14503,(%) Adesão ENEM,0.9206349206349206,percentual
data (6).xlsx,29,Semana 29 · 16/08 a 22/08,PEDRO BENTO ALVES - 14503,Ajuste de Desigualdades,0.571585625,numero
data (6).xlsx,29,Semana 29 · 16/08 a 22/08,PEDRO BENTO ALVES - 14503,Aluno Presente,0.8727238944630249,numero
data (6).xlsx,29,Semana 29 · 16/08 a 22/08,PEDRO BENTO ALVES - 14503,Apoio Presencial,1.5,numero
data (6).xlsx,29,Semana 29 · 16/08 a 22/08,PEDRO BENTO ALVES - 14503,Farol SARESP,4.0,numero
data (6).xlsx,29,Semana 29 · 16/08 a 22/08,PEDRO BENTO ALVES - 14503,Nota Final,7.145137400887207,numero
data (6).xlsx,29,Semana 29 · 16/08 a 22/08,PEDRO BENTO ALVES - 14503,Professor Presente,0.9622950819672131,numero
data (6).xlsx,29,Semana 29 · 16/08 a 22/08,PEDRO BENTO ALVES - 14503,Qualidade Educacional,6.719999999999999,numero
data (6).xlsx,29,Semana 29 · 16/08 a 22/08,PEDRO BENTO ALVES - 14503,SARESP 2025,4.0,numero
data (6).xlsx,29,Semana 29 · 16/08 a 22/08,PEDRO BENTO ALVES - 14503,SARESP Equidade Nota Super BI,2.125,numero
data (6).xlsx,29,Semana 29 · 16/08 a 22/08,PEDRO BENTO ALVES - 14503,SARESP Nota Super BI,6.0,numero
data (6).xlsx,29,Semana 29 · 16/08 a 22/08,PEDRO BENTO ALVES - 14503,Tarefa SP,9.257706115592558,numero
data (6).xlsx,29,Semana 29 · 16/08 a 22/08,PROFESSORA MARIANA APARECIDA TODESCATO - 191516,(%) Adesão ENEM,0.875,percentual
data (6).xlsx,29,Semana 29 · 16/08 a 22/08,PROFESSORA MARIANA APARECIDA TODESCATO - 191516,Ajuste de Desigualdades,0.5389087499999999,numero
data (6).xlsx,29,Semana 29 · 16/08 a 22/08,PROFESSORA MARIANA APARECIDA TODESCATO - 191516,Aluno Presente,0.8959371614301191,numero
data (6).xlsx,29,Semana 29 · 16/08 a 22/08,PROFESSORA MARIANA APARECIDA TODESCATO - 191516,Apoio Presencial,2.25,numero
data (6).xlsx,29,Semana 29 · 16/08 a 22/08,PROFESSORA MARIANA APARECIDA TODESCATO - 191516,Farol SARESP,4.0,numero
data (6).xlsx,29,Semana 29 · 16/08 a 22/08,PROFESSORA MARIANA APARECIDA TODESCATO - 191516,Nota Final,7.734468151377446,numero
data (6).xlsx,29,Semana 29 · 16/08 a 22/08,PROFESSORA MARIANA APARECIDA TODESCATO - 191516,Professor Presente,0.8980392156862745,numero
data (6).xlsx,29,Semana 29 · 16/08 a 22/08,PROFESSORA MARIANA APARECIDA TODESCATO - 191516,Qualidade Educacional,6.37,numero
data (6).xlsx,29,Semana 29 · 16/08 a 22/08,PROFESSORA MARIANA APARECIDA TODESCATO - 191516,SARESP 2025,4.8,numero
data (6).xlsx,29,Semana 29 · 16/08 a 22/08,PROFESSORA MARIANA APARECIDA TODESCATO - 191516,SARESP Equidade Nota Super BI,5.65,numero
data (6).xlsx,29,Semana 29 · 16/08 a 22/08,PROFESSORA MARIANA APARECIDA TODESCATO - 191516,SARESP Nota Super BI,8.5,numero
data (6).xlsx,29,Semana 29 · 16/08 a 22/08,PROFESSORA MARIANA APARECIDA TODESCATO - 191516,Tarefa SP,9.57907580744628,numero
data (6).xlsx,29,Semana 29 · 16/08 a 22/08,SANDRA APARECIDA DE ARAUJO PROFESSORA - 924337,(%) Adesão ENEM,0.9473684210526315,percentual
data (6).xlsx,29,Semana 29 · 16/08 a 22/08,SANDRA APARECIDA DE ARAUJO PROFESSORA - 924337,Ajuste de Desigualdades,0.5426887499999999,numero
data (6).xlsx,29,Semana 29 · 16/08 a 22/08,SANDRA APARECIDA DE ARAUJO PROFESSORA - 924337,Aluno Presente,0.8869731800766284,numero
data (6).xlsx,29,Semana 29 · 16/08 a 22/08,SANDRA APARECIDA DE ARAUJO PROFESSORA - 924337,Apoio Presencial,3.0,numero
data (6).xlsx,29,Semana 29 · 16/08 a 22/08,SANDRA APARECIDA DE ARAUJO PROFESSORA - 924337,Farol SARESP,2.0,numero
data (6).xlsx,29,Semana 29 · 16/08 a 22/08,SANDRA APARECIDA DE ARAUJO PROFESSORA - 924337,Nota Final,6.7939232729474135,numero
data (6).xlsx,29,Semana 29 · 16/08 a 22/08,SANDRA APARECIDA DE ARAUJO PROFESSORA - 924337,Professor Presente,0.8742857142857143,numero
data (6).xlsx,29,Semana 29 · 16/08 a 22/08,SANDRA APARECIDA DE ARAUJO PROFESSORA - 924337,Qualidade Educacional,6.75,numero
data (6).xlsx,29,Semana 29 · 16/08 a 22/08,SANDRA APARECIDA DE ARAUJO PROFESSORA - 924337,SARESP 2025,4.3,numero
data (6).xlsx,29,Semana 29 · 16/08 a 22/08,SANDRA APARECIDA DE ARAUJO PROFESSORA - 924337,SARESP Equidade Nota Super BI,0.0,numero
data (6).xlsx,29,Semana 29 · 16/08 a 22/08,SANDRA APARECIDA DE ARAUJO PROFESSORA - 924337,SARESP Nota Super BI,7.0,numero
data (6).xlsx,29,Semana 29 · 16/08 a 22/08,SANDRA APARECIDA DE ARAUJO PROFESSORA - 924337,Tarefa SP,9.623591826259382,numero
data (6).xlsx,29,Semana 29 · 16/08 a 22/08,Total (planilha),(%) Adesão ENEM,0.9210097719869706,percentual
data (6).xlsx,29,Semana 29 · 16/08 a 22/08,Total (planilha),Ajuste de Desigualdades,0.5550327256315788,numero
data (6).xlsx,29,Semana 29 · 16/08 a 22/08,Total (planilha),Aluno Presente,0.8940576530808606,numero
data (6).xlsx,29,Semana 29 · 16/08 a 22/08,Total (planilha),Apoio Presencial,2.923076923076923,numero
data (6).xlsx,29,Semana 29 · 16/08 a 22/08,Total (planilha),Nota Final,7.7037161597662696,numero
data (6).xlsx,29,Semana 29 · 16/08 a 22/08,Total (planilha),Professor Presente,0.9434743338852928,numero
data (6).xlsx,29,Semana 29 · 16/08 a 22/08,Total (planilha),Qualidade Educacional,6.983913043478262,numero
data (6).xlsx,29,Semana 29 · 16/08 a 22/08,Total (planilha),SARESP 2025,4.3,numero
data (6).xlsx,29,Semana 29 · 16/08 a 22/08,Total (planilha),SARESP Equidade Nota Super BI,3.262318419523533,numero
data (6).xlsx,29,Semana 29 · 16/08 a 22/08,Total (planilha),SARESP Nota Super BI,6.5,numero
data (6).xlsx,29,Semana 29 · 16/08 a 22/08,Total (planilha),Tarefa SP,9.436079753423709,numero
data (5).xlsx,30,Semana 30 · 23/08 a 29/08,ABILIO RAPOSO FERRAZ JUNIOR - 903188,(%) Adesão ENEM,1.0,percentual
data (5).xlsx,30,Semana 30 · 23/08 a 29/08,ABILIO RAPOSO FERRAZ JUNIOR - 903188,Ajuste de Desigualdades,0.58763375,numero
data (5).xlsx,30,Semana 30 · 23/08 a 29/08,ABILIO RAPOSO FERRAZ JUNIOR - 903188,Aluno Presente,0.9085369723897175,numero
data (5).xlsx,30,Semana 30 · 23/08 a 29/08,ABILIO RAPOSO FERRAZ JUNIOR - 903188,Apoio Presencial,2.5,numero
data (5).xlsx,30,Semana 30 · 23/08 a 29/08,ABILIO RAPOSO FERRAZ JUNIOR - 903188,Farol SARESP,3.0,numero
data (5).xlsx,30,Semana 30 · 23/08 a 29/08,ABILIO RAPOSO FERRAZ JUNIOR - 903188,Nota Final,7.393695855460244,numero
data (5).xlsx,30,Semana 30 · 23/08 a 29/08,ABILIO RAPOSO FERRAZ JUNIOR - 903188,Professor Presente,0.9512820512820512,numero
data (5).xlsx,30,Semana 30 · 23/08 a 29/08,ABILIO RAPOSO FERRAZ JUNIOR - 903188,Qualidade Educacional,9.01,numero
data (5).xlsx,30,Semana 30 · 23/08 a 29/08,ABILIO RAPOSO FERRAZ JUNIOR - 903188,SARESP 2025,3.9,numero
data (5).xlsx,30,Semana 30 · 23/08 a 29/08,ABILIO RAPOSO FERRAZ JUNIOR - 903188,SARESP Equidade Nota Super BI,0.0,numero
data (5).xlsx,30,Semana 30 · 23/08 a 29/08,ABILIO RAPOSO FERRAZ JUNIOR - 903188,SARESP Nota Super BI,3.75,numero
data (5).xlsx,30,Semana 30 · 23/08 a 29/08,ABILIO RAPOSO FERRAZ JUNIOR - 903188,Tarefa SP,9.328069938178658,numero
data (5).xlsx,30,Semana 30 · 23/08 a 29/08,ASSENTAMENTO ZUMBI DOS PALMARES - 566032,(%) Adesão ENEM,1.0,percentual
data (5).xlsx,30,Semana 30 · 23/08 a 29/08,ASSENTAMENTO ZUMBI DOS PALMARES - 566032,Ajuste de Desigualdades,0.948979375,numero
data (5).xlsx,30,Semana 30 · 23/08 a 29/08,ASSENTAMENTO ZUMBI DOS PALMARES - 566032,Aluno Presente,0.9328282828282828,numero
data (5).xlsx,30,Semana 30 · 23/08 a 29/08,ASSENTAMENTO ZUMBI DOS PALMARES - 566032,Nota Final,7.42203287635539,numero
data (5).xlsx,30,Semana 30 · 23/08 a 29/08,ASSENTAMENTO ZUMBI DOS PALMARES - 566032,Professor Presente,0.7,numero
data (5).xlsx,30,Semana 30 · 23/08 a 29/08,ASSENTAMENTO ZUMBI DOS PALMARES - 566032,Tarefa SP,9.128740756099248,numero
data (5).xlsx,30,Semana 30 · 23/08 a 29/08,AVELINO APARECIDO RIBEIRO DOUTOR - 14552,(%) Adesão ENEM,0.9411764705882353,percentual
data (5).xlsx,30,Semana 30 · 23/08 a 29/08,AVELINO APARECIDO RIBEIRO DOUTOR - 14552,Ajuste de Desigualdades,0.766949375,numero
data (5).xlsx,30,Semana 30 · 23/08 a 29/08,AVELINO APARECIDO RIBEIRO DOUTOR - 14552,Aluno Presente,0.8545842918172856,numero
data (5).xlsx,30,Semana 30 · 23/08 a 29/08,AVELINO APARECIDO RIBEIRO DOUTOR - 14552,Apoio Presencial,3.0,numero
data (5).xlsx,30,Semana 30 · 23/08 a 29/08,AVELINO APARECIDO RIBEIRO DOUTOR - 14552,Farol SARESP,4.0,numero
data (5).xlsx,30,Semana 30 · 23/08 a 29/08,AVELINO APARECIDO RIBEIRO DOUTOR - 14552,Nota Final,7.824440992791034,numero
data (5).xlsx,30,Semana 30 · 23/08 a 29/08,AVELINO APARECIDO RIBEIRO DOUTOR - 14552,Professor Presente,0.9821428571428571,numero
data (5).xlsx,30,Semana 30 · 23/08 a 29/08,AVELINO APARECIDO RIBEIRO DOUTOR - 14552,Qualidade Educacional,5.99,numero
data (5).xlsx,30,Semana 30 · 23/08 a 29/08,AVELINO APARECIDO RIBEIRO DOUTOR - 14552,SARESP 2025,2.9,numero
data (5).xlsx,30,Semana 30 · 23/08 a 29/08,AVELINO APARECIDO RIBEIRO DOUTOR - 14552,SARESP Nota Super BI,3.3333000000000004,numero
data (5).xlsx,30,Semana 30 · 23/08 a 29/08,AVELINO APARECIDO RIBEIRO DOUTOR - 14552,Tarefa SP,10.0,numero
data (5).xlsx,30,Semana 30 · 23/08 a 29/08,BENE ANDRADE DONA - 14631,(%) Adesão ENEM,0.9615384615384616,percentual
data (5).xlsx,30,Semana 30 · 23/08 a 29/08,BENE ANDRADE DONA - 14631,Ajuste de Desigualdades,0.5545574999999999,numero
data (5).xlsx,30,Semana 30 · 23/08 a 29/08,BENE ANDRADE DONA - 14631,Aluno Presente,0.8840233330632747,numero
data (5).xlsx,30,Semana 30 · 23/08 a 29/08,BENE ANDRADE DONA - 14631,Apoio Presencial,2.75,numero
data (5).xlsx,30,Semana 30 · 23/08 a 29/08,BENE ANDRADE DONA - 14631,Farol SARESP,2.0,numero
data (5).xlsx,30,Semana 30 · 23/08 a 29/08,BENE ANDRADE DONA - 14631,Nota Final,8.094030868568154,numero
data (5).xlsx,30,Semana 30 · 23/08 a 29/08,BENE ANDRADE DONA - 14631,Professor Presente,0.9714285714285714,numero
data (5).xlsx,30,Semana 30 · 23/08 a 29/08,BENE ANDRADE DONA - 14631,Qualidade Educacional,7.199999999999999,numero
data (5).xlsx,30,Semana 30 · 23/08 a 29/08,BENE ANDRADE DONA - 14631,SARESP 2025,3.9,numero
data (5).xlsx,30,Semana 30 · 23/08 a 29/08,BENE ANDRADE DONA - 14631,SARESP Equidade Nota Super BI,10.0,numero
data (5).xlsx,30,Semana 30 · 23/08 a 29/08,BENE ANDRADE DONA - 14631,SARESP Nota Super BI,5.0,numero
data (5).xlsx,30,Semana 30 · 23/08 a 29/08,BENE ANDRADE DONA - 14631,Tarefa SP,7.952903093970084,numero
data (5).xlsx,30,Semana 30 · 23/08 a 29/08,CELSO FERREIRA DA SILVA PROFESSOR - 918489,Ajuste de Desigualdades,0.470021875,numero
data (5).xlsx,30,Semana 30 · 23/08 a 29/08,CELSO FERREIRA DA SILVA PROFESSOR - 918489,Aluno Presente,0.887826336425361,numero
data (5).xlsx,30,Semana 30 · 23/08 a 29/08,CELSO FERREIRA DA SILVA PROFESSOR - 918489,Apoio Presencial,3.0,numero
data (5).xlsx,30,Semana 30 · 23/08 a 29/08,CELSO FERREIRA DA SILVA PROFESSOR - 918489,Farol SARESP,2.0,numero
data (5).xlsx,30,Semana 30 · 23/08 a 29/08,CELSO FERREIRA DA SILVA PROFESSOR - 918489,Nota Final,7.095530402934503,numero
data (5).xlsx,30,Semana 30 · 23/08 a 29/08,CELSO FERREIRA DA SILVA PROFESSOR - 918489,Professor Presente,0.9678571428571429,numero
data (5).xlsx,30,Semana 30 · 23/08 a 29/08,CELSO FERREIRA DA SILVA PROFESSOR - 918489,Qualidade Educacional,6.1899999999999995,numero
data (5).xlsx,30,Semana 30 · 23/08 a 29/08,CELSO FERREIRA DA SILVA PROFESSOR - 918489,SARESP 2025,4.8,numero
data (5).xlsx,30,Semana 30 · 23/08 a 29/08,CELSO FERREIRA DA SILVA PROFESSOR - 918489,SARESP Equidade Nota Super BI,0.0,numero
data (5).xlsx,30,Semana 30 · 23/08 a 29/08,CELSO FERREIRA DA SILVA PROFESSOR - 918489,SARESP Nota Super BI,5.5,numero
data (5).xlsx,30,Semana 30 · 23/08 a 29/08,CELSO FERREIRA DA SILVA PROFESSOR - 918489,Tarefa SP,10.0,numero
data (5).xlsx,30,Semana 30 · 23/08 a 29/08,COTA LEONEL DONA - 905185,(%) Adesão ENEM,0.9487179487179487,percentual
data (5).xlsx,30,Semana 30 · 23/08 a 29/08,COTA LEONEL DONA - 905185,Ajuste de Desigualdades,0.544470625,numero
data (5).xlsx,30,Semana 30 · 23/08 a 29/08,COTA LEONEL DONA - 905185,Aluno Presente,0.8748191832647157,numero
data (5).xlsx,30,Semana 30 · 23/08 a 29/08,COTA LEONEL DONA - 905185,Apoio Presencial,1.6666666666666667,numero
data (5).xlsx,30,Semana 30 · 23/08 a 29/08,COTA LEONEL DONA - 905185,Farol SARESP,2.0,numero
data (5).xlsx,30,Semana 30 · 23/08 a 29/08,COTA LEONEL DONA - 905185,Nota Final,6.411774471710499,numero
data (5).xlsx,30,Semana 30 · 23/08 a 29/08,COTA LEONEL DONA - 905185,Professor Presente,0.882,numero
data (5).xlsx,30,Semana 30 · 23/08 a 29/08,COTA LEONEL DONA - 905185,Qualidade Educacional,6.26,numero
data (5).xlsx,30,Semana 30 · 23/08 a 29/08,COTA LEONEL DONA - 905185,SARESP 2025,4.5,numero
data (5).xlsx,30,Semana 30 · 23/08 a 29/08,COTA LEONEL DONA - 905185,SARESP Equidade Nota Super BI,0.025000000000000005,numero
data (5).xlsx,30,Semana 30 · 23/08 a 29/08,COTA LEONEL DONA - 905185,SARESP Nota Super BI,7.0,numero
data (5).xlsx,30,Semana 30 · 23/08 a 29/08,COTA LEONEL DONA - 905185,Tarefa SP,9.20983362879445,numero
data (5).xlsx,30,Semana 30 · 23/08 a 29/08,DIMAS MOZART E SILVA PROFESSOR - 900424,(%) Adesão ENEM,1.0,percentual
data (5).xlsx,30,Semana 30 · 23/08 a 29/08,DIMAS MOZART E SILVA PROFESSOR - 900424,Ajuste de Desigualdades,0.5254106249999999,numero
data (5).xlsx,30,Semana 30 · 23/08 a 29/08,DIMAS MOZART E SILVA PROFESSOR - 900424,Aluno Presente,0.8952776446786989,numero
data (5).xlsx,30,Semana 30 · 23/08 a 29/08,DIMAS MOZART E SILVA PROFESSOR - 900424,Apoio Presencial,3.0,numero
data (5).xlsx,30,Semana 30 · 23/08 a 29/08,DIMAS MOZART E SILVA PROFESSOR - 900424,Farol SARESP,4.0,numero
data (5).xlsx,30,Semana 30 · 23/08 a 29/08,DIMAS MOZART E SILVA PROFESSOR - 900424,Nota Final,8.08575466036603,numero
data (5).xlsx,30,Semana 30 · 23/08 a 29/08,DIMAS MOZART E SILVA PROFESSOR - 900424,Professor Presente,0.9369024856596558,numero
data (5).xlsx,30,Semana 30 · 23/08 a 29/08,DIMAS MOZART E SILVA PROFESSOR - 900424,Qualidade Educacional,8.12,numero
data (5).xlsx,30,Semana 30 · 23/08 a 29/08,DIMAS MOZART E SILVA PROFESSOR - 900424,SARESP 2025,4.6,numero
data (5).xlsx,30,Semana 30 · 23/08 a 29/08,DIMAS MOZART E SILVA PROFESSOR - 900424,SARESP Equidade Nota Super BI,2.95,numero
data (5).xlsx,30,Semana 30 · 23/08 a 29/08,DIMAS MOZART E SILVA PROFESSOR - 900424,SARESP Nota Super BI,7.5,numero
data (5).xlsx,30,Semana 30 · 23/08 a 29/08,DIMAS MOZART E SILVA PROFESSOR - 900424,Tarefa SP,10.0,numero
data (5).xlsx,30,Semana 30 · 23/08 a 29/08,EMILIO IMMOOS PADRE - 45226,Ajuste de Desigualdades,0.55166125,numero
data (5).xlsx,30,Semana 30 · 23/08 a 29/08,EMILIO IMMOOS PADRE - 45226,Aluno Presente,0.9064215432418437,numero
data (5).xlsx,30,Semana 30 · 23/08 a 29/08,EMILIO IMMOOS PADRE - 45226,Apoio Presencial,3.0,numero
data (5).xlsx,30,Semana 30 · 23/08 a 29/08,EMILIO IMMOOS PADRE - 45226,Farol SARESP,1.0,numero
data (5).xlsx,30,Semana 30 · 23/08 a 29/08,EMILIO IMMOOS PADRE - 45226,Nota Final,9.186316522826003,numero
data (5).xlsx,30,Semana 30 · 23/08 a 29/08,EMILIO IMMOOS PADRE - 45226,Professor Presente,0.9875,numero
data (5).xlsx,30,Semana 30 · 23/08 a 29/08,EMILIO IMMOOS PADRE - 45226,Qualidade Educacional,7.65,numero
data (5).xlsx,30,Semana 30 · 23/08 a 29/08,EMILIO IMMOOS PADRE - 45226,SARESP 2025,4.8,numero
data (5).xlsx,30,Semana 30 · 23/08 a 29/08,EMILIO IMMOOS PADRE - 45226,SARESP Equidade Nota Super BI,7.725,numero
data (5).xlsx,30,Semana 30 · 23/08 a 29/08,EMILIO IMMOOS PADRE - 45226,SARESP Nota Super BI,8.5,numero
data (5).xlsx,30,Semana 30 · 23/08 a 29/08,EMILIO IMMOOS PADRE - 45226,Tarefa SP,10.0,numero
data (5).xlsx,30,Semana 30 · 23/08 a 29/08,ERUCE PAULUCCI PROFESSOR - 914484,Ajuste de Desigualdades,0.732520625,numero
data (5).xlsx,30,Semana 30 · 23/08 a 29/08,ERUCE PAULUCCI PROFESSOR - 914484,Aluno Presente,0.8508092090266697,numero
data (5).xlsx,30,Semana 30 · 23/08 a 29/08,ERUCE PAULUCCI PROFESSOR - 914484,Apoio Presencial,3.0,numero
data (5).xlsx,30,Semana 30 · 23/08 a 29/08,ERUCE PAULUCCI PROFESSOR - 914484,Farol SARESP,2.0,numero
data (5).xlsx,30,Semana 30 · 23/08 a 29/08,ERUCE PAULUCCI PROFESSOR - 914484,Nota Final,6.2484068411092775,numero
data (5).xlsx,30,Semana 30 · 23/08 a 29/08,ERUCE PAULUCCI PROFESSOR - 914484,Professor Presente,0.8583333333333333,numero
data (5).xlsx,30,Semana 30 · 23/08 a 29/08,ERUCE PAULUCCI PROFESSOR - 914484,Qualidade Educacional,5.620000000000001,numero
data (5).xlsx,30,Semana 30 · 23/08 a 29/08,ERUCE PAULUCCI PROFESSOR - 914484,SARESP 2025,4.1,numero
data (5).xlsx,30,Semana 30 · 23/08 a 29/08,ERUCE PAULUCCI PROFESSOR - 914484,SARESP Equidade Nota Super BI,1.625,numero
data (5).xlsx,30,Semana 30 · 23/08 a 29/08,ERUCE PAULUCCI PROFESSOR - 914484,SARESP Nota Super BI,6.0,numero
data (5).xlsx,30,Semana 30 · 23/08 a 29/08,ERUCE PAULUCCI PROFESSOR - 914484,Tarefa SP,8.180370395368504,numero
data (5).xlsx,30,Semana 30 · 23/08 a 29/08,GUIDO DIAS DE ALMEIDA PROFESSOR - 910119,(%) Adesão ENEM,0.6027397260273972,percentual
data (5).xlsx,30,Semana 30 · 23/08 a 29/08,GUIDO DIAS DE ALMEIDA PROFESSOR - 910119,Ajuste de Desigualdades,0.50009125,numero
data (5).xlsx,30,Semana 30 · 23/08 a 29/08,GUIDO DIAS DE ALMEIDA PROFESSOR - 910119,Aluno Presente,0.8807916450291385,numero
data (5).xlsx,30,Semana 30 · 23/08 a 29/08,GUIDO DIAS DE ALMEIDA PROFESSOR - 910119,Apoio Presencial,2.8,numero
data (5).xlsx,30,Semana 30 · 23/08 a 29/08,GUIDO DIAS DE ALMEIDA PROFESSOR - 910119,Farol SARESP,4.0,numero
data (5).xlsx,30,Semana 30 · 23/08 a 29/08,GUIDO DIAS DE ALMEIDA PROFESSOR - 910119,Nota Final,6.589750516527007,numero
data (5).xlsx,30,Semana 30 · 23/08 a 29/08,GUIDO DIAS DE ALMEIDA PROFESSOR - 910119,Professor Presente,0.9452380952380952,numero
data (5).xlsx,30,Semana 30 · 23/08 a 29/08,GUIDO DIAS DE ALMEIDA PROFESSOR - 910119,Qualidade Educacional,7.08,numero
data (5).xlsx,30,Semana 30 · 23/08 a 29/08,GUIDO DIAS DE ALMEIDA PROFESSOR - 910119,SARESP 2025,3.7,numero
data (5).xlsx,30,Semana 30 · 23/08 a 29/08,GUIDO DIAS DE ALMEIDA PROFESSOR - 910119,SARESP Equidade Nota Super BI,4.3,numero
data (5).xlsx,30,Semana 30 · 23/08 a 29/08,GUIDO DIAS DE ALMEIDA PROFESSOR - 910119,SARESP Nota Super BI,1.25,numero
data (5).xlsx,30,Semana 30 · 23/08 a 29/08,GUIDO DIAS DE ALMEIDA PROFESSOR - 910119,Tarefa SP,9.507928743780562,numero
data (5).xlsx,30,Semana 30 · 23/08 a 29/08,JOAO CRUZ CORONEL - 14497,(%) Adesão ENEM,0.9094827586206896,percentual
data (5).xlsx,30,Semana 30 · 23/08 a 29/08,JOAO CRUZ CORONEL - 14497,Ajuste de Desigualdades,0.5885787499999999,numero
data (5).xlsx,30,Semana 30 · 23/08 a 29/08,JOAO CRUZ CORONEL - 14497,Aluno Presente,0.9103091649246342,numero
data (5).xlsx,30,Semana 30 · 23/08 a 29/08,JOAO CRUZ CORONEL - 14497,Apoio Presencial,3.0,numero
data (5).xlsx,30,Semana 30 · 23/08 a 29/08,JOAO CRUZ CORONEL - 14497,Farol SARESP,3.0,numero
data (5).xlsx,30,Semana 30 · 23/08 a 29/08,JOAO CRUZ CORONEL - 14497,Nota Final,8.21553686458908,numero
data (5).xlsx,30,Semana 30 · 23/08 a 29/08,JOAO CRUZ CORONEL - 14497,Professor Presente,0.9719202898550725,numero
data (5).xlsx,30,Semana 30 · 23/08 a 29/08,JOAO CRUZ CORONEL - 14497,Qualidade Educacional,7.039999999999999,numero
data (5).xlsx,30,Semana 30 · 23/08 a 29/08,JOAO CRUZ CORONEL - 14497,SARESP 2025,4.1,numero
data (5).xlsx,30,Semana 30 · 23/08 a 29/08,JOAO CRUZ CORONEL - 14497,SARESP Equidade Nota Super BI,5.25,numero
data (5).xlsx,30,Semana 30 · 23/08 a 29/08,JOAO CRUZ CORONEL - 14497,SARESP Nota Super BI,6.5,numero
data (5).xlsx,30,Semana 30 · 23/08 a 29/08,JOAO CRUZ CORONEL - 14497,Tarefa SP,7.914700249778628,numero
data (5).xlsx,30,Semana 30 · 23/08 a 29/08,JOAO MICHELIN - 14485,(%) Adesão ENEM,1.0,percentual
data (5).xlsx,30,Semana 30 · 23/08 a 29/08,JOAO MICHELIN - 14485,Ajuste de Desigualdades,0.445920625,numero
data (5).xlsx,30,Semana 30 · 23/08 a 29/08,JOAO MICHELIN - 14485,Aluno Presente,0.8546027698083802,numero
data (5).xlsx,30,Semana 30 · 23/08 a 29/08,JOAO MICHELIN - 14485,Apoio Presencial,3.0,numero
data (5).xlsx,30,Semana 30 · 23/08 a 29/08,JOAO MICHELIN - 14485,Farol SARESP,2.0,numero
data (5).xlsx,30,Semana 30 · 23/08 a 29/08,JOAO MICHELIN - 14485,Nota Final,7.641366402392042,numero
data (5).xlsx,30,Semana 30 · 23/08 a 29/08,JOAO MICHELIN - 14485,Professor Presente,0.9714285714285714,numero
data (5).xlsx,30,Semana 30 · 23/08 a 29/08,JOAO MICHELIN - 14485,Qualidade Educacional,7.030000000000001,numero
data (5).xlsx,30,Semana 30 · 23/08 a 29/08,JOAO MICHELIN - 14485,SARESP 2025,4.6,numero
data (5).xlsx,30,Semana 30 · 23/08 a 29/08,JOAO MICHELIN - 14485,SARESP Equidade Nota Super BI,6.4,numero
data (5).xlsx,30,Semana 30 · 23/08 a 29/08,JOAO MICHELIN - 14485,SARESP Nota Super BI,5.5,numero
data (5).xlsx,30,Semana 30 · 23/08 a 29/08,JOAO MICHELIN - 14485,Tarefa SP,10.0,numero
data (5).xlsx,30,Semana 30 · 23/08 a 29/08,JOAO TEIXEIRA DE ARAUJO PROFESSOR - 14588,(%) Adesão ENEM,0.9814814814814815,percentual
data (5).xlsx,30,Semana 30 · 23/08 a 29/08,JOAO TEIXEIRA DE ARAUJO PROFESSOR - 14588,Ajuste de Desigualdades,0.543636875,numero
data (5).xlsx,30,Semana 30 · 23/08 a 29/08,JOAO TEIXEIRA DE ARAUJO PROFESSOR - 14588,Aluno Presente,0.9098813954297242,numero
data (5).xlsx,30,Semana 30 · 23/08 a 29/08,JOAO TEIXEIRA DE ARAUJO PROFESSOR - 14588,Apoio Presencial,3.0,numero
data (5).xlsx,30,Semana 30 · 23/08 a 29/08,JOAO TEIXEIRA DE ARAUJO PROFESSOR - 14588,Farol SARESP,3.0,numero
data (5).xlsx,30,Semana 30 · 23/08 a 29/08,JOAO TEIXEIRA DE ARAUJO PROFESSOR - 14588,Nota Final,7.2567002027843275,numero
data (5).xlsx,30,Semana 30 · 23/08 a 29/08,JOAO TEIXEIRA DE ARAUJO PROFESSOR - 14588,Professor Presente,0.9336219336219336,numero
data (5).xlsx,30,Semana 30 · 23/08 a 29/08,JOAO TEIXEIRA DE ARAUJO PROFESSOR - 14588,Qualidade Educacional,7.3,numero
data (5).xlsx,30,Semana 30 · 23/08 a 29/08,JOAO TEIXEIRA DE ARAUJO PROFESSOR - 14588,SARESP 2025,4.0,numero
data (5).xlsx,30,Semana 30 · 23/08 a 29/08,JOAO TEIXEIRA DE ARAUJO PROFESSOR - 14588,SARESP Equidade Nota Super BI,0.0,numero
data (5).xlsx,30,Semana 30 · 23/08 a 29/08,JOAO TEIXEIRA DE ARAUJO PROFESSOR - 14588,SARESP Nota Super BI,5.5,numero
data (5).xlsx,30,Semana 30 · 23/08 a 29/08,JOAO TEIXEIRA DE ARAUJO PROFESSOR - 14588,Tarefa SP,9.021117543490126,numero
data (5).xlsx,30,Semana 30 · 23/08 a 29/08,JOSE APARECIDO CASTELUCCI PROFESSOR - 49888,(%) Adesão ENEM,1.0,percentual
data (5).xlsx,30,Semana 30 · 23/08 a 29/08,JOSE APARECIDO CASTELUCCI PROFESSOR - 49888,Ajuste de Desigualdades,0.533184375,numero
data (5).xlsx,30,Semana 30 · 23/08 a 29/08,JOSE APARECIDO CASTELUCCI PROFESSOR - 49888,Aluno Presente,0.9119739181979846,numero
data (5).xlsx,30,Semana 30 · 23/08 a 29/08,JOSE APARECIDO CASTELUCCI PROFESSOR - 49888,Apoio Presencial,1.0,numero
data (5).xlsx,30,Semana 30 · 23/08 a 29/08,JOSE APARECIDO CASTELUCCI PROFESSOR - 49888,Farol SARESP,3.0,numero
data (5).xlsx,30,Semana 30 · 23/08 a 29/08,JOSE APARECIDO CASTELUCCI PROFESSOR - 49888,Nota Final,7.888415113342997,numero
data (5).xlsx,30,Semana 30 · 23/08 a 29/08,JOSE APARECIDO CASTELUCCI PROFESSOR - 49888,Professor Presente,0.9673469387755103,numero
data (5).xlsx,30,Semana 30 · 23/08 a 29/08,JOSE APARECIDO CASTELUCCI PROFESSOR - 49888,Qualidade Educacional,8.14,numero
data (5).xlsx,30,Semana 30 · 23/08 a 29/08,JOSE APARECIDO CASTELUCCI PROFESSOR - 49888,SARESP 2025,4.9,numero
data (5).xlsx,30,Semana 30 · 23/08 a 29/08,JOSE APARECIDO CASTELUCCI PROFESSOR - 49888,SARESP Equidade Nota Super BI,0.0,numero
data (5).xlsx,30,Semana 30 · 23/08 a 29/08,JOSE APARECIDO CASTELUCCI PROFESSOR - 49888,SARESP Nota Super BI,7.5,numero
data (5).xlsx,30,Semana 30 · 23/08 a 29/08,JOSE APARECIDO CASTELUCCI PROFESSOR - 49888,Tarefa SP,10.0,numero
data (5).xlsx,30,Semana 30 · 23/08 a 29/08,JOSE LEITE PINHEIRO PROFESSOR - 14527,(%) Adesão ENEM,0.9181818181818182,percentual
data (5).xlsx,30,Semana 30 · 23/08 a 29/08,JOSE LEITE PINHEIRO PROFESSOR - 14527,Ajuste de Desigualdades,0.59783625,numero
data (5).xlsx,30,Semana 30 · 23/08 a 29/08,JOSE LEITE PINHEIRO PROFESSOR - 14527,Aluno Presente,0.8995177427481466,numero
data (5).xlsx,30,Semana 30 · 23/08 a 29/08,JOSE LEITE PINHEIRO PROFESSOR - 14527,Apoio Presencial,0.5,numero
data (5).xlsx,30,Semana 30 · 23/08 a 29/08,JOSE LEITE PINHEIRO PROFESSOR - 14527,Farol SARESP,2.0,numero
data (5).xlsx,30,Semana 30 · 23/08 a 29/08,JOSE LEITE PINHEIRO PROFESSOR - 14527,Nota Final,6.965251724749269,numero
data (5).xlsx,30,Semana 30 · 23/08 a 29/08,JOSE LEITE PINHEIRO PROFESSOR - 14527,Professor Presente,0.8909090909090909,numero
data (5).xlsx,30,Semana 30 · 23/08 a 29/08,JOSE LEITE PINHEIRO PROFESSOR - 14527,Qualidade Educacional,8.36,numero
data (5).xlsx,30,Semana 30 · 23/08 a 29/08,JOSE LEITE PINHEIRO PROFESSOR - 14527,SARESP 2025,4.4,numero
data (5).xlsx,30,Semana 30 · 23/08 a 29/08,JOSE LEITE PINHEIRO PROFESSOR - 14527,SARESP Equidade Nota Super BI,0.0,numero
data (5).xlsx,30,Semana 30 · 23/08 a 29/08,JOSE LEITE PINHEIRO PROFESSOR - 14527,SARESP Nota Super BI,6.5,numero
data (5).xlsx,30,Semana 30 · 23/08 a 29/08,JOSE LEITE PINHEIRO PROFESSOR - 14527,Tarefa SP,10.0,numero
data (5).xlsx,30,Semana 30 · 23/08 a 29/08,JOSE PENNA - 14540,(%) Adesão ENEM,0.7407407407407407,percentual
data (5).xlsx,30,Semana 30 · 23/08 a 29/08,JOSE PENNA - 14540,Ajuste de Desigualdades,0.504391875,numero
data (5).xlsx,30,Semana 30 · 23/08 a 29/08,JOSE PENNA - 14540,Aluno Presente,0.8819585722211948,numero
data (5).xlsx,30,Semana 30 · 23/08 a 29/08,JOSE PENNA - 14540,Apoio Presencial,3.0,numero
data (5).xlsx,30,Semana 30 · 23/08 a 29/08,JOSE PENNA - 14540,Farol SARESP,2.0,numero
data (5).xlsx,30,Semana 30 · 23/08 a 29/08,JOSE PENNA - 14540,Nota Final,7.533806289125261,numero
data (5).xlsx,30,Semana 30 · 23/08 a 29/08,JOSE PENNA - 14540,Professor Presente,0.9672977624784854,numero
data (5).xlsx,30,Semana 30 · 23/08 a 29/08,JOSE PENNA - 14540,Qualidade Educacional,6.66,numero
data (5).xlsx,30,Semana 30 · 23/08 a 29/08,JOSE PENNA - 14540,SARESP 2025,4.5,numero
data (5).xlsx,30,Semana 30 · 23/08 a 29/08,JOSE PENNA - 14540,SARESP Equidade Nota Super BI,0.0,numero
data (5).xlsx,30,Semana 30 · 23/08 a 29/08,JOSE PENNA - 14540,SARESP Nota Super BI,7.0,numero
data (5).xlsx,30,Semana 30 · 23/08 a 29/08,JOSE PENNA - 14540,Tarefa SP,10.0,numero
data (5).xlsx,30,Semana 30 · 23/08 a 29/08,JOSE PIRES DE CARVALHO DOUTOR - 924088,Ajuste de Desigualdades,0.5430618749999999,numero
data (5).xlsx,30,Semana 30 · 23/08 a 29/08,JOSE PIRES DE CARVALHO DOUTOR - 924088,Aluno Presente,0.9189728958630528,numero
data (5).xlsx,30,Semana 30 · 23/08 a 29/08,JOSE PIRES DE CARVALHO DOUTOR - 924088,Apoio Presencial,3.0,numero
data (5).xlsx,30,Semana 30 · 23/08 a 29/08,JOSE PIRES DE CARVALHO DOUTOR - 924088,Farol SARESP,3.0,numero
data (5).xlsx,30,Semana 30 · 23/08 a 29/08,JOSE PIRES DE CARVALHO DOUTOR - 924088,Nota Final,9.857030585583779,numero
data (5).xlsx,30,Semana 30 · 23/08 a 29/08,JOSE PIRES DE CARVALHO DOUTOR - 924088,Professor Presente,0.9875,numero
data (5).xlsx,30,Semana 30 · 23/08 a 29/08,JOSE PIRES DE CARVALHO DOUTOR - 924088,Qualidade Educacional,8.28,numero
data (5).xlsx,30,Semana 30 · 23/08 a 29/08,JOSE PIRES DE CARVALHO DOUTOR - 924088,SARESP 2025,6.1,numero
data (5).xlsx,30,Semana 30 · 23/08 a 29/08,JOSE PIRES DE CARVALHO DOUTOR - 924088,SARESP Equidade Nota Super BI,10.0,numero
data (5).xlsx,30,Semana 30 · 23/08 a 29/08,JOSE PIRES DE CARVALHO DOUTOR - 924088,SARESP Nota Super BI,10.0,numero
data (5).xlsx,30,Semana 30 · 23/08 a 29/08,JOSE PIRES DE CARVALHO DOUTOR - 924088,Tarefa SP,9.088218155498938,numero
data (5).xlsx,30,Semana 30 · 23/08 a 29/08,MARIA IZABEL CRUZ PIMENTEL DONA - 38908,(%) Adesão ENEM,1.0,percentual
data (5).xlsx,30,Semana 30 · 23/08 a 29/08,MARIA IZABEL CRUZ PIMENTEL DONA - 38908,Ajuste de Desigualdades,0.536754375,numero
data (5).xlsx,30,Semana 30 · 23/08 a 29/08,MARIA IZABEL CRUZ PIMENTEL DONA - 38908,Aluno Presente,0.8853375376236204,numero
data (5).xlsx,30,Semana 30 · 23/08 a 29/08,MARIA IZABEL CRUZ PIMENTEL DONA - 38908,Apoio Presencial,3.0,numero
data (5).xlsx,30,Semana 30 · 23/08 a 29/08,MARIA IZABEL CRUZ PIMENTEL DONA - 38908,Farol SARESP,2.0,numero
data (5).xlsx,30,Semana 30 · 23/08 a 29/08,MARIA IZABEL CRUZ PIMENTEL DONA - 38908,Nota Final,7.560024566639515,numero
data (5).xlsx,30,Semana 30 · 23/08 a 29/08,MARIA IZABEL CRUZ PIMENTEL DONA - 38908,Professor Presente,0.9866863905325444,numero
data (5).xlsx,30,Semana 30 · 23/08 a 29/08,MARIA IZABEL CRUZ PIMENTEL DONA - 38908,Qualidade Educacional,7.279999999999999,numero
data (5).xlsx,30,Semana 30 · 23/08 a 29/08,MARIA IZABEL CRUZ PIMENTEL DONA - 38908,SARESP 2025,3.9,numero
data (5).xlsx,30,Semana 30 · 23/08 a 29/08,MARIA IZABEL CRUZ PIMENTEL DONA - 38908,SARESP Equidade Nota Super BI,3.175,numero
data (5).xlsx,30,Semana 30 · 23/08 a 29/08,MARIA IZABEL CRUZ PIMENTEL DONA - 38908,SARESP Nota Super BI,5.0,numero
data (5).xlsx,30,Semana 30 · 23/08 a 29/08,MARIA IZABEL CRUZ PIMENTEL DONA - 38908,Tarefa SP,7.679997965048285,numero
data (5).xlsx,30,Semana 30 · 23/08 a 29/08,MATILDE VIEIRA - 14679,(%) Adesão ENEM,0.9882352941176471,percentual
data (5).xlsx,30,Semana 30 · 23/08 a 29/08,MATILDE VIEIRA - 14679,Ajuste de Desigualdades,0.524095625,numero
data (5).xlsx,30,Semana 30 · 23/08 a 29/08,MATILDE VIEIRA - 14679,Aluno Presente,0.843400447427293,numero
data (5).xlsx,30,Semana 30 · 23/08 a 29/08,MATILDE VIEIRA - 14679,Apoio Presencial,3.0,numero
data (5).xlsx,30,Semana 30 · 23/08 a 29/08,MATILDE VIEIRA - 14679,Farol SARESP,3.0,numero
data (5).xlsx,30,Semana 30 · 23/08 a 29/08,MATILDE VIEIRA - 14679,Nota Final,6.861730058538941,numero
data (5).xlsx,30,Semana 30 · 23/08 a 29/08,MATILDE VIEIRA - 14679,Professor Presente,0.9859154929577465,numero
data (5).xlsx,30,Semana 30 · 23/08 a 29/08,MATILDE VIEIRA - 14679,Qualidade Educacional,6.710000000000001,numero
data (5).xlsx,30,Semana 30 · 23/08 a 29/08,MATILDE VIEIRA - 14679,SARESP 2025,4.2,numero
data (5).xlsx,30,Semana 30 · 23/08 a 29/08,MATILDE VIEIRA - 14679,SARESP Equidade Nota Super BI,0.0,numero
data (5).xlsx,30,Semana 30 · 23/08 a 29/08,MATILDE VIEIRA - 14679,SARESP Nota Super BI,5.5,numero
data (5).xlsx,30,Semana 30 · 23/08 a 29/08,MATILDE VIEIRA - 14679,Tarefa SP,8.072185632496417,numero
data (5).xlsx,30,Semana 30 · 23/08 a 29/08,PAULO ARAUJO NOVAES DOUTOR - 14461,(%) Adesão ENEM,0.9666666666666667,percentual
data (5).xlsx,30,Semana 30 · 23/08 a 29/08,PAULO ARAUJO NOVAES DOUTOR - 14461,Ajuste de Desigualdades,0.587323125,numero
data (5).xlsx,30,Semana 30 · 23/08 a 29/08,PAULO ARAUJO NOVAES DOUTOR - 14461,Aluno Presente,0.8651155831525399,numero
data (5).xlsx,30,Semana 30 · 23/08 a 29/08,PAULO ARAUJO NOVAES DOUTOR - 14461,Apoio Presencial,3.0,numero
data (5).xlsx,30,Semana 30 · 23/08 a 29/08,PAULO ARAUJO NOVAES DOUTOR - 14461,Farol SARESP,1.0,numero
data (5).xlsx,30,Semana 30 · 23/08 a 29/08,PAULO ARAUJO NOVAES DOUTOR - 14461,Nota Final,7.429971559397995,numero
data (5).xlsx,30,Semana 30 · 23/08 a 29/08,PAULO ARAUJO NOVAES DOUTOR - 14461,Professor Presente,0.9554347826086956,numero
data (5).xlsx,30,Semana 30 · 23/08 a 29/08,PAULO ARAUJO NOVAES DOUTOR - 14461,Qualidade Educacional,5.64,numero
data (5).xlsx,30,Semana 30 · 23/08 a 29/08,PAULO ARAUJO NOVAES DOUTOR - 14461,SARESP 2025,4.4,numero
data (5).xlsx,30,Semana 30 · 23/08 a 29/08,PAULO ARAUJO NOVAES DOUTOR - 14461,SARESP Equidade Nota Super BI,6.35,numero
data (5).xlsx,30,Semana 30 · 23/08 a 29/08,PAULO ARAUJO NOVAES DOUTOR - 14461,SARESP Nota Super BI,7.5,numero
data (5).xlsx,30,Semana 30 · 23/08 a 29/08,PAULO ARAUJO NOVAES DOUTOR - 14461,Tarefa SP,5.659254799270722,numero
data (5).xlsx,30,Semana 30 · 23/08 a 29/08,PAULO DELICIO - 14515,(%) Adesão ENEM,0.9375,percentual
data (5).xlsx,30,Semana 30 · 23/08 a 29/08,PAULO DELICIO - 14515,Ajuste de Desigualdades,0.512821875,numero
data (5).xlsx,30,Semana 30 · 23/08 a 29/08,PAULO DELICIO - 14515,Aluno Presente,0.8499786091172695,numero
data (5).xlsx,30,Semana 30 · 23/08 a 29/08,PAULO DELICIO - 14515,Apoio Presencial,3.0,numero
data (5).xlsx,30,Semana 30 · 23/08 a 29/08,PAULO DELICIO - 14515,Farol SARESP,3.0,numero
data (5).xlsx,30,Semana 30 · 23/08 a 29/08,PAULO DELICIO - 14515,Nota Final,6.413881411267406,numero
data (5).xlsx,30,Semana 30 · 23/08 a 29/08,PAULO DELICIO - 14515,Professor Presente,0.9364341085271318,numero
data (5).xlsx,30,Semana 30 · 23/08 a 29/08,PAULO DELICIO - 14515,Qualidade Educacional,5.23,numero
data (5).xlsx,30,Semana 30 · 23/08 a 29/08,PAULO DELICIO - 14515,SARESP 2025,4.4,numero
data (5).xlsx,30,Semana 30 · 23/08 a 29/08,PAULO DELICIO - 14515,SARESP Equidade Nota Super BI,0.0,numero
data (5).xlsx,30,Semana 30 · 23/08 a 29/08,PAULO DELICIO - 14515,SARESP Nota Super BI,7.0,numero
data (5).xlsx,30,Semana 30 · 23/08 a 29/08,PAULO DELICIO - 14515,Tarefa SP,7.4700300538739715,numero
data (5).xlsx,30,Semana 30 · 23/08 a 29/08,PEDRO BENTO ALVES - 14503,(%) Adesão ENEM,0.9206349206349206,percentual
data (5).xlsx,30,Semana 30 · 23/08 a 29/08,PEDRO BENTO ALVES - 14503,Ajuste de Desigualdades,0.571585625,numero
data (5).xlsx,30,Semana 30 · 23/08 a 29/08,PEDRO BENTO ALVES - 14503,Aluno Presente,0.8870239774330042,numero
data (5).xlsx,30,Semana 30 · 23/08 a 29/08,PEDRO BENTO ALVES - 14503,Apoio Presencial,3.0,numero
data (5).xlsx,30,Semana 30 · 23/08 a 29/08,PEDRO BENTO ALVES - 14503,Farol SARESP,4.0,numero
data (5).xlsx,30,Semana 30 · 23/08 a 29/08,PEDRO BENTO ALVES - 14503,Nota Final,7.642470565131828,numero
data (5).xlsx,30,Semana 30 · 23/08 a 29/08,PEDRO BENTO ALVES - 14503,Professor Presente,0.980327868852459,numero
data (5).xlsx,30,Semana 30 · 23/08 a 29/08,PEDRO BENTO ALVES - 14503,Qualidade Educacional,6.719999999999999,numero
data (5).xlsx,30,Semana 30 · 23/08 a 29/08,PEDRO BENTO ALVES - 14503,SARESP 2025,4.0,numero
data (5).xlsx,30,Semana 30 · 23/08 a 29/08,PEDRO BENTO ALVES - 14503,SARESP Equidade Nota Super BI,2.125,numero
data (5).xlsx,30,Semana 30 · 23/08 a 29/08,PEDRO BENTO ALVES - 14503,SARESP Nota Super BI,6.0,numero
data (5).xlsx,30,Semana 30 · 23/08 a 29/08,PEDRO BENTO ALVES - 14503,Tarefa SP,8.809997612210003,numero
data (5).xlsx,30,Semana 30 · 23/08 a 29/08,PROFESSORA MARIANA APARECIDA TODESCATO - 191516,(%) Adesão ENEM,0.875,percentual
data (5).xlsx,30,Semana 30 · 23/08 a 29/08,PROFESSORA MARIANA APARECIDA TODESCATO - 191516,Ajuste de Desigualdades,0.5389087499999999,numero
data (5).xlsx,30,Semana 30 · 23/08 a 29/08,PROFESSORA MARIANA APARECIDA TODESCATO - 191516,Aluno Presente,0.8790279124905701,numero
data (5).xlsx,30,Semana 30 · 23/08 a 29/08,PROFESSORA MARIANA APARECIDA TODESCATO - 191516,Apoio Presencial,3.0,numero
data (5).xlsx,30,Semana 30 · 23/08 a 29/08,PROFESSORA MARIANA APARECIDA TODESCATO - 191516,Farol SARESP,4.0,numero
data (5).xlsx,30,Semana 30 · 23/08 a 29/08,PROFESSORA MARIANA APARECIDA TODESCATO - 191516,Nota Final,8.22286593987033,numero
data (5).xlsx,30,Semana 30 · 23/08 a 29/08,PROFESSORA MARIANA APARECIDA TODESCATO - 191516,Professor Presente,0.9647058823529412,numero
data (5).xlsx,30,Semana 30 · 23/08 a 29/08,PROFESSORA MARIANA APARECIDA TODESCATO - 191516,Qualidade Educacional,6.37,numero
data (5).xlsx,30,Semana 30 · 23/08 a 29/08,PROFESSORA MARIANA APARECIDA TODESCATO - 191516,SARESP 2025,4.8,numero
data (5).xlsx,30,Semana 30 · 23/08 a 29/08,PROFESSORA MARIANA APARECIDA TODESCATO - 191516,SARESP Equidade Nota Super BI,5.65,numero
data (5).xlsx,30,Semana 30 · 23/08 a 29/08,PROFESSORA MARIANA APARECIDA TODESCATO - 191516,SARESP Nota Super BI,8.5,numero
data (5).xlsx,30,Semana 30 · 23/08 a 29/08,PROFESSORA MARIANA APARECIDA TODESCATO - 191516,Tarefa SP,9.299886053613402,numero
data (5).xlsx,30,Semana 30 · 23/08 a 29/08,SANDRA APARECIDA DE ARAUJO PROFESSORA - 924337,(%) Adesão ENEM,0.9473684210526315,percentual
data (5).xlsx,30,Semana 30 · 23/08 a 29/08,SANDRA APARECIDA DE ARAUJO PROFESSORA - 924337,Ajuste de Desigualdades,0.5426887499999999,numero
data (5).xlsx,30,Semana 30 · 23/08 a 29/08,SANDRA APARECIDA DE ARAUJO PROFESSORA - 924337,Aluno Presente,0.8882760640374854,numero
data (5).xlsx,30,Semana 30 · 23/08 a 29/08,SANDRA APARECIDA DE ARAUJO PROFESSORA - 924337,Apoio Presencial,3.0,numero
data (5).xlsx,30,Semana 30 · 23/08 a 29/08,SANDRA APARECIDA DE ARAUJO PROFESSORA - 924337,Farol SARESP,2.0,numero
data (5).xlsx,30,Semana 30 · 23/08 a 29/08,SANDRA APARECIDA DE ARAUJO PROFESSORA - 924337,Nota Final,7.408919920362484,numero
data (5).xlsx,30,Semana 30 · 23/08 a 29/08,SANDRA APARECIDA DE ARAUJO PROFESSORA - 924337,Professor Presente,0.9565217391304348,numero
data (5).xlsx,30,Semana 30 · 23/08 a 29/08,SANDRA APARECIDA DE ARAUJO PROFESSORA - 924337,Qualidade Educacional,6.75,numero
data (5).xlsx,30,Semana 30 · 23/08 a 29/08,SANDRA APARECIDA DE ARAUJO PROFESSORA - 924337,SARESP 2025,4.3,numero
data (5).xlsx,30,Semana 30 · 23/08 a 29/08,SANDRA APARECIDA DE ARAUJO PROFESSORA - 924337,SARESP Equidade Nota Super BI,0.0,numero
data (5).xlsx,30,Semana 30 · 23/08 a 29/08,SANDRA APARECIDA DE ARAUJO PROFESSORA - 924337,SARESP Nota Super BI,7.0,numero
data (5).xlsx,30,Semana 30 · 23/08 a 29/08,SANDRA APARECIDA DE ARAUJO PROFESSORA - 924337,Tarefa SP,9.045028375962863,numero
data (5).xlsx,30,Semana 30 · 23/08 a 29/08,Total (planilha),(%) Adesão ENEM,0.9210097719869706,percentual
data (5).xlsx,30,Semana 30 · 23/08 a 29/08,Total (planilha),Ajuste de Desigualdades,0.5550327256315788,numero
data (5).xlsx,30,Semana 30 · 23/08 a 29/08,Total (planilha),Aluno Presente,0.8852289105263055,numero
data (5).xlsx,30,Semana 30 · 23/08 a 29/08,Total (planilha),Apoio Presencial,3.0,numero
data (5).xlsx,30,Semana 30 · 23/08 a 29/08,Total (planilha),Nota Final,7.675651011698862,numero
data (5).xlsx,30,Semana 30 · 23/08 a 29/08,Total (planilha),Professor Presente,0.9521992818671454,numero
data (5).xlsx,30,Semana 30 · 23/08 a 29/08,Total (planilha),Qualidade Educacional,6.983913043478262,numero
data (5).xlsx,30,Semana 30 · 23/08 a 29/08,Total (planilha),SARESP 2025,4.3,numero
data (5).xlsx,30,Semana 30 · 23/08 a 29/08,Total (planilha),SARESP Equidade Nota Super BI,3.262318419523533,numero
data (5).xlsx,30,Semana 30 · 23/08 a 29/08,Total (planilha),SARESP Nota Super BI,6.5,numero
data (5).xlsx,30,Semana 30 · 23/08 a 29/08,Total (planilha),Tarefa SP,9.130855068155041,numero
data (4).xlsx,31,Semana 31 · 30/08 a 05/09,ABILIO RAPOSO FERRAZ JUNIOR - 903188,(%) Adesão ENEM,1.0,percentual
data (4).xlsx,31,Semana 31 · 30/08 a 05/09,ABILIO RAPOSO FERRAZ JUNIOR - 903188,Ajuste de Desigualdades,0.58763375,numero
data (4).xlsx,31,Semana 31 · 30/08 a 05/09,ABILIO RAPOSO FERRAZ JUNIOR - 903188,Aluno Presente,0.8972654539664849,numero
data (4).xlsx,31,Semana 31 · 30/08 a 05/09,ABILIO RAPOSO FERRAZ JUNIOR - 903188,Apoio Presencial,2.8333333333333335,numero
data (4).xlsx,31,Semana 31 · 30/08 a 05/09,ABILIO RAPOSO FERRAZ JUNIOR - 903188,Farol SARESP,3.0,numero
data (4).xlsx,31,Semana 31 · 30/08 a 05/09,ABILIO RAPOSO FERRAZ JUNIOR - 903188,Nota Final,7.3437859903530125,numero
data (4).xlsx,31,Semana 31 · 30/08 a 05/09,ABILIO RAPOSO FERRAZ JUNIOR - 903188,Professor Presente,0.9512578616352201,numero
data (4).xlsx,31,Semana 31 · 30/08 a 05/09,ABILIO RAPOSO FERRAZ JUNIOR - 903188,Qualidade Educacional,9.01,numero
data (4).xlsx,31,Semana 31 · 30/08 a 05/09,ABILIO RAPOSO FERRAZ JUNIOR - 903188,SARESP 2025,3.9,numero
data (4).xlsx,31,Semana 31 · 30/08 a 05/09,ABILIO RAPOSO FERRAZ JUNIOR - 903188,SARESP Equidade Nota Super BI,0.0,numero
data (4).xlsx,31,Semana 31 · 30/08 a 05/09,ABILIO RAPOSO FERRAZ JUNIOR - 903188,SARESP Nota Super BI,3.75,numero
data (4).xlsx,31,Semana 31 · 30/08 a 05/09,ABILIO RAPOSO FERRAZ JUNIOR - 903188,Tarefa SP,9.361462031262132,numero
data (4).xlsx,31,Semana 31 · 30/08 a 05/09,ASSENTAMENTO ZUMBI DOS PALMARES - 566032,(%) Adesão ENEM,1.0,percentual
data (4).xlsx,31,Semana 31 · 30/08 a 05/09,ASSENTAMENTO ZUMBI DOS PALMARES - 566032,Ajuste de Desigualdades,0.948979375,numero
data (4).xlsx,31,Semana 31 · 30/08 a 05/09,ASSENTAMENTO ZUMBI DOS PALMARES - 566032,Aluno Presente,0.8092783505154639,numero
data (4).xlsx,31,Semana 31 · 30/08 a 05/09,ASSENTAMENTO ZUMBI DOS PALMARES - 566032,Nota Final,5.669296990174955,numero
data (4).xlsx,31,Semana 31 · 30/08 a 05/09,ASSENTAMENTO ZUMBI DOS PALMARES - 566032,Professor Presente,0.7125,numero
data (4).xlsx,31,Semana 31 · 30/08 a 05/09,ASSENTAMENTO ZUMBI DOS PALMARES - 566032,Tarefa SP,10.0,numero
data (4).xlsx,31,Semana 31 · 30/08 a 05/09,AVELINO APARECIDO RIBEIRO DOUTOR - 14552,(%) Adesão ENEM,0.9411764705882353,percentual
data (4).xlsx,31,Semana 31 · 30/08 a 05/09,AVELINO APARECIDO RIBEIRO DOUTOR - 14552,Ajuste de Desigualdades,0.766949375,numero
data (4).xlsx,31,Semana 31 · 30/08 a 05/09,AVELINO APARECIDO RIBEIRO DOUTOR - 14552,Aluno Presente,0.7823483057525611,numero
data (4).xlsx,31,Semana 31 · 30/08 a 05/09,AVELINO APARECIDO RIBEIRO DOUTOR - 14552,Apoio Presencial,3.0,numero
data (4).xlsx,31,Semana 31 · 30/08 a 05/09,AVELINO APARECIDO RIBEIRO DOUTOR - 14552,Farol SARESP,4.0,numero
data (4).xlsx,31,Semana 31 · 30/08 a 05/09,AVELINO APARECIDO RIBEIRO DOUTOR - 14552,Nota Final,6.240144692970583,numero
data (4).xlsx,31,Semana 31 · 30/08 a 05/09,AVELINO APARECIDO RIBEIRO DOUTOR - 14552,Professor Presente,0.9107142857142857,numero
data (4).xlsx,31,Semana 31 · 30/08 a 05/09,AVELINO APARECIDO RIBEIRO DOUTOR - 14552,Qualidade Educacional,5.99,numero
data (4).xlsx,31,Semana 31 · 30/08 a 05/09,AVELINO APARECIDO RIBEIRO DOUTOR - 14552,SARESP 2025,2.9,numero
data (4).xlsx,31,Semana 31 · 30/08 a 05/09,AVELINO APARECIDO RIBEIRO DOUTOR - 14552,SARESP Nota Super BI,3.3333000000000004,numero
data (4).xlsx,31,Semana 31 · 30/08 a 05/09,AVELINO APARECIDO RIBEIRO DOUTOR - 14552,Tarefa SP,10.0,numero
data (4).xlsx,31,Semana 31 · 30/08 a 05/09,BENE ANDRADE DONA - 14631,(%) Adesão ENEM,0.9615384615384616,percentual
data (4).xlsx,31,Semana 31 · 30/08 a 05/09,BENE ANDRADE DONA - 14631,Ajuste de Desigualdades,0.5545574999999999,numero
data (4).xlsx,31,Semana 31 · 30/08 a 05/09,BENE ANDRADE DONA - 14631,Aluno Presente,0.8736257146283932,numero
data (4).xlsx,31,Semana 31 · 30/08 a 05/09,BENE ANDRADE DONA - 14631,Apoio Presencial,2.75,numero
data (4).xlsx,31,Semana 31 · 30/08 a 05/09,BENE ANDRADE DONA - 14631,Farol SARESP,2.0,numero
data (4).xlsx,31,Semana 31 · 30/08 a 05/09,BENE ANDRADE DONA - 14631,Nota Final,7.573054724254982,numero
data (4).xlsx,31,Semana 31 · 30/08 a 05/09,BENE ANDRADE DONA - 14631,Professor Presente,0.9214285714285714,numero
data (4).xlsx,31,Semana 31 · 30/08 a 05/09,BENE ANDRADE DONA - 14631,Qualidade Educacional,7.199999999999999,numero
data (4).xlsx,31,Semana 31 · 30/08 a 05/09,BENE ANDRADE DONA - 14631,SARESP 2025,3.9,numero
data (4).xlsx,31,Semana 31 · 30/08 a 05/09,BENE ANDRADE DONA - 14631,SARESP Equidade Nota Super BI,10.0,numero
data (4).xlsx,31,Semana 31 · 30/08 a 05/09,BENE ANDRADE DONA - 14631,SARESP Nota Super BI,5.0,numero
data (4).xlsx,31,Semana 31 · 30/08 a 05/09,BENE ANDRADE DONA - 14631,Tarefa SP,7.958854280647433,numero
data (4).xlsx,31,Semana 31 · 30/08 a 05/09,CELSO FERREIRA DA SILVA PROFESSOR - 918489,Ajuste de Desigualdades,0.470021875,numero
data (4).xlsx,31,Semana 31 · 30/08 a 05/09,CELSO FERREIRA DA SILVA PROFESSOR - 918489,Aluno Presente,0.8898657591227075,numero
data (4).xlsx,31,Semana 31 · 30/08 a 05/09,CELSO FERREIRA DA SILVA PROFESSOR - 918489,Apoio Presencial,3.0,numero
data (4).xlsx,31,Semana 31 · 30/08 a 05/09,CELSO FERREIRA DA SILVA PROFESSOR - 918489,Farol SARESP,2.0,numero
data (4).xlsx,31,Semana 31 · 30/08 a 05/09,CELSO FERREIRA DA SILVA PROFESSOR - 918489,Nota Final,6.781468296234146,numero
data (4).xlsx,31,Semana 31 · 30/08 a 05/09,CELSO FERREIRA DA SILVA PROFESSOR - 918489,Professor Presente,0.9285714285714286,numero
data (4).xlsx,31,Semana 31 · 30/08 a 05/09,CELSO FERREIRA DA SILVA PROFESSOR - 918489,Qualidade Educacional,6.1899999999999995,numero
data (4).xlsx,31,Semana 31 · 30/08 a 05/09,CELSO FERREIRA DA SILVA PROFESSOR - 918489,SARESP 2025,4.8,numero
data (4).xlsx,31,Semana 31 · 30/08 a 05/09,CELSO FERREIRA DA SILVA PROFESSOR - 918489,SARESP Equidade Nota Super BI,0.0,numero
data (4).xlsx,31,Semana 31 · 30/08 a 05/09,CELSO FERREIRA DA SILVA PROFESSOR - 918489,SARESP Nota Super BI,5.5,numero
data (4).xlsx,31,Semana 31 · 30/08 a 05/09,CELSO FERREIRA DA SILVA PROFESSOR - 918489,Tarefa SP,10.0,numero
data (4).xlsx,31,Semana 31 · 30/08 a 05/09,COTA LEONEL DONA - 905185,(%) Adesão ENEM,0.9487179487179487,percentual
data (4).xlsx,31,Semana 31 · 30/08 a 05/09,COTA LEONEL DONA - 905185,Ajuste de Desigualdades,0.544470625,numero
data (4).xlsx,31,Semana 31 · 30/08 a 05/09,COTA LEONEL DONA - 905185,Aluno Presente,0.861735807860262,numero
data (4).xlsx,31,Semana 31 · 30/08 a 05/09,COTA LEONEL DONA - 905185,Apoio Presencial,1.6666666666666667,numero
data (4).xlsx,31,Semana 31 · 30/08 a 05/09,COTA LEONEL DONA - 905185,Farol SARESP,2.0,numero
data (4).xlsx,31,Semana 31 · 30/08 a 05/09,COTA LEONEL DONA - 905185,Nota Final,6.768920904747337,numero
data (4).xlsx,31,Semana 31 · 30/08 a 05/09,COTA LEONEL DONA - 905185,Professor Presente,0.946,numero
data (4).xlsx,31,Semana 31 · 30/08 a 05/09,COTA LEONEL DONA - 905185,Qualidade Educacional,6.26,numero
data (4).xlsx,31,Semana 31 · 30/08 a 05/09,COTA LEONEL DONA - 905185,SARESP 2025,4.5,numero
data (4).xlsx,31,Semana 31 · 30/08 a 05/09,COTA LEONEL DONA - 905185,SARESP Equidade Nota Super BI,0.025000000000000005,numero
data (4).xlsx,31,Semana 31 · 30/08 a 05/09,COTA LEONEL DONA - 905185,SARESP Nota Super BI,7.0,numero
data (4).xlsx,31,Semana 31 · 30/08 a 05/09,COTA LEONEL DONA - 905185,Tarefa SP,8.874525818183155,numero
data (4).xlsx,31,Semana 31 · 30/08 a 05/09,DIMAS MOZART E SILVA PROFESSOR - 900424,(%) Adesão ENEM,1.0,percentual
data (4).xlsx,31,Semana 31 · 30/08 a 05/09,DIMAS MOZART E SILVA PROFESSOR - 900424,Ajuste de Desigualdades,0.5254106249999999,numero
data (4).xlsx,31,Semana 31 · 30/08 a 05/09,DIMAS MOZART E SILVA PROFESSOR - 900424,Aluno Presente,0.9021464306848136,numero
data (4).xlsx,31,Semana 31 · 30/08 a 05/09,DIMAS MOZART E SILVA PROFESSOR - 900424,Apoio Presencial,3.0,numero
data (4).xlsx,31,Semana 31 · 30/08 a 05/09,DIMAS MOZART E SILVA PROFESSOR - 900424,Farol SARESP,4.0,numero
data (4).xlsx,31,Semana 31 · 30/08 a 05/09,DIMAS MOZART E SILVA PROFESSOR - 900424,Nota Final,8.185127032222747,numero
data (4).xlsx,31,Semana 31 · 30/08 a 05/09,DIMAS MOZART E SILVA PROFESSOR - 900424,Professor Presente,0.940952380952381,numero
data (4).xlsx,31,Semana 31 · 30/08 a 05/09,DIMAS MOZART E SILVA PROFESSOR - 900424,Qualidade Educacional,8.12,numero
data (4).xlsx,31,Semana 31 · 30/08 a 05/09,DIMAS MOZART E SILVA PROFESSOR - 900424,SARESP 2025,4.6,numero
data (4).xlsx,31,Semana 31 · 30/08 a 05/09,DIMAS MOZART E SILVA PROFESSOR - 900424,SARESP Equidade Nota Super BI,2.95,numero
data (4).xlsx,31,Semana 31 · 30/08 a 05/09,DIMAS MOZART E SILVA PROFESSOR - 900424,SARESP Nota Super BI,7.5,numero
data (4).xlsx,31,Semana 31 · 30/08 a 05/09,DIMAS MOZART E SILVA PROFESSOR - 900424,Tarefa SP,10.0,numero
data (4).xlsx,31,Semana 31 · 30/08 a 05/09,EMILIO IMMOOS PADRE - 45226,Ajuste de Desigualdades,0.55166125,numero
data (4).xlsx,31,Semana 31 · 30/08 a 05/09,EMILIO IMMOOS PADRE - 45226,Aluno Presente,0.8845387170968566,numero
data (4).xlsx,31,Semana 31 · 30/08 a 05/09,EMILIO IMMOOS PADRE - 45226,Apoio Presencial,3.0,numero
data (4).xlsx,31,Semana 31 · 30/08 a 05/09,EMILIO IMMOOS PADRE - 45226,Farol SARESP,1.0,numero
data (4).xlsx,31,Semana 31 · 30/08 a 05/09,EMILIO IMMOOS PADRE - 45226,Nota Final,8.65795051507193,numero
data (4).xlsx,31,Semana 31 · 30/08 a 05/09,EMILIO IMMOOS PADRE - 45226,Professor Presente,0.95,numero
data (4).xlsx,31,Semana 31 · 30/08 a 05/09,EMILIO IMMOOS PADRE - 45226,Qualidade Educacional,7.65,numero
data (4).xlsx,31,Semana 31 · 30/08 a 05/09,EMILIO IMMOOS PADRE - 45226,SARESP 2025,4.8,numero
data (4).xlsx,31,Semana 31 · 30/08 a 05/09,EMILIO IMMOOS PADRE - 45226,SARESP Equidade Nota Super BI,7.725,numero
data (4).xlsx,31,Semana 31 · 30/08 a 05/09,EMILIO IMMOOS PADRE - 45226,SARESP Nota Super BI,8.5,numero
data (4).xlsx,31,Semana 31 · 30/08 a 05/09,EMILIO IMMOOS PADRE - 45226,Tarefa SP,10.0,numero
data (4).xlsx,31,Semana 31 · 30/08 a 05/09,ERUCE PAULUCCI PROFESSOR - 914484,Ajuste de Desigualdades,0.732520625,numero
data (4).xlsx,31,Semana 31 · 30/08 a 05/09,ERUCE PAULUCCI PROFESSOR - 914484,Aluno Presente,0.8049101271372205,numero
data (4).xlsx,31,Semana 31 · 30/08 a 05/09,ERUCE PAULUCCI PROFESSOR - 914484,Apoio Presencial,3.0,numero
data (4).xlsx,31,Semana 31 · 30/08 a 05/09,ERUCE PAULUCCI PROFESSOR - 914484,Farol SARESP,2.0,numero
data (4).xlsx,31,Semana 31 · 30/08 a 05/09,ERUCE PAULUCCI PROFESSOR - 914484,Nota Final,5.637692380759416,numero
data (4).xlsx,31,Semana 31 · 30/08 a 05/09,ERUCE PAULUCCI PROFESSOR - 914484,Professor Presente,0.7625,numero
data (4).xlsx,31,Semana 31 · 30/08 a 05/09,ERUCE PAULUCCI PROFESSOR - 914484,Qualidade Educacional,5.620000000000001,numero
data (4).xlsx,31,Semana 31 · 30/08 a 05/09,ERUCE PAULUCCI PROFESSOR - 914484,SARESP 2025,4.1,numero
data (4).xlsx,31,Semana 31 · 30/08 a 05/09,ERUCE PAULUCCI PROFESSOR - 914484,SARESP Equidade Nota Super BI,1.625,numero
data (4).xlsx,31,Semana 31 · 30/08 a 05/09,ERUCE PAULUCCI PROFESSOR - 914484,SARESP Nota Super BI,6.0,numero
data (4).xlsx,31,Semana 31 · 30/08 a 05/09,ERUCE PAULUCCI PROFESSOR - 914484,Tarefa SP,10.0,numero
data (4).xlsx,31,Semana 31 · 30/08 a 05/09,GUIDO DIAS DE ALMEIDA PROFESSOR - 910119,(%) Adesão ENEM,0.6027397260273972,percentual
data (4).xlsx,31,Semana 31 · 30/08 a 05/09,GUIDO DIAS DE ALMEIDA PROFESSOR - 910119,Ajuste de Desigualdades,0.50009125,numero
data (4).xlsx,31,Semana 31 · 30/08 a 05/09,GUIDO DIAS DE ALMEIDA PROFESSOR - 910119,Aluno Presente,0.8893553395824947,numero
data (4).xlsx,31,Semana 31 · 30/08 a 05/09,GUIDO DIAS DE ALMEIDA PROFESSOR - 910119,Apoio Presencial,2.8,numero
data (4).xlsx,31,Semana 31 · 30/08 a 05/09,GUIDO DIAS DE ALMEIDA PROFESSOR - 910119,Farol SARESP,4.0,numero
data (4).xlsx,31,Semana 31 · 30/08 a 05/09,GUIDO DIAS DE ALMEIDA PROFESSOR - 910119,Nota Final,6.47500850913796,numero
data (4).xlsx,31,Semana 31 · 30/08 a 05/09,GUIDO DIAS DE ALMEIDA PROFESSOR - 910119,Professor Presente,0.9185185185185185,numero
data (4).xlsx,31,Semana 31 · 30/08 a 05/09,GUIDO DIAS DE ALMEIDA PROFESSOR - 910119,Qualidade Educacional,7.08,numero
data (4).xlsx,31,Semana 31 · 30/08 a 05/09,GUIDO DIAS DE ALMEIDA PROFESSOR - 910119,SARESP 2025,3.7,numero
data (4).xlsx,31,Semana 31 · 30/08 a 05/09,GUIDO DIAS DE ALMEIDA PROFESSOR - 910119,SARESP Equidade Nota Super BI,4.3,numero
data (4).xlsx,31,Semana 31 · 30/08 a 05/09,GUIDO DIAS DE ALMEIDA PROFESSOR - 910119,SARESP Nota Super BI,1.25,numero
data (4).xlsx,31,Semana 31 · 30/08 a 05/09,GUIDO DIAS DE ALMEIDA PROFESSOR - 910119,Tarefa SP,9.760669222865241,numero
data (4).xlsx,31,Semana 31 · 30/08 a 05/09,JOAO CRUZ CORONEL - 14497,(%) Adesão ENEM,0.9094827586206896,percentual
data (4).xlsx,31,Semana 31 · 30/08 a 05/09,JOAO CRUZ CORONEL - 14497,Ajuste de Desigualdades,0.5885787499999999,numero
data (4).xlsx,31,Semana 31 · 30/08 a 05/09,JOAO CRUZ CORONEL - 14497,Aluno Presente,0.9122891460826569,numero
data (4).xlsx,31,Semana 31 · 30/08 a 05/09,JOAO CRUZ CORONEL - 14497,Apoio Presencial,3.0,numero
data (4).xlsx,31,Semana 31 · 30/08 a 05/09,JOAO CRUZ CORONEL - 14497,Farol SARESP,3.0,numero
data (4).xlsx,31,Semana 31 · 30/08 a 05/09,JOAO CRUZ CORONEL - 14497,Nota Final,8.03398328498411,numero
data (4).xlsx,31,Semana 31 · 30/08 a 05/09,JOAO CRUZ CORONEL - 14497,Professor Presente,0.9483695652173914,numero
data (4).xlsx,31,Semana 31 · 30/08 a 05/09,JOAO CRUZ CORONEL - 14497,Qualidade Educacional,7.039999999999999,numero
data (4).xlsx,31,Semana 31 · 30/08 a 05/09,JOAO CRUZ CORONEL - 14497,SARESP 2025,4.1,numero
data (4).xlsx,31,Semana 31 · 30/08 a 05/09,JOAO CRUZ CORONEL - 14497,SARESP Equidade Nota Super BI,5.25,numero
data (4).xlsx,31,Semana 31 · 30/08 a 05/09,JOAO CRUZ CORONEL - 14497,SARESP Nota Super BI,6.5,numero
data (4).xlsx,31,Semana 31 · 30/08 a 05/09,JOAO CRUZ CORONEL - 14497,Tarefa SP,7.934455843418801,numero
data (4).xlsx,31,Semana 31 · 30/08 a 05/09,JOAO MICHELIN - 14485,(%) Adesão ENEM,1.0,percentual
data (4).xlsx,31,Semana 31 · 30/08 a 05/09,JOAO MICHELIN - 14485,Ajuste de Desigualdades,0.445920625,numero
data (4).xlsx,31,Semana 31 · 30/08 a 05/09,JOAO MICHELIN - 14485,Aluno Presente,0.8385887541345094,numero
data (4).xlsx,31,Semana 31 · 30/08 a 05/09,JOAO MICHELIN - 14485,Apoio Presencial,3.0,numero
data (4).xlsx,31,Semana 31 · 30/08 a 05/09,JOAO MICHELIN - 14485,Farol SARESP,2.0,numero
data (4).xlsx,31,Semana 31 · 30/08 a 05/09,JOAO MICHELIN - 14485,Nota Final,7.419301690207151,numero
data (4).xlsx,31,Semana 31 · 30/08 a 05/09,JOAO MICHELIN - 14485,Professor Presente,0.9628571428571429,numero
data (4).xlsx,31,Semana 31 · 30/08 a 05/09,JOAO MICHELIN - 14485,Qualidade Educacional,7.030000000000001,numero
data (4).xlsx,31,Semana 31 · 30/08 a 05/09,JOAO MICHELIN - 14485,SARESP 2025,4.6,numero
data (4).xlsx,31,Semana 31 · 30/08 a 05/09,JOAO MICHELIN - 14485,SARESP Equidade Nota Super BI,6.4,numero
data (4).xlsx,31,Semana 31 · 30/08 a 05/09,JOAO MICHELIN - 14485,SARESP Nota Super BI,5.5,numero
data (4).xlsx,31,Semana 31 · 30/08 a 05/09,JOAO MICHELIN - 14485,Tarefa SP,10.0,numero
data (4).xlsx,31,Semana 31 · 30/08 a 05/09,JOAO TEIXEIRA DE ARAUJO PROFESSOR - 14588,(%) Adesão ENEM,0.9814814814814815,percentual
data (4).xlsx,31,Semana 31 · 30/08 a 05/09,JOAO TEIXEIRA DE ARAUJO PROFESSOR - 14588,Ajuste de Desigualdades,0.543636875,numero
data (4).xlsx,31,Semana 31 · 30/08 a 05/09,JOAO TEIXEIRA DE ARAUJO PROFESSOR - 14588,Aluno Presente,0.9092824090061469,numero
data (4).xlsx,31,Semana 31 · 30/08 a 05/09,JOAO TEIXEIRA DE ARAUJO PROFESSOR - 14588,Apoio Presencial,3.0,numero
data (4).xlsx,31,Semana 31 · 30/08 a 05/09,JOAO TEIXEIRA DE ARAUJO PROFESSOR - 14588,Farol SARESP,3.0,numero
data (4).xlsx,31,Semana 31 · 30/08 a 05/09,JOAO TEIXEIRA DE ARAUJO PROFESSOR - 14588,Nota Final,7.336568329943408,numero
data (4).xlsx,31,Semana 31 · 30/08 a 05/09,JOAO TEIXEIRA DE ARAUJO PROFESSOR - 14588,Professor Presente,0.9408369408369408,numero
data (4).xlsx,31,Semana 31 · 30/08 a 05/09,JOAO TEIXEIRA DE ARAUJO PROFESSOR - 14588,Qualidade Educacional,7.3,numero
data (4).xlsx,31,Semana 31 · 30/08 a 05/09,JOAO TEIXEIRA DE ARAUJO PROFESSOR - 14588,SARESP 2025,4.0,numero
data (4).xlsx,31,Semana 31 · 30/08 a 05/09,JOAO TEIXEIRA DE ARAUJO PROFESSOR - 14588,SARESP Equidade Nota Super BI,0.0,numero
data (4).xlsx,31,Semana 31 · 30/08 a 05/09,JOAO TEIXEIRA DE ARAUJO PROFESSOR - 14588,SARESP Nota Super BI,5.5,numero
data (4).xlsx,31,Semana 31 · 30/08 a 05/09,JOAO TEIXEIRA DE ARAUJO PROFESSOR - 14588,Tarefa SP,9.274909307132907,numero
data (4).xlsx,31,Semana 31 · 30/08 a 05/09,JOSE APARECIDO CASTELUCCI PROFESSOR - 49888,(%) Adesão ENEM,1.0,percentual
data (4).xlsx,31,Semana 31 · 30/08 a 05/09,JOSE APARECIDO CASTELUCCI PROFESSOR - 49888,Ajuste de Desigualdades,0.533184375,numero
data (4).xlsx,31,Semana 31 · 30/08 a 05/09,JOSE APARECIDO CASTELUCCI PROFESSOR - 49888,Aluno Presente,0.9311414392059554,numero
data (4).xlsx,31,Semana 31 · 30/08 a 05/09,JOSE APARECIDO CASTELUCCI PROFESSOR - 49888,Apoio Presencial,2.0,numero
data (4).xlsx,31,Semana 31 · 30/08 a 05/09,JOSE APARECIDO CASTELUCCI PROFESSOR - 49888,Farol SARESP,3.0,numero
data (4).xlsx,31,Semana 31 · 30/08 a 05/09,JOSE APARECIDO CASTELUCCI PROFESSOR - 49888,Nota Final,8.205663964608435,numero
data (4).xlsx,31,Semana 31 · 30/08 a 05/09,JOSE APARECIDO CASTELUCCI PROFESSOR - 49888,Professor Presente,0.9673469387755103,numero
data (4).xlsx,31,Semana 31 · 30/08 a 05/09,JOSE APARECIDO CASTELUCCI PROFESSOR - 49888,Qualidade Educacional,8.14,numero
data (4).xlsx,31,Semana 31 · 30/08 a 05/09,JOSE APARECIDO CASTELUCCI PROFESSOR - 49888,SARESP 2025,4.9,numero
data (4).xlsx,31,Semana 31 · 30/08 a 05/09,JOSE APARECIDO CASTELUCCI PROFESSOR - 49888,SARESP Equidade Nota Super BI,0.0,numero
data (4).xlsx,31,Semana 31 · 30/08 a 05/09,JOSE APARECIDO CASTELUCCI PROFESSOR - 49888,SARESP Nota Super BI,7.5,numero
data (4).xlsx,31,Semana 31 · 30/08 a 05/09,JOSE APARECIDO CASTELUCCI PROFESSOR - 49888,Tarefa SP,10.0,numero
data (4).xlsx,31,Semana 31 · 30/08 a 05/09,JOSE LEITE PINHEIRO PROFESSOR - 14527,(%) Adesão ENEM,0.9181818181818182,percentual
data (4).xlsx,31,Semana 31 · 30/08 a 05/09,JOSE LEITE PINHEIRO PROFESSOR - 14527,Ajuste de Desigualdades,0.59783625,numero
data (4).xlsx,31,Semana 31 · 30/08 a 05/09,JOSE LEITE PINHEIRO PROFESSOR - 14527,Aluno Presente,0.9166425540123457,numero
data (4).xlsx,31,Semana 31 · 30/08 a 05/09,JOSE LEITE PINHEIRO PROFESSOR - 14527,Apoio Presencial,2.6666666666666665,numero
data (4).xlsx,31,Semana 31 · 30/08 a 05/09,JOSE LEITE PINHEIRO PROFESSOR - 14527,Farol SARESP,2.0,numero
data (4).xlsx,31,Semana 31 · 30/08 a 05/09,JOSE LEITE PINHEIRO PROFESSOR - 14527,Nota Final,7.584734127528813,numero
data (4).xlsx,31,Semana 31 · 30/08 a 05/09,JOSE LEITE PINHEIRO PROFESSOR - 14527,Professor Presente,0.9030303030303031,numero
data (4).xlsx,31,Semana 31 · 30/08 a 05/09,JOSE LEITE PINHEIRO PROFESSOR - 14527,Qualidade Educacional,8.36,numero
data (4).xlsx,31,Semana 31 · 30/08 a 05/09,JOSE LEITE PINHEIRO PROFESSOR - 14527,SARESP 2025,4.4,numero
data (4).xlsx,31,Semana 31 · 30/08 a 05/09,JOSE LEITE PINHEIRO PROFESSOR - 14527,SARESP Equidade Nota Super BI,0.0,numero
data (4).xlsx,31,Semana 31 · 30/08 a 05/09,JOSE LEITE PINHEIRO PROFESSOR - 14527,SARESP Nota Super BI,6.5,numero
data (4).xlsx,31,Semana 31 · 30/08 a 05/09,JOSE LEITE PINHEIRO PROFESSOR - 14527,Tarefa SP,10.0,numero
data (4).xlsx,31,Semana 31 · 30/08 a 05/09,JOSE PENNA - 14540,(%) Adesão ENEM,0.7407407407407407,percentual
data (4).xlsx,31,Semana 31 · 30/08 a 05/09,JOSE PENNA - 14540,Ajuste de Desigualdades,0.504391875,numero
data (4).xlsx,31,Semana 31 · 30/08 a 05/09,JOSE PENNA - 14540,Aluno Presente,0.857697957636355,numero
data (4).xlsx,31,Semana 31 · 30/08 a 05/09,JOSE PENNA - 14540,Apoio Presencial,3.0,numero
data (4).xlsx,31,Semana 31 · 30/08 a 05/09,JOSE PENNA - 14540,Farol SARESP,2.0,numero
data (4).xlsx,31,Semana 31 · 30/08 a 05/09,JOSE PENNA - 14540,Nota Final,7.113010194400063,numero
data (4).xlsx,31,Semana 31 · 30/08 a 05/09,JOSE PENNA - 14540,Professor Presente,0.9518072289156626,numero
data (4).xlsx,31,Semana 31 · 30/08 a 05/09,JOSE PENNA - 14540,Qualidade Educacional,6.66,numero
data (4).xlsx,31,Semana 31 · 30/08 a 05/09,JOSE PENNA - 14540,SARESP 2025,4.5,numero
data (4).xlsx,31,Semana 31 · 30/08 a 05/09,JOSE PENNA - 14540,SARESP Equidade Nota Super BI,0.0,numero
data (4).xlsx,31,Semana 31 · 30/08 a 05/09,JOSE PENNA - 14540,SARESP Nota Super BI,7.0,numero
data (4).xlsx,31,Semana 31 · 30/08 a 05/09,JOSE PENNA - 14540,Tarefa SP,9.435431038141646,numero
data (4).xlsx,31,Semana 31 · 30/08 a 05/09,JOSE PIRES DE CARVALHO DOUTOR - 924088,Ajuste de Desigualdades,0.5430618749999999,numero
data (4).xlsx,31,Semana 31 · 30/08 a 05/09,JOSE PIRES DE CARVALHO DOUTOR - 924088,Aluno Presente,0.916080637599625,numero
data (4).xlsx,31,Semana 31 · 30/08 a 05/09,JOSE PIRES DE CARVALHO DOUTOR - 924088,Apoio Presencial,3.0,numero
data (4).xlsx,31,Semana 31 · 30/08 a 05/09,JOSE PIRES DE CARVALHO DOUTOR - 924088,Farol SARESP,3.0,numero
data (4).xlsx,31,Semana 31 · 30/08 a 05/09,JOSE PIRES DE CARVALHO DOUTOR - 924088,Nota Final,9.610280624787674,numero
data (4).xlsx,31,Semana 31 · 30/08 a 05/09,JOSE PIRES DE CARVALHO DOUTOR - 924088,Professor Presente,0.975,numero
data (4).xlsx,31,Semana 31 · 30/08 a 05/09,JOSE PIRES DE CARVALHO DOUTOR - 924088,Qualidade Educacional,8.28,numero
data (4).xlsx,31,Semana 31 · 30/08 a 05/09,JOSE PIRES DE CARVALHO DOUTOR - 924088,SARESP 2025,6.1,numero
data (4).xlsx,31,Semana 31 · 30/08 a 05/09,JOSE PIRES DE CARVALHO DOUTOR - 924088,SARESP Equidade Nota Super BI,10.0,numero
data (4).xlsx,31,Semana 31 · 30/08 a 05/09,JOSE PIRES DE CARVALHO DOUTOR - 924088,SARESP Nota Super BI,10.0,numero
data (4).xlsx,31,Semana 31 · 30/08 a 05/09,JOSE PIRES DE CARVALHO DOUTOR - 924088,Tarefa SP,7.993948935473748,numero
data (4).xlsx,31,Semana 31 · 30/08 a 05/09,MARIA IZABEL CRUZ PIMENTEL DONA - 38908,(%) Adesão ENEM,1.0,percentual
data (4).xlsx,31,Semana 31 · 30/08 a 05/09,MARIA IZABEL CRUZ PIMENTEL DONA - 38908,Ajuste de Desigualdades,0.536754375,numero
data (4).xlsx,31,Semana 31 · 30/08 a 05/09,MARIA IZABEL CRUZ PIMENTEL DONA - 38908,Aluno Presente,0.8988619742428026,numero
data (4).xlsx,31,Semana 31 · 30/08 a 05/09,MARIA IZABEL CRUZ PIMENTEL DONA - 38908,Apoio Presencial,2.75,numero
data (4).xlsx,31,Semana 31 · 30/08 a 05/09,MARIA IZABEL CRUZ PIMENTEL DONA - 38908,Farol SARESP,2.0,numero
data (4).xlsx,31,Semana 31 · 30/08 a 05/09,MARIA IZABEL CRUZ PIMENTEL DONA - 38908,Nota Final,7.565099191594768,numero
data (4).xlsx,31,Semana 31 · 30/08 a 05/09,MARIA IZABEL CRUZ PIMENTEL DONA - 38908,Professor Presente,0.9681620839363242,numero
data (4).xlsx,31,Semana 31 · 30/08 a 05/09,MARIA IZABEL CRUZ PIMENTEL DONA - 38908,Qualidade Educacional,7.279999999999999,numero
data (4).xlsx,31,Semana 31 · 30/08 a 05/09,MARIA IZABEL CRUZ PIMENTEL DONA - 38908,SARESP 2025,3.9,numero
data (4).xlsx,31,Semana 31 · 30/08 a 05/09,MARIA IZABEL CRUZ PIMENTEL DONA - 38908,SARESP Equidade Nota Super BI,3.175,numero
data (4).xlsx,31,Semana 31 · 30/08 a 05/09,MARIA IZABEL CRUZ PIMENTEL DONA - 38908,SARESP Nota Super BI,5.0,numero
data (4).xlsx,31,Semana 31 · 30/08 a 05/09,MARIA IZABEL CRUZ PIMENTEL DONA - 38908,Tarefa SP,8.485496156087175,numero
data (4).xlsx,31,Semana 31 · 30/08 a 05/09,MATILDE VIEIRA - 14679,(%) Adesão ENEM,0.9882352941176471,percentual
data (4).xlsx,31,Semana 31 · 30/08 a 05/09,MATILDE VIEIRA - 14679,Ajuste de Desigualdades,0.524095625,numero
data (4).xlsx,31,Semana 31 · 30/08 a 05/09,MATILDE VIEIRA - 14679,Aluno Presente,0.8437741985442155,numero
data (4).xlsx,31,Semana 31 · 30/08 a 05/09,MATILDE VIEIRA - 14679,Apoio Presencial,3.0,numero
data (4).xlsx,31,Semana 31 · 30/08 a 05/09,MATILDE VIEIRA - 14679,Farol SARESP,3.0,numero
data (4).xlsx,31,Semana 31 · 30/08 a 05/09,MATILDE VIEIRA - 14679,Nota Final,6.813810729360752,numero
data (4).xlsx,31,Semana 31 · 30/08 a 05/09,MATILDE VIEIRA - 14679,Professor Presente,0.9844961240310077,numero
data (4).xlsx,31,Semana 31 · 30/08 a 05/09,MATILDE VIEIRA - 14679,Qualidade Educacional,6.710000000000001,numero
data (4).xlsx,31,Semana 31 · 30/08 a 05/09,MATILDE VIEIRA - 14679,SARESP 2025,4.2,numero
data (4).xlsx,31,Semana 31 · 30/08 a 05/09,MATILDE VIEIRA - 14679,SARESP Equidade Nota Super BI,0.0,numero
data (4).xlsx,31,Semana 31 · 30/08 a 05/09,MATILDE VIEIRA - 14679,SARESP Nota Super BI,5.5,numero
data (4).xlsx,31,Semana 31 · 30/08 a 05/09,MATILDE VIEIRA - 14679,Tarefa SP,7.683969791445532,numero
data (4).xlsx,31,Semana 31 · 30/08 a 05/09,PAULO ARAUJO NOVAES DOUTOR - 14461,(%) Adesão ENEM,0.9666666666666667,percentual
data (4).xlsx,31,Semana 31 · 30/08 a 05/09,PAULO ARAUJO NOVAES DOUTOR - 14461,Ajuste de Desigualdades,0.587323125,numero
data (4).xlsx,31,Semana 31 · 30/08 a 05/09,PAULO ARAUJO NOVAES DOUTOR - 14461,Aluno Presente,0.8719550437771255,numero
data (4).xlsx,31,Semana 31 · 30/08 a 05/09,PAULO ARAUJO NOVAES DOUTOR - 14461,Apoio Presencial,3.0,numero
data (4).xlsx,31,Semana 31 · 30/08 a 05/09,PAULO ARAUJO NOVAES DOUTOR - 14461,Farol SARESP,1.0,numero
data (4).xlsx,31,Semana 31 · 30/08 a 05/09,PAULO ARAUJO NOVAES DOUTOR - 14461,Nota Final,7.522729014986292,numero
data (4).xlsx,31,Semana 31 · 30/08 a 05/09,PAULO ARAUJO NOVAES DOUTOR - 14461,Professor Presente,0.937636761487965,numero
data (4).xlsx,31,Semana 31 · 30/08 a 05/09,PAULO ARAUJO NOVAES DOUTOR - 14461,Qualidade Educacional,5.64,numero
data (4).xlsx,31,Semana 31 · 30/08 a 05/09,PAULO ARAUJO NOVAES DOUTOR - 14461,SARESP 2025,4.4,numero
data (4).xlsx,31,Semana 31 · 30/08 a 05/09,PAULO ARAUJO NOVAES DOUTOR - 14461,SARESP Equidade Nota Super BI,6.35,numero
data (4).xlsx,31,Semana 31 · 30/08 a 05/09,PAULO ARAUJO NOVAES DOUTOR - 14461,SARESP Nota Super BI,7.5,numero
data (4).xlsx,31,Semana 31 · 30/08 a 05/09,PAULO ARAUJO NOVAES DOUTOR - 14461,Tarefa SP,7.450271846541737,numero
data (4).xlsx,31,Semana 31 · 30/08 a 05/09,PAULO DELICIO - 14515,(%) Adesão ENEM,0.9375,percentual
data (4).xlsx,31,Semana 31 · 30/08 a 05/09,PAULO DELICIO - 14515,Ajuste de Desigualdades,0.512821875,numero
data (4).xlsx,31,Semana 31 · 30/08 a 05/09,PAULO DELICIO - 14515,Aluno Presente,0.8399699120868789,numero
data (4).xlsx,31,Semana 31 · 30/08 a 05/09,PAULO DELICIO - 14515,Apoio Presencial,2.25,numero
data (4).xlsx,31,Semana 31 · 30/08 a 05/09,PAULO DELICIO - 14515,Farol SARESP,3.0,numero
data (4).xlsx,31,Semana 31 · 30/08 a 05/09,PAULO DELICIO - 14515,Nota Final,6.355429221407329,numero
data (4).xlsx,31,Semana 31 · 30/08 a 05/09,PAULO DELICIO - 14515,Professor Presente,0.9488372093023256,numero
data (4).xlsx,31,Semana 31 · 30/08 a 05/09,PAULO DELICIO - 14515,Qualidade Educacional,5.23,numero
data (4).xlsx,31,Semana 31 · 30/08 a 05/09,PAULO DELICIO - 14515,SARESP 2025,4.4,numero
data (4).xlsx,31,Semana 31 · 30/08 a 05/09,PAULO DELICIO - 14515,SARESP Equidade Nota Super BI,0.0,numero
data (4).xlsx,31,Semana 31 · 30/08 a 05/09,PAULO DELICIO - 14515,SARESP Nota Super BI,7.0,numero
data (4).xlsx,31,Semana 31 · 30/08 a 05/09,PAULO DELICIO - 14515,Tarefa SP,8.014152583909377,numero
data (4).xlsx,31,Semana 31 · 30/08 a 05/09,PEDRO BENTO ALVES - 14503,(%) Adesão ENEM,0.9206349206349206,percentual
data (4).xlsx,31,Semana 31 · 30/08 a 05/09,PEDRO BENTO ALVES - 14503,Ajuste de Desigualdades,0.571585625,numero
data (4).xlsx,31,Semana 31 · 30/08 a 05/09,PEDRO BENTO ALVES - 14503,Aluno Presente,0.8718639262934089,numero
data (4).xlsx,31,Semana 31 · 30/08 a 05/09,PEDRO BENTO ALVES - 14503,Apoio Presencial,2.75,numero
data (4).xlsx,31,Semana 31 · 30/08 a 05/09,PEDRO BENTO ALVES - 14503,Farol SARESP,4.0,numero
data (4).xlsx,31,Semana 31 · 30/08 a 05/09,PEDRO BENTO ALVES - 14503,Nota Final,7.112467418645772,numero
data (4).xlsx,31,Semana 31 · 30/08 a 05/09,PEDRO BENTO ALVES - 14503,Professor Presente,0.9362745098039216,numero
data (4).xlsx,31,Semana 31 · 30/08 a 05/09,PEDRO BENTO ALVES - 14503,Qualidade Educacional,6.719999999999999,numero
data (4).xlsx,31,Semana 31 · 30/08 a 05/09,PEDRO BENTO ALVES - 14503,SARESP 2025,4.0,numero
data (4).xlsx,31,Semana 31 · 30/08 a 05/09,PEDRO BENTO ALVES - 14503,SARESP Equidade Nota Super BI,2.125,numero
data (4).xlsx,31,Semana 31 · 30/08 a 05/09,PEDRO BENTO ALVES - 14503,SARESP Nota Super BI,6.0,numero
data (4).xlsx,31,Semana 31 · 30/08 a 05/09,PEDRO BENTO ALVES - 14503,Tarefa SP,9.13672542312008,numero
data (4).xlsx,31,Semana 31 · 30/08 a 05/09,PROFESSORA MARIANA APARECIDA TODESCATO - 191516,(%) Adesão ENEM,0.875,percentual
data (4).xlsx,31,Semana 31 · 30/08 a 05/09,PROFESSORA MARIANA APARECIDA TODESCATO - 191516,Ajuste de Desigualdades,0.5389087499999999,numero
data (4).xlsx,31,Semana 31 · 30/08 a 05/09,PROFESSORA MARIANA APARECIDA TODESCATO - 191516,Aluno Presente,0.8864548313631927,numero
data (4).xlsx,31,Semana 31 · 30/08 a 05/09,PROFESSORA MARIANA APARECIDA TODESCATO - 191516,Apoio Presencial,3.0,numero
data (4).xlsx,31,Semana 31 · 30/08 a 05/09,PROFESSORA MARIANA APARECIDA TODESCATO - 191516,Farol SARESP,4.0,numero
data (4).xlsx,31,Semana 31 · 30/08 a 05/09,PROFESSORA MARIANA APARECIDA TODESCATO - 191516,Nota Final,8.258966771840738,numero
data (4).xlsx,31,Semana 31 · 30/08 a 05/09,PROFESSORA MARIANA APARECIDA TODESCATO - 191516,Professor Presente,0.9607843137254902,numero
data (4).xlsx,31,Semana 31 · 30/08 a 05/09,PROFESSORA MARIANA APARECIDA TODESCATO - 191516,Qualidade Educacional,6.37,numero
data (4).xlsx,31,Semana 31 · 30/08 a 05/09,PROFESSORA MARIANA APARECIDA TODESCATO - 191516,SARESP 2025,4.8,numero
data (4).xlsx,31,Semana 31 · 30/08 a 05/09,PROFESSORA MARIANA APARECIDA TODESCATO - 191516,SARESP Equidade Nota Super BI,5.65,numero
data (4).xlsx,31,Semana 31 · 30/08 a 05/09,PROFESSORA MARIANA APARECIDA TODESCATO - 191516,SARESP Nota Super BI,8.5,numero
data (4).xlsx,31,Semana 31 · 30/08 a 05/09,PROFESSORA MARIANA APARECIDA TODESCATO - 191516,Tarefa SP,9.301460035548406,numero
data (4).xlsx,31,Semana 31 · 30/08 a 05/09,SANDRA APARECIDA DE ARAUJO PROFESSORA - 924337,(%) Adesão ENEM,0.9473684210526315,percentual
data (4).xlsx,31,Semana 31 · 30/08 a 05/09,SANDRA APARECIDA DE ARAUJO PROFESSORA - 924337,Ajuste de Desigualdades,0.5426887499999999,numero
data (4).xlsx,31,Semana 31 · 30/08 a 05/09,SANDRA APARECIDA DE ARAUJO PROFESSORA - 924337,Aluno Presente,0.8682678311499272,numero
data (4).xlsx,31,Semana 31 · 30/08 a 05/09,SANDRA APARECIDA DE ARAUJO PROFESSORA - 924337,Apoio Presencial,3.0,numero
data (4).xlsx,31,Semana 31 · 30/08 a 05/09,SANDRA APARECIDA DE ARAUJO PROFESSORA - 924337,Farol SARESP,2.0,numero
data (4).xlsx,31,Semana 31 · 30/08 a 05/09,SANDRA APARECIDA DE ARAUJO PROFESSORA - 924337,Nota Final,7.538629751700029,numero
data (4).xlsx,31,Semana 31 · 30/08 a 05/09,SANDRA APARECIDA DE ARAUJO PROFESSORA - 924337,Professor Presente,0.9881796690307328,numero
data (4).xlsx,31,Semana 31 · 30/08 a 05/09,SANDRA APARECIDA DE ARAUJO PROFESSORA - 924337,Qualidade Educacional,6.75,numero
data (4).xlsx,31,Semana 31 · 30/08 a 05/09,SANDRA APARECIDA DE ARAUJO PROFESSORA - 924337,SARESP 2025,4.3,numero
data (4).xlsx,31,Semana 31 · 30/08 a 05/09,SANDRA APARECIDA DE ARAUJO PROFESSORA - 924337,SARESP Equidade Nota Super BI,0.0,numero
data (4).xlsx,31,Semana 31 · 30/08 a 05/09,SANDRA APARECIDA DE ARAUJO PROFESSORA - 924337,SARESP Nota Super BI,7.0,numero
data (4).xlsx,31,Semana 31 · 30/08 a 05/09,SANDRA APARECIDA DE ARAUJO PROFESSORA - 924337,Tarefa SP,9.430163409136668,numero
data (4).xlsx,31,Semana 31 · 30/08 a 05/09,Total (planilha),(%) Adesão ENEM,0.9210097719869706,percentual
data (4).xlsx,31,Semana 31 · 30/08 a 05/09,Total (planilha),Ajuste de Desigualdades,0.5550327256315788,numero
data (4).xlsx,31,Semana 31 · 30/08 a 05/09,Total (planilha),Aluno Presente,0.8808515605503184,numero
data (4).xlsx,31,Semana 31 · 30/08 a 05/09,Total (planilha),Apoio Presencial,3.0,numero
data (4).xlsx,31,Semana 31 · 30/08 a 05/09,Total (planilha),Nota Final,7.573027430820169,numero
data (4).xlsx,31,Semana 31 · 30/08 a 05/09,Total (planilha),Professor Presente,0.9416853325094616,numero
data (4).xlsx,31,Semana 31 · 30/08 a 05/09,Total (planilha),Qualidade Educacional,6.983913043478262,numero
data (4).xlsx,31,Semana 31 · 30/08 a 05/09,Total (planilha),SARESP 2025,4.3,numero
data (4).xlsx,31,Semana 31 · 30/08 a 05/09,Total (planilha),SARESP Equidade Nota Super BI,3.262318419523533,numero
data (4).xlsx,31,Semana 31 · 30/08 a 05/09,Total (planilha),SARESP Nota Super BI,6.5,numero
data (4).xlsx,31,Semana 31 · 30/08 a 05/09,Total (planilha),Tarefa SP,9.410656980555782,numero
data (3).xlsx,32,Semana 32 · 06/09 a 12/09,ABILIO RAPOSO FERRAZ JUNIOR - 903188,(%) Adesão ENEM,1.0,percentual
data (3).xlsx,32,Semana 32 · 06/09 a 12/09,ABILIO RAPOSO FERRAZ JUNIOR - 903188,Ajuste de Desigualdades,0.58763375,numero
data (3).xlsx,32,Semana 32 · 06/09 a 12/09,ABILIO RAPOSO FERRAZ JUNIOR - 903188,Aluno Presente,0.8627030504476492,numero
data (3).xlsx,32,Semana 32 · 06/09 a 12/09,ABILIO RAPOSO FERRAZ JUNIOR - 903188,Apoio Presencial,2.5,numero
data (3).xlsx,32,Semana 32 · 06/09 a 12/09,ABILIO RAPOSO FERRAZ JUNIOR - 903188,Farol SARESP,3.0,numero
data (3).xlsx,32,Semana 32 · 06/09 a 12/09,ABILIO RAPOSO FERRAZ JUNIOR - 903188,Nota Final,7.1505311239982845,numero
data (3).xlsx,32,Semana 32 · 06/09 a 12/09,ABILIO RAPOSO FERRAZ JUNIOR - 903188,Professor Presente,0.9686847599164927,numero
data (3).xlsx,32,Semana 32 · 06/09 a 12/09,ABILIO RAPOSO FERRAZ JUNIOR - 903188,Qualidade Educacional,9.01,numero
data (3).xlsx,32,Semana 32 · 06/09 a 12/09,ABILIO RAPOSO FERRAZ JUNIOR - 903188,SARESP 2025,3.9,numero
data (3).xlsx,32,Semana 32 · 06/09 a 12/09,ABILIO RAPOSO FERRAZ JUNIOR - 903188,SARESP Equidade Nota Super BI,0.0,numero
data (3).xlsx,32,Semana 32 · 06/09 a 12/09,ABILIO RAPOSO FERRAZ JUNIOR - 903188,SARESP Nota Super BI,3.75,numero
data (3).xlsx,32,Semana 32 · 06/09 a 12/09,ABILIO RAPOSO FERRAZ JUNIOR - 903188,Tarefa SP,9.774604305314236,numero
data (3).xlsx,32,Semana 32 · 06/09 a 12/09,ASSENTAMENTO ZUMBI DOS PALMARES - 566032,(%) Adesão ENEM,1.0,percentual
data (3).xlsx,32,Semana 32 · 06/09 a 12/09,ASSENTAMENTO ZUMBI DOS PALMARES - 566032,Ajuste de Desigualdades,0.948979375,numero
data (3).xlsx,32,Semana 32 · 06/09 a 12/09,ASSENTAMENTO ZUMBI DOS PALMARES - 566032,Aluno Presente,0.9266375545851528,numero
data (3).xlsx,32,Semana 32 · 06/09 a 12/09,ASSENTAMENTO ZUMBI DOS PALMARES - 566032,Nota Final,7.6156460416666665,numero
data (3).xlsx,32,Semana 32 · 06/09 a 12/09,ASSENTAMENTO ZUMBI DOS PALMARES - 566032,Professor Presente,0.6538461538461539,numero
data (3).xlsx,32,Semana 32 · 06/09 a 12/09,ASSENTAMENTO ZUMBI DOS PALMARES - 566032,Tarefa SP,10.0,numero
data (3).xlsx,32,Semana 32 · 06/09 a 12/09,AVELINO APARECIDO RIBEIRO DOUTOR - 14552,(%) Adesão ENEM,0.9411764705882353,percentual
data (3).xlsx,32,Semana 32 · 06/09 a 12/09,AVELINO APARECIDO RIBEIRO DOUTOR - 14552,Ajuste de Desigualdades,0.766949375,numero
data (3).xlsx,32,Semana 32 · 06/09 a 12/09,AVELINO APARECIDO RIBEIRO DOUTOR - 14552,Aluno Presente,0.8593336858804865,numero
data (3).xlsx,32,Semana 32 · 06/09 a 12/09,AVELINO APARECIDO RIBEIRO DOUTOR - 14552,Apoio Presencial,1.6666666666666667,numero
data (3).xlsx,32,Semana 32 · 06/09 a 12/09,AVELINO APARECIDO RIBEIRO DOUTOR - 14552,Farol SARESP,4.0,numero
data (3).xlsx,32,Semana 32 · 06/09 a 12/09,AVELINO APARECIDO RIBEIRO DOUTOR - 14552,Nota Final,6.149713735009063,numero
data (3).xlsx,32,Semana 32 · 06/09 a 12/09,AVELINO APARECIDO RIBEIRO DOUTOR - 14552,Professor Presente,0.75,numero
data (3).xlsx,32,Semana 32 · 06/09 a 12/09,AVELINO APARECIDO RIBEIRO DOUTOR - 14552,Qualidade Educacional,5.99,numero
data (3).xlsx,32,Semana 32 · 06/09 a 12/09,AVELINO APARECIDO RIBEIRO DOUTOR - 14552,SARESP 2025,2.9,numero
data (3).xlsx,32,Semana 32 · 06/09 a 12/09,AVELINO APARECIDO RIBEIRO DOUTOR - 14552,SARESP Nota Super BI,3.3333000000000004,numero
data (3).xlsx,32,Semana 32 · 06/09 a 12/09,AVELINO APARECIDO RIBEIRO DOUTOR - 14552,Tarefa SP,10.0,numero
data (3).xlsx,32,Semana 32 · 06/09 a 12/09,BENE ANDRADE DONA - 14631,(%) Adesão ENEM,0.9615384615384616,percentual
data (3).xlsx,32,Semana 32 · 06/09 a 12/09,BENE ANDRADE DONA - 14631,Ajuste de Desigualdades,0.5545574999999999,numero
data (3).xlsx,32,Semana 32 · 06/09 a 12/09,BENE ANDRADE DONA - 14631,Aluno Presente,0.8699293378696676,numero
data (3).xlsx,32,Semana 32 · 06/09 a 12/09,BENE ANDRADE DONA - 14631,Apoio Presencial,2.25,numero
data (3).xlsx,32,Semana 32 · 06/09 a 12/09,BENE ANDRADE DONA - 14631,Farol SARESP,2.0,numero
data (3).xlsx,32,Semana 32 · 06/09 a 12/09,BENE ANDRADE DONA - 14631,Nota Final,7.896805925486088,numero
data (3).xlsx,32,Semana 32 · 06/09 a 12/09,BENE ANDRADE DONA - 14631,Professor Presente,0.9821428571428571,numero
data (3).xlsx,32,Semana 32 · 06/09 a 12/09,BENE ANDRADE DONA - 14631,Qualidade Educacional,7.199999999999999,numero
data (3).xlsx,32,Semana 32 · 06/09 a 12/09,BENE ANDRADE DONA - 14631,SARESP 2025,3.9,numero
data (3).xlsx,32,Semana 32 · 06/09 a 12/09,BENE ANDRADE DONA - 14631,SARESP Equidade Nota Super BI,10.0,numero
data (3).xlsx,32,Semana 32 · 06/09 a 12/09,BENE ANDRADE DONA - 14631,SARESP Nota Super BI,5.0,numero
data (3).xlsx,32,Semana 32 · 06/09 a 12/09,BENE ANDRADE DONA - 14631,Tarefa SP,7.215196032307315,numero
data (3).xlsx,32,Semana 32 · 06/09 a 12/09,CELSO FERREIRA DA SILVA PROFESSOR - 918489,Ajuste de Desigualdades,0.470021875,numero
data (3).xlsx,32,Semana 32 · 06/09 a 12/09,CELSO FERREIRA DA SILVA PROFESSOR - 918489,Aluno Presente,0.8725549202527836,numero
data (3).xlsx,32,Semana 32 · 06/09 a 12/09,CELSO FERREIRA DA SILVA PROFESSOR - 918489,Apoio Presencial,2.6666666666666665,numero
data (3).xlsx,32,Semana 32 · 06/09 a 12/09,CELSO FERREIRA DA SILVA PROFESSOR - 918489,Farol SARESP,2.0,numero
data (3).xlsx,32,Semana 32 · 06/09 a 12/09,CELSO FERREIRA DA SILVA PROFESSOR - 918489,Nota Final,5.5918836643674465,numero
data (3).xlsx,32,Semana 32 · 06/09 a 12/09,CELSO FERREIRA DA SILVA PROFESSOR - 918489,Professor Presente,0.7575757575757576,numero
data (3).xlsx,32,Semana 32 · 06/09 a 12/09,CELSO FERREIRA DA SILVA PROFESSOR - 918489,Qualidade Educacional,6.1899999999999995,numero
data (3).xlsx,32,Semana 32 · 06/09 a 12/09,CELSO FERREIRA DA SILVA PROFESSOR - 918489,SARESP 2025,4.8,numero
data (3).xlsx,32,Semana 32 · 06/09 a 12/09,CELSO FERREIRA DA SILVA PROFESSOR - 918489,SARESP Equidade Nota Super BI,0.0,numero
data (3).xlsx,32,Semana 32 · 06/09 a 12/09,CELSO FERREIRA DA SILVA PROFESSOR - 918489,SARESP Nota Super BI,5.5,numero
data (3).xlsx,32,Semana 32 · 06/09 a 12/09,CELSO FERREIRA DA SILVA PROFESSOR - 918489,Tarefa SP,9.074895465987685,numero
data (3).xlsx,32,Semana 32 · 06/09 a 12/09,COTA LEONEL DONA - 905185,(%) Adesão ENEM,0.9487179487179487,percentual
data (3).xlsx,32,Semana 32 · 06/09 a 12/09,COTA LEONEL DONA - 905185,Ajuste de Desigualdades,0.544470625,numero
data (3).xlsx,32,Semana 32 · 06/09 a 12/09,COTA LEONEL DONA - 905185,Aluno Presente,0.8333333333333334,numero
data (3).xlsx,32,Semana 32 · 06/09 a 12/09,COTA LEONEL DONA - 905185,Apoio Presencial,0.3333333333333333,numero
data (3).xlsx,32,Semana 32 · 06/09 a 12/09,COTA LEONEL DONA - 905185,Farol SARESP,2.0,numero
data (3).xlsx,32,Semana 32 · 06/09 a 12/09,COTA LEONEL DONA - 905185,Nota Final,5.995959049504126,numero
data (3).xlsx,32,Semana 32 · 06/09 a 12/09,COTA LEONEL DONA - 905185,Professor Presente,0.9233333333333333,numero
data (3).xlsx,32,Semana 32 · 06/09 a 12/09,COTA LEONEL DONA - 905185,Qualidade Educacional,6.26,numero
data (3).xlsx,32,Semana 32 · 06/09 a 12/09,COTA LEONEL DONA - 905185,SARESP 2025,4.5,numero
data (3).xlsx,32,Semana 32 · 06/09 a 12/09,COTA LEONEL DONA - 905185,SARESP Equidade Nota Super BI,0.025000000000000005,numero
data (3).xlsx,32,Semana 32 · 06/09 a 12/09,COTA LEONEL DONA - 905185,SARESP Nota Super BI,7.0,numero
data (3).xlsx,32,Semana 32 · 06/09 a 12/09,COTA LEONEL DONA - 905185,Tarefa SP,7.8859649992301115,numero
data (3).xlsx,32,Semana 32 · 06/09 a 12/09,DIMAS MOZART E SILVA PROFESSOR - 900424,(%) Adesão ENEM,1.0,percentual
data (3).xlsx,32,Semana 32 · 06/09 a 12/09,DIMAS MOZART E SILVA PROFESSOR - 900424,Ajuste de Desigualdades,0.5254106249999999,numero
data (3).xlsx,32,Semana 32 · 06/09 a 12/09,DIMAS MOZART E SILVA PROFESSOR - 900424,Aluno Presente,0.8859238314040824,numero
data (3).xlsx,32,Semana 32 · 06/09 a 12/09,DIMAS MOZART E SILVA PROFESSOR - 900424,Apoio Presencial,3.0,numero
data (3).xlsx,32,Semana 32 · 06/09 a 12/09,DIMAS MOZART E SILVA PROFESSOR - 900424,Farol SARESP,4.0,numero
data (3).xlsx,32,Semana 32 · 06/09 a 12/09,DIMAS MOZART E SILVA PROFESSOR - 900424,Nota Final,8.459841400114914,numero
data (3).xlsx,32,Semana 32 · 06/09 a 12/09,DIMAS MOZART E SILVA PROFESSOR - 900424,Professor Presente,0.9904761904761905,numero
data (3).xlsx,32,Semana 32 · 06/09 a 12/09,DIMAS MOZART E SILVA PROFESSOR - 900424,Qualidade Educacional,8.12,numero
data (3).xlsx,32,Semana 32 · 06/09 a 12/09,DIMAS MOZART E SILVA PROFESSOR - 900424,SARESP 2025,4.6,numero
data (3).xlsx,32,Semana 32 · 06/09 a 12/09,DIMAS MOZART E SILVA PROFESSOR - 900424,SARESP Equidade Nota Super BI,2.95,numero
data (3).xlsx,32,Semana 32 · 06/09 a 12/09,DIMAS MOZART E SILVA PROFESSOR - 900424,SARESP Nota Super BI,7.5,numero
data (3).xlsx,32,Semana 32 · 06/09 a 12/09,DIMAS MOZART E SILVA PROFESSOR - 900424,Tarefa SP,10.0,numero
data (3).xlsx,32,Semana 32 · 06/09 a 12/09,EMILIO IMMOOS PADRE - 45226,Ajuste de Desigualdades,0.55166125,numero
data (3).xlsx,32,Semana 32 · 06/09 a 12/09,EMILIO IMMOOS PADRE - 45226,Aluno Presente,0.902083511960902,numero
data (3).xlsx,32,Semana 32 · 06/09 a 12/09,EMILIO IMMOOS PADRE - 45226,Apoio Presencial,3.0,numero
data (3).xlsx,32,Semana 32 · 06/09 a 12/09,EMILIO IMMOOS PADRE - 45226,Farol SARESP,1.0,numero
data (3).xlsx,32,Semana 32 · 06/09 a 12/09,EMILIO IMMOOS PADRE - 45226,Nota Final,9.019585441523278,numero
data (3).xlsx,32,Semana 32 · 06/09 a 12/09,EMILIO IMMOOS PADRE - 45226,Professor Presente,0.9731543624161074,numero
data (3).xlsx,32,Semana 32 · 06/09 a 12/09,EMILIO IMMOOS PADRE - 45226,Qualidade Educacional,7.65,numero
data (3).xlsx,32,Semana 32 · 06/09 a 12/09,EMILIO IMMOOS PADRE - 45226,SARESP 2025,4.8,numero
data (3).xlsx,32,Semana 32 · 06/09 a 12/09,EMILIO IMMOOS PADRE - 45226,SARESP Equidade Nota Super BI,7.725,numero
data (3).xlsx,32,Semana 32 · 06/09 a 12/09,EMILIO IMMOOS PADRE - 45226,SARESP Nota Super BI,8.5,numero
data (3).xlsx,32,Semana 32 · 06/09 a 12/09,EMILIO IMMOOS PADRE - 45226,Tarefa SP,10.0,numero
data (3).xlsx,32,Semana 32 · 06/09 a 12/09,ERUCE PAULUCCI PROFESSOR - 914484,Ajuste de Desigualdades,0.732520625,numero
data (3).xlsx,32,Semana 32 · 06/09 a 12/09,ERUCE PAULUCCI PROFESSOR - 914484,Aluno Presente,0.8153927068723703,numero
data (3).xlsx,32,Semana 32 · 06/09 a 12/09,ERUCE PAULUCCI PROFESSOR - 914484,Apoio Presencial,2.25,numero
data (3).xlsx,32,Semana 32 · 06/09 a 12/09,ERUCE PAULUCCI PROFESSOR - 914484,Farol SARESP,2.0,numero
data (3).xlsx,32,Semana 32 · 06/09 a 12/09,ERUCE PAULUCCI PROFESSOR - 914484,Nota Final,5.315164507611055,numero
data (3).xlsx,32,Semana 32 · 06/09 a 12/09,ERUCE PAULUCCI PROFESSOR - 914484,Professor Presente,0.7847222222222222,numero
data (3).xlsx,32,Semana 32 · 06/09 a 12/09,ERUCE PAULUCCI PROFESSOR - 914484,Qualidade Educacional,5.620000000000001,numero
data (3).xlsx,32,Semana 32 · 06/09 a 12/09,ERUCE PAULUCCI PROFESSOR - 914484,SARESP 2025,4.1,numero
data (3).xlsx,32,Semana 32 · 06/09 a 12/09,ERUCE PAULUCCI PROFESSOR - 914484,SARESP Equidade Nota Super BI,1.625,numero
data (3).xlsx,32,Semana 32 · 06/09 a 12/09,ERUCE PAULUCCI PROFESSOR - 914484,SARESP Nota Super BI,6.0,numero
data (3).xlsx,32,Semana 32 · 06/09 a 12/09,ERUCE PAULUCCI PROFESSOR - 914484,Tarefa SP,7.010094491906132,numero
data (3).xlsx,32,Semana 32 · 06/09 a 12/09,GUIDO DIAS DE ALMEIDA PROFESSOR - 910119,(%) Adesão ENEM,0.6027397260273972,percentual
data (3).xlsx,32,Semana 32 · 06/09 a 12/09,GUIDO DIAS DE ALMEIDA PROFESSOR - 910119,Ajuste de Desigualdades,0.50009125,numero
data (3).xlsx,32,Semana 32 · 06/09 a 12/09,GUIDO DIAS DE ALMEIDA PROFESSOR - 910119,Aluno Presente,0.8473584735847358,numero
data (3).xlsx,32,Semana 32 · 06/09 a 12/09,GUIDO DIAS DE ALMEIDA PROFESSOR - 910119,Apoio Presencial,3.0,numero
data (3).xlsx,32,Semana 32 · 06/09 a 12/09,GUIDO DIAS DE ALMEIDA PROFESSOR - 910119,Farol SARESP,4.0,numero
data (3).xlsx,32,Semana 32 · 06/09 a 12/09,GUIDO DIAS DE ALMEIDA PROFESSOR - 910119,Nota Final,5.829037788214623,numero
data (3).xlsx,32,Semana 32 · 06/09 a 12/09,GUIDO DIAS DE ALMEIDA PROFESSOR - 910119,Professor Presente,0.8816793893129771,numero
data (3).xlsx,32,Semana 32 · 06/09 a 12/09,GUIDO DIAS DE ALMEIDA PROFESSOR - 910119,Qualidade Educacional,7.08,numero
data (3).xlsx,32,Semana 32 · 06/09 a 12/09,GUIDO DIAS DE ALMEIDA PROFESSOR - 910119,SARESP 2025,3.7,numero
data (3).xlsx,32,Semana 32 · 06/09 a 12/09,GUIDO DIAS DE ALMEIDA PROFESSOR - 910119,SARESP Equidade Nota Super BI,4.3,numero
data (3).xlsx,32,Semana 32 · 06/09 a 12/09,GUIDO DIAS DE ALMEIDA PROFESSOR - 910119,SARESP Nota Super BI,1.25,numero
data (3).xlsx,32,Semana 32 · 06/09 a 12/09,GUIDO DIAS DE ALMEIDA PROFESSOR - 910119,Tarefa SP,9.79471619872407,numero
data (3).xlsx,32,Semana 32 · 06/09 a 12/09,JOAO CRUZ CORONEL - 14497,(%) Adesão ENEM,0.9094827586206896,percentual
data (3).xlsx,32,Semana 32 · 06/09 a 12/09,JOAO CRUZ CORONEL - 14497,Ajuste de Desigualdades,0.5885787499999999,numero
data (3).xlsx,32,Semana 32 · 06/09 a 12/09,JOAO CRUZ CORONEL - 14497,Aluno Presente,0.9105664368822264,numero
data (3).xlsx,32,Semana 32 · 06/09 a 12/09,JOAO CRUZ CORONEL - 14497,Apoio Presencial,3.0,numero
data (3).xlsx,32,Semana 32 · 06/09 a 12/09,JOAO CRUZ CORONEL - 14497,Farol SARESP,3.0,numero
data (3).xlsx,32,Semana 32 · 06/09 a 12/09,JOAO CRUZ CORONEL - 14497,Nota Final,7.6281744139945395,numero
data (3).xlsx,32,Semana 32 · 06/09 a 12/09,JOAO CRUZ CORONEL - 14497,Professor Presente,0.9126506024096386,numero
data (3).xlsx,32,Semana 32 · 06/09 a 12/09,JOAO CRUZ CORONEL - 14497,Qualidade Educacional,7.039999999999999,numero
data (3).xlsx,32,Semana 32 · 06/09 a 12/09,JOAO CRUZ CORONEL - 14497,SARESP 2025,4.1,numero
data (3).xlsx,32,Semana 32 · 06/09 a 12/09,JOAO CRUZ CORONEL - 14497,SARESP Equidade Nota Super BI,5.25,numero
data (3).xlsx,32,Semana 32 · 06/09 a 12/09,JOAO CRUZ CORONEL - 14497,SARESP Nota Super BI,6.5,numero
data (3).xlsx,32,Semana 32 · 06/09 a 12/09,JOAO CRUZ CORONEL - 14497,Tarefa SP,6.993449793101032,numero
data (3).xlsx,32,Semana 32 · 06/09 a 12/09,JOAO MICHELIN - 14485,(%) Adesão ENEM,1.0,percentual
data (3).xlsx,32,Semana 32 · 06/09 a 12/09,JOAO MICHELIN - 14485,Ajuste de Desigualdades,0.445920625,numero
data (3).xlsx,32,Semana 32 · 06/09 a 12/09,JOAO MICHELIN - 14485,Aluno Presente,0.779534777128452,numero
data (3).xlsx,32,Semana 32 · 06/09 a 12/09,JOAO MICHELIN - 14485,Apoio Presencial,3.0,numero
data (3).xlsx,32,Semana 32 · 06/09 a 12/09,JOAO MICHELIN - 14485,Farol SARESP,2.0,numero
data (3).xlsx,32,Semana 32 · 06/09 a 12/09,JOAO MICHELIN - 14485,Nota Final,6.883062322070692,numero
data (3).xlsx,32,Semana 32 · 06/09 a 12/09,JOAO MICHELIN - 14485,Professor Presente,0.9619047619047619,numero
data (3).xlsx,32,Semana 32 · 06/09 a 12/09,JOAO MICHELIN - 14485,Qualidade Educacional,7.030000000000001,numero
data (3).xlsx,32,Semana 32 · 06/09 a 12/09,JOAO MICHELIN - 14485,SARESP 2025,4.6,numero
data (3).xlsx,32,Semana 32 · 06/09 a 12/09,JOAO MICHELIN - 14485,SARESP Equidade Nota Super BI,6.4,numero
data (3).xlsx,32,Semana 32 · 06/09 a 12/09,JOAO MICHELIN - 14485,SARESP Nota Super BI,5.5,numero
data (3).xlsx,32,Semana 32 · 06/09 a 12/09,JOAO MICHELIN - 14485,Tarefa SP,10.0,numero
data (3).xlsx,32,Semana 32 · 06/09 a 12/09,JOAO TEIXEIRA DE ARAUJO PROFESSOR - 14588,(%) Adesão ENEM,0.9814814814814815,percentual
data (3).xlsx,32,Semana 32 · 06/09 a 12/09,JOAO TEIXEIRA DE ARAUJO PROFESSOR - 14588,Ajuste de Desigualdades,0.543636875,numero
data (3).xlsx,32,Semana 32 · 06/09 a 12/09,JOAO TEIXEIRA DE ARAUJO PROFESSOR - 14588,Aluno Presente,0.9088541666666666,numero
data (3).xlsx,32,Semana 32 · 06/09 a 12/09,JOAO TEIXEIRA DE ARAUJO PROFESSOR - 14588,Apoio Presencial,2.25,numero
data (3).xlsx,32,Semana 32 · 06/09 a 12/09,JOAO TEIXEIRA DE ARAUJO PROFESSOR - 14588,Farol SARESP,3.0,numero
data (3).xlsx,32,Semana 32 · 06/09 a 12/09,JOAO TEIXEIRA DE ARAUJO PROFESSOR - 14588,Nota Final,7.020053516046334,numero
data (3).xlsx,32,Semana 32 · 06/09 a 12/09,JOAO TEIXEIRA DE ARAUJO PROFESSOR - 14588,Professor Presente,0.9322033898305084,numero
data (3).xlsx,32,Semana 32 · 06/09 a 12/09,JOAO TEIXEIRA DE ARAUJO PROFESSOR - 14588,Qualidade Educacional,7.3,numero
data (3).xlsx,32,Semana 32 · 06/09 a 12/09,JOAO TEIXEIRA DE ARAUJO PROFESSOR - 14588,SARESP 2025,4.0,numero
data (3).xlsx,32,Semana 32 · 06/09 a 12/09,JOAO TEIXEIRA DE ARAUJO PROFESSOR - 14588,SARESP Equidade Nota Super BI,0.0,numero
data (3).xlsx,32,Semana 32 · 06/09 a 12/09,JOAO TEIXEIRA DE ARAUJO PROFESSOR - 14588,SARESP Nota Super BI,5.5,numero
data (3).xlsx,32,Semana 32 · 06/09 a 12/09,JOAO TEIXEIRA DE ARAUJO PROFESSOR - 14588,Tarefa SP,8.120608280031954,numero
data (3).xlsx,32,Semana 32 · 06/09 a 12/09,JOSE APARECIDO CASTELUCCI PROFESSOR - 49888,(%) Adesão ENEM,1.0,percentual
data (3).xlsx,32,Semana 32 · 06/09 a 12/09,JOSE APARECIDO CASTELUCCI PROFESSOR - 49888,Ajuste de Desigualdades,0.533184375,numero
data (3).xlsx,32,Semana 32 · 06/09 a 12/09,JOSE APARECIDO CASTELUCCI PROFESSOR - 49888,Aluno Presente,0.9323122529644269,numero
data (3).xlsx,32,Semana 32 · 06/09 a 12/09,JOSE APARECIDO CASTELUCCI PROFESSOR - 49888,Apoio Presencial,3.0,numero
data (3).xlsx,32,Semana 32 · 06/09 a 12/09,JOSE APARECIDO CASTELUCCI PROFESSOR - 49888,Farol SARESP,3.0,numero
data (3).xlsx,32,Semana 32 · 06/09 a 12/09,JOSE APARECIDO CASTELUCCI PROFESSOR - 49888,Nota Final,7.905722738248499,numero
data (3).xlsx,32,Semana 32 · 06/09 a 12/09,JOSE APARECIDO CASTELUCCI PROFESSOR - 49888,Professor Presente,0.9115646258503401,numero
data (3).xlsx,32,Semana 32 · 06/09 a 12/09,JOSE APARECIDO CASTELUCCI PROFESSOR - 49888,Qualidade Educacional,8.14,numero
data (3).xlsx,32,Semana 32 · 06/09 a 12/09,JOSE APARECIDO CASTELUCCI PROFESSOR - 49888,SARESP 2025,4.9,numero
data (3).xlsx,32,Semana 32 · 06/09 a 12/09,JOSE APARECIDO CASTELUCCI PROFESSOR - 49888,SARESP Equidade Nota Super BI,0.0,numero
data (3).xlsx,32,Semana 32 · 06/09 a 12/09,JOSE APARECIDO CASTELUCCI PROFESSOR - 49888,SARESP Nota Super BI,7.5,numero
data (3).xlsx,32,Semana 32 · 06/09 a 12/09,JOSE APARECIDO CASTELUCCI PROFESSOR - 49888,Tarefa SP,10.0,numero
data (3).xlsx,32,Semana 32 · 06/09 a 12/09,JOSE LEITE PINHEIRO PROFESSOR - 14527,(%) Adesão ENEM,0.9181818181818182,percentual
data (3).xlsx,32,Semana 32 · 06/09 a 12/09,JOSE LEITE PINHEIRO PROFESSOR - 14527,Ajuste de Desigualdades,0.59783625,numero
data (3).xlsx,32,Semana 32 · 06/09 a 12/09,JOSE LEITE PINHEIRO PROFESSOR - 14527,Aluno Presente,0.9101022861567301,numero
data (3).xlsx,32,Semana 32 · 06/09 a 12/09,JOSE LEITE PINHEIRO PROFESSOR - 14527,Apoio Presencial,2.1666666666666665,numero
data (3).xlsx,32,Semana 32 · 06/09 a 12/09,JOSE LEITE PINHEIRO PROFESSOR - 14527,Farol SARESP,2.0,numero
data (3).xlsx,32,Semana 32 · 06/09 a 12/09,JOSE LEITE PINHEIRO PROFESSOR - 14527,Nota Final,7.275848945192887,numero
data (3).xlsx,32,Semana 32 · 06/09 a 12/09,JOSE LEITE PINHEIRO PROFESSOR - 14527,Professor Presente,0.8821548821548821,numero
data (3).xlsx,32,Semana 32 · 06/09 a 12/09,JOSE LEITE PINHEIRO PROFESSOR - 14527,Qualidade Educacional,8.36,numero
data (3).xlsx,32,Semana 32 · 06/09 a 12/09,JOSE LEITE PINHEIRO PROFESSOR - 14527,SARESP 2025,4.4,numero
data (3).xlsx,32,Semana 32 · 06/09 a 12/09,JOSE LEITE PINHEIRO PROFESSOR - 14527,SARESP Equidade Nota Super BI,0.0,numero
data (3).xlsx,32,Semana 32 · 06/09 a 12/09,JOSE LEITE PINHEIRO PROFESSOR - 14527,SARESP Nota Super BI,6.5,numero
data (3).xlsx,32,Semana 32 · 06/09 a 12/09,JOSE LEITE PINHEIRO PROFESSOR - 14527,Tarefa SP,9.982444741163494,numero
data (3).xlsx,32,Semana 32 · 06/09 a 12/09,JOSE PENNA - 14540,(%) Adesão ENEM,0.7407407407407407,percentual
data (3).xlsx,32,Semana 32 · 06/09 a 12/09,JOSE PENNA - 14540,Ajuste de Desigualdades,0.504391875,numero
data (3).xlsx,32,Semana 32 · 06/09 a 12/09,JOSE PENNA - 14540,Aluno Presente,0.8599341218745321,numero
data (3).xlsx,32,Semana 32 · 06/09 a 12/09,JOSE PENNA - 14540,Apoio Presencial,3.0,numero
data (3).xlsx,32,Semana 32 · 06/09 a 12/09,JOSE PENNA - 14540,Farol SARESP,2.0,numero
data (3).xlsx,32,Semana 32 · 06/09 a 12/09,JOSE PENNA - 14540,Nota Final,6.842638641018668,numero
data (3).xlsx,32,Semana 32 · 06/09 a 12/09,JOSE PENNA - 14540,Professor Presente,0.9111747851002865,numero
data (3).xlsx,32,Semana 32 · 06/09 a 12/09,JOSE PENNA - 14540,Qualidade Educacional,6.66,numero
data (3).xlsx,32,Semana 32 · 06/09 a 12/09,JOSE PENNA - 14540,SARESP 2025,4.5,numero
data (3).xlsx,32,Semana 32 · 06/09 a 12/09,JOSE PENNA - 14540,SARESP Equidade Nota Super BI,0.0,numero
data (3).xlsx,32,Semana 32 · 06/09 a 12/09,JOSE PENNA - 14540,SARESP Nota Super BI,7.0,numero
data (3).xlsx,32,Semana 32 · 06/09 a 12/09,JOSE PENNA - 14540,Tarefa SP,9.880669126049384,numero
data (3).xlsx,32,Semana 32 · 06/09 a 12/09,JOSE PIRES DE CARVALHO DOUTOR - 924088,Ajuste de Desigualdades,0.5430618749999999,numero
data (3).xlsx,32,Semana 32 · 06/09 a 12/09,JOSE PIRES DE CARVALHO DOUTOR - 924088,Aluno Presente,0.8582549464807007,numero
data (3).xlsx,32,Semana 32 · 06/09 a 12/09,JOSE PIRES DE CARVALHO DOUTOR - 924088,Apoio Presencial,3.0,numero
data (3).xlsx,32,Semana 32 · 06/09 a 12/09,JOSE PIRES DE CARVALHO DOUTOR - 924088,Farol SARESP,3.0,numero
data (3).xlsx,32,Semana 32 · 06/09 a 12/09,JOSE PIRES DE CARVALHO DOUTOR - 924088,Nota Final,9.16453000032085,numero
data (3).xlsx,32,Semana 32 · 06/09 a 12/09,JOSE PIRES DE CARVALHO DOUTOR - 924088,Professor Presente,0.9635416666666666,numero
data (3).xlsx,32,Semana 32 · 06/09 a 12/09,JOSE PIRES DE CARVALHO DOUTOR - 924088,Qualidade Educacional,8.28,numero
data (3).xlsx,32,Semana 32 · 06/09 a 12/09,JOSE PIRES DE CARVALHO DOUTOR - 924088,SARESP 2025,6.1,numero
data (3).xlsx,32,Semana 32 · 06/09 a 12/09,JOSE PIRES DE CARVALHO DOUTOR - 924088,SARESP Equidade Nota Super BI,10.0,numero
data (3).xlsx,32,Semana 32 · 06/09 a 12/09,JOSE PIRES DE CARVALHO DOUTOR - 924088,SARESP Nota Super BI,10.0,numero
data (3).xlsx,32,Semana 32 · 06/09 a 12/09,JOSE PIRES DE CARVALHO DOUTOR - 924088,Tarefa SP,9.853450416478974,numero
data (3).xlsx,32,Semana 32 · 06/09 a 12/09,MARIA IZABEL CRUZ PIMENTEL DONA - 38908,(%) Adesão ENEM,1.0,percentual
data (3).xlsx,32,Semana 32 · 06/09 a 12/09,MARIA IZABEL CRUZ PIMENTEL DONA - 38908,Ajuste de Desigualdades,0.536754375,numero
data (3).xlsx,32,Semana 32 · 06/09 a 12/09,MARIA IZABEL CRUZ PIMENTEL DONA - 38908,Aluno Presente,0.9005456785777152,numero
data (3).xlsx,32,Semana 32 · 06/09 a 12/09,MARIA IZABEL CRUZ PIMENTEL DONA - 38908,Apoio Presencial,3.0,numero
data (3).xlsx,32,Semana 32 · 06/09 a 12/09,MARIA IZABEL CRUZ PIMENTEL DONA - 38908,Farol SARESP,2.0,numero
data (3).xlsx,32,Semana 32 · 06/09 a 12/09,MARIA IZABEL CRUZ PIMENTEL DONA - 38908,Nota Final,7.3167585390859635,numero
data (3).xlsx,32,Semana 32 · 06/09 a 12/09,MARIA IZABEL CRUZ PIMENTEL DONA - 38908,Professor Presente,0.928921568627451,numero
data (3).xlsx,32,Semana 32 · 06/09 a 12/09,MARIA IZABEL CRUZ PIMENTEL DONA - 38908,Qualidade Educacional,7.279999999999999,numero
data (3).xlsx,32,Semana 32 · 06/09 a 12/09,MARIA IZABEL CRUZ PIMENTEL DONA - 38908,SARESP 2025,3.9,numero
data (3).xlsx,32,Semana 32 · 06/09 a 12/09,MARIA IZABEL CRUZ PIMENTEL DONA - 38908,SARESP Equidade Nota Super BI,3.175,numero
data (3).xlsx,32,Semana 32 · 06/09 a 12/09,MARIA IZABEL CRUZ PIMENTEL DONA - 38908,SARESP Nota Super BI,5.0,numero
data (3).xlsx,32,Semana 32 · 06/09 a 12/09,MARIA IZABEL CRUZ PIMENTEL DONA - 38908,Tarefa SP,8.750378978251296,numero
data (3).xlsx,32,Semana 32 · 06/09 a 12/09,MATILDE VIEIRA - 14679,(%) Adesão ENEM,0.9882352941176471,percentual
data (3).xlsx,32,Semana 32 · 06/09 a 12/09,MATILDE VIEIRA - 14679,Ajuste de Desigualdades,0.524095625,numero
data (3).xlsx,32,Semana 32 · 06/09 a 12/09,MATILDE VIEIRA - 14679,Aluno Presente,0.874406532885991,numero
data (3).xlsx,32,Semana 32 · 06/09 a 12/09,MATILDE VIEIRA - 14679,Apoio Presencial,2.6,numero
data (3).xlsx,32,Semana 32 · 06/09 a 12/09,MATILDE VIEIRA - 14679,Farol SARESP,3.0,numero
data (3).xlsx,32,Semana 32 · 06/09 a 12/09,MATILDE VIEIRA - 14679,Nota Final,6.542974694993297,numero
data (3).xlsx,32,Semana 32 · 06/09 a 12/09,MATILDE VIEIRA - 14679,Professor Presente,0.924812030075188,numero
data (3).xlsx,32,Semana 32 · 06/09 a 12/09,MATILDE VIEIRA - 14679,Qualidade Educacional,6.710000000000001,numero
data (3).xlsx,32,Semana 32 · 06/09 a 12/09,MATILDE VIEIRA - 14679,SARESP 2025,4.2,numero
data (3).xlsx,32,Semana 32 · 06/09 a 12/09,MATILDE VIEIRA - 14679,SARESP Equidade Nota Super BI,0.0,numero
data (3).xlsx,32,Semana 32 · 06/09 a 12/09,MATILDE VIEIRA - 14679,SARESP Nota Super BI,5.5,numero
data (3).xlsx,32,Semana 32 · 06/09 a 12/09,MATILDE VIEIRA - 14679,Tarefa SP,7.856873669131145,numero
data (3).xlsx,32,Semana 32 · 06/09 a 12/09,PAULO ARAUJO NOVAES DOUTOR - 14461,(%) Adesão ENEM,0.9666666666666667,percentual
data (3).xlsx,32,Semana 32 · 06/09 a 12/09,PAULO ARAUJO NOVAES DOUTOR - 14461,Ajuste de Desigualdades,0.587323125,numero
data (3).xlsx,32,Semana 32 · 06/09 a 12/09,PAULO ARAUJO NOVAES DOUTOR - 14461,Aluno Presente,0.8602714860705548,numero
data (3).xlsx,32,Semana 32 · 06/09 a 12/09,PAULO ARAUJO NOVAES DOUTOR - 14461,Apoio Presencial,3.0,numero
data (3).xlsx,32,Semana 32 · 06/09 a 12/09,PAULO ARAUJO NOVAES DOUTOR - 14461,Farol SARESP,1.0,numero
data (3).xlsx,32,Semana 32 · 06/09 a 12/09,PAULO ARAUJO NOVAES DOUTOR - 14461,Nota Final,7.937694441911552,numero
data (3).xlsx,32,Semana 32 · 06/09 a 12/09,PAULO ARAUJO NOVAES DOUTOR - 14461,Professor Presente,0.978494623655914,numero
data (3).xlsx,32,Semana 32 · 06/09 a 12/09,PAULO ARAUJO NOVAES DOUTOR - 14461,Qualidade Educacional,5.64,numero
data (3).xlsx,32,Semana 32 · 06/09 a 12/09,PAULO ARAUJO NOVAES DOUTOR - 14461,SARESP 2025,4.4,numero
data (3).xlsx,32,Semana 32 · 06/09 a 12/09,PAULO ARAUJO NOVAES DOUTOR - 14461,SARESP Equidade Nota Super BI,6.35,numero
data (3).xlsx,32,Semana 32 · 06/09 a 12/09,PAULO ARAUJO NOVAES DOUTOR - 14461,SARESP Nota Super BI,7.5,numero
data (3).xlsx,32,Semana 32 · 06/09 a 12/09,PAULO ARAUJO NOVAES DOUTOR - 14461,Tarefa SP,9.187784188072222,numero
data (3).xlsx,32,Semana 32 · 06/09 a 12/09,PAULO DELICIO - 14515,(%) Adesão ENEM,0.9375,percentual
data (3).xlsx,32,Semana 32 · 06/09 a 12/09,PAULO DELICIO - 14515,Ajuste de Desigualdades,0.512821875,numero
data (3).xlsx,32,Semana 32 · 06/09 a 12/09,PAULO DELICIO - 14515,Aluno Presente,0.8518144377962545,numero
data (3).xlsx,32,Semana 32 · 06/09 a 12/09,PAULO DELICIO - 14515,Apoio Presencial,2.25,numero
data (3).xlsx,32,Semana 32 · 06/09 a 12/09,PAULO DELICIO - 14515,Farol SARESP,3.0,numero
data (3).xlsx,32,Semana 32 · 06/09 a 12/09,PAULO DELICIO - 14515,Nota Final,5.861275105048504,numero
data (3).xlsx,32,Semana 32 · 06/09 a 12/09,PAULO DELICIO - 14515,Professor Presente,0.8888888888888888,numero
data (3).xlsx,32,Semana 32 · 06/09 a 12/09,PAULO DELICIO - 14515,Qualidade Educacional,5.23,numero
data (3).xlsx,32,Semana 32 · 06/09 a 12/09,PAULO DELICIO - 14515,SARESP 2025,4.4,numero
data (3).xlsx,32,Semana 32 · 06/09 a 12/09,PAULO DELICIO - 14515,SARESP Equidade Nota Super BI,0.0,numero
data (3).xlsx,32,Semana 32 · 06/09 a 12/09,PAULO DELICIO - 14515,SARESP Nota Super BI,7.0,numero
data (3).xlsx,32,Semana 32 · 06/09 a 12/09,PAULO DELICIO - 14515,Tarefa SP,6.834640763001971,numero
data (3).xlsx,32,Semana 32 · 06/09 a 12/09,PEDRO BENTO ALVES - 14503,(%) Adesão ENEM,0.9206349206349206,percentual
data (3).xlsx,32,Semana 32 · 06/09 a 12/09,PEDRO BENTO ALVES - 14503,Ajuste de Desigualdades,0.571585625,numero
data (3).xlsx,32,Semana 32 · 06/09 a 12/09,PEDRO BENTO ALVES - 14503,Aluno Presente,0.8577182247695764,numero
data (3).xlsx,32,Semana 32 · 06/09 a 12/09,PEDRO BENTO ALVES - 14503,Apoio Presencial,1.25,numero
data (3).xlsx,32,Semana 32 · 06/09 a 12/09,PEDRO BENTO ALVES - 14503,Farol SARESP,4.0,numero
data (3).xlsx,32,Semana 32 · 06/09 a 12/09,PEDRO BENTO ALVES - 14503,Nota Final,5.696956261455726,numero
data (3).xlsx,32,Semana 32 · 06/09 a 12/09,PEDRO BENTO ALVES - 14503,Professor Presente,0.7040816326530612,numero
data (3).xlsx,32,Semana 32 · 06/09 a 12/09,PEDRO BENTO ALVES - 14503,Qualidade Educacional,6.719999999999999,numero
data (3).xlsx,32,Semana 32 · 06/09 a 12/09,PEDRO BENTO ALVES - 14503,SARESP 2025,4.0,numero
data (3).xlsx,32,Semana 32 · 06/09 a 12/09,PEDRO BENTO ALVES - 14503,SARESP Equidade Nota Super BI,2.125,numero
data (3).xlsx,32,Semana 32 · 06/09 a 12/09,PEDRO BENTO ALVES - 14503,SARESP Nota Super BI,6.0,numero
data (3).xlsx,32,Semana 32 · 06/09 a 12/09,PEDRO BENTO ALVES - 14503,Tarefa SP,8.268829599297339,numero
data (3).xlsx,32,Semana 32 · 06/09 a 12/09,PROFESSORA MARIANA APARECIDA TODESCATO - 191516,(%) Adesão ENEM,0.875,percentual
data (3).xlsx,32,Semana 32 · 06/09 a 12/09,PROFESSORA MARIANA APARECIDA TODESCATO - 191516,Ajuste de Desigualdades,0.5389087499999999,numero
data (3).xlsx,32,Semana 32 · 06/09 a 12/09,PROFESSORA MARIANA APARECIDA TODESCATO - 191516,Aluno Presente,0.8785276073619632,numero
data (3).xlsx,32,Semana 32 · 06/09 a 12/09,PROFESSORA MARIANA APARECIDA TODESCATO - 191516,Apoio Presencial,1.75,numero
data (3).xlsx,32,Semana 32 · 06/09 a 12/09,PROFESSORA MARIANA APARECIDA TODESCATO - 191516,Farol SARESP,4.0,numero
data (3).xlsx,32,Semana 32 · 06/09 a 12/09,PROFESSORA MARIANA APARECIDA TODESCATO - 191516,Nota Final,7.468252819076983,numero
data (3).xlsx,32,Semana 32 · 06/09 a 12/09,PROFESSORA MARIANA APARECIDA TODESCATO - 191516,Professor Presente,0.8961038961038961,numero
data (3).xlsx,32,Semana 32 · 06/09 a 12/09,PROFESSORA MARIANA APARECIDA TODESCATO - 191516,Qualidade Educacional,6.37,numero
data (3).xlsx,32,Semana 32 · 06/09 a 12/09,PROFESSORA MARIANA APARECIDA TODESCATO - 191516,SARESP 2025,4.8,numero
data (3).xlsx,32,Semana 32 · 06/09 a 12/09,PROFESSORA MARIANA APARECIDA TODESCATO - 191516,SARESP Equidade Nota Super BI,5.65,numero
data (3).xlsx,32,Semana 32 · 06/09 a 12/09,PROFESSORA MARIANA APARECIDA TODESCATO - 191516,SARESP Nota Super BI,8.5,numero
data (3).xlsx,32,Semana 32 · 06/09 a 12/09,PROFESSORA MARIANA APARECIDA TODESCATO - 191516,Tarefa SP,9.541395770806009,numero
data (3).xlsx,32,Semana 32 · 06/09 a 12/09,SANDRA APARECIDA DE ARAUJO PROFESSORA - 924337,(%) Adesão ENEM,0.9473684210526315,percentual
data (3).xlsx,32,Semana 32 · 06/09 a 12/09,SANDRA APARECIDA DE ARAUJO PROFESSORA - 924337,Ajuste de Desigualdades,0.5426887499999999,numero
data (3).xlsx,32,Semana 32 · 06/09 a 12/09,SANDRA APARECIDA DE ARAUJO PROFESSORA - 924337,Aluno Presente,0.8557173895550012,numero
data (3).xlsx,32,Semana 32 · 06/09 a 12/09,SANDRA APARECIDA DE ARAUJO PROFESSORA - 924337,Apoio Presencial,3.0,numero
data (3).xlsx,32,Semana 32 · 06/09 a 12/09,SANDRA APARECIDA DE ARAUJO PROFESSORA - 924337,Farol SARESP,2.0,numero
data (3).xlsx,32,Semana 32 · 06/09 a 12/09,SANDRA APARECIDA DE ARAUJO PROFESSORA - 924337,Nota Final,6.707447302599359,numero
data (3).xlsx,32,Semana 32 · 06/09 a 12/09,SANDRA APARECIDA DE ARAUJO PROFESSORA - 924337,Professor Presente,0.89937106918239,numero
data (3).xlsx,32,Semana 32 · 06/09 a 12/09,SANDRA APARECIDA DE ARAUJO PROFESSORA - 924337,Qualidade Educacional,6.75,numero
data (3).xlsx,32,Semana 32 · 06/09 a 12/09,SANDRA APARECIDA DE ARAUJO PROFESSORA - 924337,SARESP 2025,4.3,numero
data (3).xlsx,32,Semana 32 · 06/09 a 12/09,SANDRA APARECIDA DE ARAUJO PROFESSORA - 924337,SARESP Equidade Nota Super BI,0.0,numero
data (3).xlsx,32,Semana 32 · 06/09 a 12/09,SANDRA APARECIDA DE ARAUJO PROFESSORA - 924337,SARESP Nota Super BI,7.0,numero
data (3).xlsx,32,Semana 32 · 06/09 a 12/09,SANDRA APARECIDA DE ARAUJO PROFESSORA - 924337,Tarefa SP,9.732342615859794,numero
data (3).xlsx,32,Semana 32 · 06/09 a 12/09,Total (planilha),(%) Adesão ENEM,0.9210097719869706,percentual
data (3).xlsx,32,Semana 32 · 06/09 a 12/09,Total (planilha),Ajuste de Desigualdades,0.5550327256315788,numero
data (3).xlsx,32,Semana 32 · 06/09 a 12/09,Total (planilha),Aluno Presente,0.8714968825615486,numero
data (3).xlsx,32,Semana 32 · 06/09 a 12/09,Total (planilha),Apoio Presencial,2.610526315789474,numero
data (3).xlsx,32,Semana 32 · 06/09 a 12/09,Total (planilha),Nota Final,7.099631557064991,numero
data (3).xlsx,32,Semana 32 · 06/09 a 12/09,Total (planilha),Professor Presente,0.9073648566936752,numero
data (3).xlsx,32,Semana 32 · 06/09 a 12/09,Total (planilha),Qualidade Educacional,6.983913043478262,numero
data (3).xlsx,32,Semana 32 · 06/09 a 12/09,Total (planilha),SARESP 2025,4.3,numero
data (3).xlsx,32,Semana 32 · 06/09 a 12/09,Total (planilha),SARESP Equidade Nota Super BI,3.262318419523533,numero
data (3).xlsx,32,Semana 32 · 06/09 a 12/09,Total (planilha),SARESP Nota Super BI,6.5,numero
data (3).xlsx,32,Semana 32 · 06/09 a 12/09,Total (planilha),Tarefa SP,9.020424000844056,numero
data (2).xlsx,33,Semana 33 · 13/09 a 19/09,ABILIO RAPOSO FERRAZ JUNIOR - 903188,(%) Adesão ENEM,1.0,percentual
data (2).xlsx,33,Semana 33 · 13/09 a 19/09,ABILIO RAPOSO FERRAZ JUNIOR - 903188,Ajuste de Desigualdades,0.58763375,numero
data (2).xlsx,33,Semana 33 · 13/09 a 19/09,ABILIO RAPOSO FERRAZ JUNIOR - 903188,Aluno Presente,0.890851187029531,numero
data (2).xlsx,33,Semana 33 · 13/09 a 19/09,ABILIO RAPOSO FERRAZ JUNIOR - 903188,Apoio Presencial,2.8333333333333335,numero
data (2).xlsx,33,Semana 33 · 13/09 a 19/09,ABILIO RAPOSO FERRAZ JUNIOR - 903188,Farol SARESP,3.0,numero
data (2).xlsx,33,Semana 33 · 13/09 a 19/09,ABILIO RAPOSO FERRAZ JUNIOR - 903188,Nota Final,7.464111031787413,numero
data (2).xlsx,33,Semana 33 · 13/09 a 19/09,ABILIO RAPOSO FERRAZ JUNIOR - 903188,Professor Presente,0.965,numero
data (2).xlsx,33,Semana 33 · 13/09 a 19/09,ABILIO RAPOSO FERRAZ JUNIOR - 903188,Qualidade Educacional,9.01,numero
data (2).xlsx,33,Semana 33 · 13/09 a 19/09,ABILIO RAPOSO FERRAZ JUNIOR - 903188,SARESP 2025,3.9,numero
data (2).xlsx,33,Semana 33 · 13/09 a 19/09,ABILIO RAPOSO FERRAZ JUNIOR - 903188,SARESP Equidade Nota Super BI,0.0,numero
data (2).xlsx,33,Semana 33 · 13/09 a 19/09,ABILIO RAPOSO FERRAZ JUNIOR - 903188,SARESP Nota Super BI,3.75,numero
data (2).xlsx,33,Semana 33 · 13/09 a 19/09,ABILIO RAPOSO FERRAZ JUNIOR - 903188,Tarefa SP,10.0,numero
data (2).xlsx,33,Semana 33 · 13/09 a 19/09,ASSENTAMENTO ZUMBI DOS PALMARES - 566032,(%) Adesão ENEM,1.0,percentual
data (2).xlsx,33,Semana 33 · 13/09 a 19/09,ASSENTAMENTO ZUMBI DOS PALMARES - 566032,Ajuste de Desigualdades,0.948979375,numero
data (2).xlsx,33,Semana 33 · 13/09 a 19/09,ASSENTAMENTO ZUMBI DOS PALMARES - 566032,Aluno Presente,0.9310857709469509,numero
data (2).xlsx,33,Semana 33 · 13/09 a 19/09,ASSENTAMENTO ZUMBI DOS PALMARES - 566032,Nota Final,7.486998691865471,numero
data (2).xlsx,33,Semana 33 · 13/09 a 19/09,ASSENTAMENTO ZUMBI DOS PALMARES - 566032,Professor Presente,0.725,numero
data (2).xlsx,33,Semana 33 · 13/09 a 19/09,ASSENTAMENTO ZUMBI DOS PALMARES - 566032,Tarefa SP,9.42108692589462,numero
data (2).xlsx,33,Semana 33 · 13/09 a 19/09,AVELINO APARECIDO RIBEIRO DOUTOR - 14552,(%) Adesão ENEM,0.9411764705882353,percentual
data (2).xlsx,33,Semana 33 · 13/09 a 19/09,AVELINO APARECIDO RIBEIRO DOUTOR - 14552,Ajuste de Desigualdades,0.766949375,numero
data (2).xlsx,33,Semana 33 · 13/09 a 19/09,AVELINO APARECIDO RIBEIRO DOUTOR - 14552,Aluno Presente,0.8891543239369326,numero
data (2).xlsx,33,Semana 33 · 13/09 a 19/09,AVELINO APARECIDO RIBEIRO DOUTOR - 14552,Apoio Presencial,2.3333333333333335,numero
data (2).xlsx,33,Semana 33 · 13/09 a 19/09,AVELINO APARECIDO RIBEIRO DOUTOR - 14552,Farol SARESP,4.0,numero
data (2).xlsx,33,Semana 33 · 13/09 a 19/09,AVELINO APARECIDO RIBEIRO DOUTOR - 14552,Nota Final,7.319333400887937,numero
data (2).xlsx,33,Semana 33 · 13/09 a 19/09,AVELINO APARECIDO RIBEIRO DOUTOR - 14552,Professor Presente,0.8988095238095238,numero
data (2).xlsx,33,Semana 33 · 13/09 a 19/09,AVELINO APARECIDO RIBEIRO DOUTOR - 14552,Qualidade Educacional,5.99,numero
data (2).xlsx,33,Semana 33 · 13/09 a 19/09,AVELINO APARECIDO RIBEIRO DOUTOR - 14552,SARESP 2025,2.9,numero
data (2).xlsx,33,Semana 33 · 13/09 a 19/09,AVELINO APARECIDO RIBEIRO DOUTOR - 14552,SARESP Nota Super BI,3.3333000000000004,numero
data (2).xlsx,33,Semana 33 · 13/09 a 19/09,AVELINO APARECIDO RIBEIRO DOUTOR - 14552,Tarefa SP,10.0,numero
data (2).xlsx,33,Semana 33 · 13/09 a 19/09,BENE ANDRADE DONA - 14631,(%) Adesão ENEM,0.9615384615384616,percentual
data (2).xlsx,33,Semana 33 · 13/09 a 19/09,BENE ANDRADE DONA - 14631,Ajuste de Desigualdades,0.5545574999999999,numero
data (2).xlsx,33,Semana 33 · 13/09 a 19/09,BENE ANDRADE DONA - 14631,Aluno Presente,0.767369970559372,numero
data (2).xlsx,33,Semana 33 · 13/09 a 19/09,BENE ANDRADE DONA - 14631,Apoio Presencial,3.0,numero
data (2).xlsx,33,Semana 33 · 13/09 a 19/09,BENE ANDRADE DONA - 14631,Farol SARESP,2.0,numero
data (2).xlsx,33,Semana 33 · 13/09 a 19/09,BENE ANDRADE DONA - 14631,Nota Final,6.855009034595319,numero
data (2).xlsx,33,Semana 33 · 13/09 a 19/09,BENE ANDRADE DONA - 14631,Professor Presente,0.9598214285714286,numero
data (2).xlsx,33,Semana 33 · 13/09 a 19/09,BENE ANDRADE DONA - 14631,Qualidade Educacional,7.199999999999999,numero
data (2).xlsx,33,Semana 33 · 13/09 a 19/09,BENE ANDRADE DONA - 14631,SARESP 2025,3.9,numero
data (2).xlsx,33,Semana 33 · 13/09 a 19/09,BENE ANDRADE DONA - 14631,SARESP Equidade Nota Super BI,10.0,numero
data (2).xlsx,33,Semana 33 · 13/09 a 19/09,BENE ANDRADE DONA - 14631,SARESP Nota Super BI,5.0,numero
data (2).xlsx,33,Semana 33 · 13/09 a 19/09,BENE ANDRADE DONA - 14631,Tarefa SP,6.848881404843984,numero
data (2).xlsx,33,Semana 33 · 13/09 a 19/09,CELSO FERREIRA DA SILVA PROFESSOR - 918489,Ajuste de Desigualdades,0.470021875,numero
data (2).xlsx,33,Semana 33 · 13/09 a 19/09,CELSO FERREIRA DA SILVA PROFESSOR - 918489,Aluno Presente,0.8432774586801078,numero
data (2).xlsx,33,Semana 33 · 13/09 a 19/09,CELSO FERREIRA DA SILVA PROFESSOR - 918489,Apoio Presencial,3.0,numero
data (2).xlsx,33,Semana 33 · 13/09 a 19/09,CELSO FERREIRA DA SILVA PROFESSOR - 918489,Farol SARESP,2.0,numero
data (2).xlsx,33,Semana 33 · 13/09 a 19/09,CELSO FERREIRA DA SILVA PROFESSOR - 918489,Nota Final,6.575354586487905,numero
data (2).xlsx,33,Semana 33 · 13/09 a 19/09,CELSO FERREIRA DA SILVA PROFESSOR - 918489,Professor Presente,0.967741935483871,numero
data (2).xlsx,33,Semana 33 · 13/09 a 19/09,CELSO FERREIRA DA SILVA PROFESSOR - 918489,Qualidade Educacional,6.1899999999999995,numero
data (2).xlsx,33,Semana 33 · 13/09 a 19/09,CELSO FERREIRA DA SILVA PROFESSOR - 918489,SARESP 2025,4.8,numero
data (2).xlsx,33,Semana 33 · 13/09 a 19/09,CELSO FERREIRA DA SILVA PROFESSOR - 918489,SARESP Equidade Nota Super BI,0.0,numero
data (2).xlsx,33,Semana 33 · 13/09 a 19/09,CELSO FERREIRA DA SILVA PROFESSOR - 918489,SARESP Nota Super BI,5.5,numero
data (2).xlsx,33,Semana 33 · 13/09 a 19/09,CELSO FERREIRA DA SILVA PROFESSOR - 918489,Tarefa SP,8.856857424827508,numero
data (2).xlsx,33,Semana 33 · 13/09 a 19/09,COTA LEONEL DONA - 905185,(%) Adesão ENEM,0.9487179487179487,percentual
data (2).xlsx,33,Semana 33 · 13/09 a 19/09,COTA LEONEL DONA - 905185,Ajuste de Desigualdades,0.544470625,numero
data (2).xlsx,33,Semana 33 · 13/09 a 19/09,COTA LEONEL DONA - 905185,Aluno Presente,0.7863288076354349,numero
data (2).xlsx,33,Semana 33 · 13/09 a 19/09,COTA LEONEL DONA - 905185,Apoio Presencial,3.0,numero
data (2).xlsx,33,Semana 33 · 13/09 a 19/09,COTA LEONEL DONA - 905185,Farol SARESP,2.0,numero
data (2).xlsx,33,Semana 33 · 13/09 a 19/09,COTA LEONEL DONA - 905185,Nota Final,6.069176138237295,numero
data (2).xlsx,33,Semana 33 · 13/09 a 19/09,COTA LEONEL DONA - 905185,Professor Presente,0.9228855721393034,numero
data (2).xlsx,33,Semana 33 · 13/09 a 19/09,COTA LEONEL DONA - 905185,Qualidade Educacional,6.26,numero
data (2).xlsx,33,Semana 33 · 13/09 a 19/09,COTA LEONEL DONA - 905185,SARESP 2025,4.5,numero
data (2).xlsx,33,Semana 33 · 13/09 a 19/09,COTA LEONEL DONA - 905185,SARESP Equidade Nota Super BI,0.025000000000000005,numero
data (2).xlsx,33,Semana 33 · 13/09 a 19/09,COTA LEONEL DONA - 905185,SARESP Nota Super BI,7.0,numero
data (2).xlsx,33,Semana 33 · 13/09 a 19/09,COTA LEONEL DONA - 905185,Tarefa SP,8.440819546185208,numero
data (2).xlsx,33,Semana 33 · 13/09 a 19/09,DIMAS MOZART E SILVA PROFESSOR - 900424,(%) Adesão ENEM,1.0,percentual
data (2).xlsx,33,Semana 33 · 13/09 a 19/09,DIMAS MOZART E SILVA PROFESSOR - 900424,Ajuste de Desigualdades,0.5254106249999999,numero
data (2).xlsx,33,Semana 33 · 13/09 a 19/09,DIMAS MOZART E SILVA PROFESSOR - 900424,Aluno Presente,0.9050509315458912,numero
data (2).xlsx,33,Semana 33 · 13/09 a 19/09,DIMAS MOZART E SILVA PROFESSOR - 900424,Apoio Presencial,3.0,numero
data (2).xlsx,33,Semana 33 · 13/09 a 19/09,DIMAS MOZART E SILVA PROFESSOR - 900424,Farol SARESP,4.0,numero
data (2).xlsx,33,Semana 33 · 13/09 a 19/09,DIMAS MOZART E SILVA PROFESSOR - 900424,Nota Final,8.60800578297065,numero
data (2).xlsx,33,Semana 33 · 13/09 a 19/09,DIMAS MOZART E SILVA PROFESSOR - 900424,Professor Presente,0.9866666666666667,numero
data (2).xlsx,33,Semana 33 · 13/09 a 19/09,DIMAS MOZART E SILVA PROFESSOR - 900424,Qualidade Educacional,8.12,numero
data (2).xlsx,33,Semana 33 · 13/09 a 19/09,DIMAS MOZART E SILVA PROFESSOR - 900424,SARESP 2025,4.6,numero
data (2).xlsx,33,Semana 33 · 13/09 a 19/09,DIMAS MOZART E SILVA PROFESSOR - 900424,SARESP Equidade Nota Super BI,2.95,numero
data (2).xlsx,33,Semana 33 · 13/09 a 19/09,DIMAS MOZART E SILVA PROFESSOR - 900424,SARESP Nota Super BI,7.5,numero
data (2).xlsx,33,Semana 33 · 13/09 a 19/09,DIMAS MOZART E SILVA PROFESSOR - 900424,Tarefa SP,10.0,numero
data (2).xlsx,33,Semana 33 · 13/09 a 19/09,EMILIO IMMOOS PADRE - 45226,Ajuste de Desigualdades,0.55166125,numero
data (2).xlsx,33,Semana 33 · 13/09 a 19/09,EMILIO IMMOOS PADRE - 45226,Aluno Presente,0.8646190268519095,numero
data (2).xlsx,33,Semana 33 · 13/09 a 19/09,EMILIO IMMOOS PADRE - 45226,Apoio Presencial,3.0,numero
data (2).xlsx,33,Semana 33 · 13/09 a 19/09,EMILIO IMMOOS PADRE - 45226,Farol SARESP,1.0,numero
data (2).xlsx,33,Semana 33 · 13/09 a 19/09,EMILIO IMMOOS PADRE - 45226,Nota Final,8.867306865333985,numero
data (2).xlsx,33,Semana 33 · 13/09 a 19/09,EMILIO IMMOOS PADRE - 45226,Professor Presente,0.9948186528497409,numero
data (2).xlsx,33,Semana 33 · 13/09 a 19/09,EMILIO IMMOOS PADRE - 45226,Qualidade Educacional,7.65,numero
data (2).xlsx,33,Semana 33 · 13/09 a 19/09,EMILIO IMMOOS PADRE - 45226,SARESP 2025,4.8,numero
data (2).xlsx,33,Semana 33 · 13/09 a 19/09,EMILIO IMMOOS PADRE - 45226,SARESP Equidade Nota Super BI,7.725,numero
data (2).xlsx,33,Semana 33 · 13/09 a 19/09,EMILIO IMMOOS PADRE - 45226,SARESP Nota Super BI,8.5,numero
data (2).xlsx,33,Semana 33 · 13/09 a 19/09,EMILIO IMMOOS PADRE - 45226,Tarefa SP,10.0,numero
data (2).xlsx,33,Semana 33 · 13/09 a 19/09,ERUCE PAULUCCI PROFESSOR - 914484,Ajuste de Desigualdades,0.732520625,numero
data (2).xlsx,33,Semana 33 · 13/09 a 19/09,ERUCE PAULUCCI PROFESSOR - 914484,Aluno Presente,0.7794565217391304,numero
data (2).xlsx,33,Semana 33 · 13/09 a 19/09,ERUCE PAULUCCI PROFESSOR - 914484,Apoio Presencial,3.0,numero
data (2).xlsx,33,Semana 33 · 13/09 a 19/09,ERUCE PAULUCCI PROFESSOR - 914484,Farol SARESP,2.0,numero
data (2).xlsx,33,Semana 33 · 13/09 a 19/09,ERUCE PAULUCCI PROFESSOR - 914484,Nota Final,5.4495776055371135,numero
data (2).xlsx,33,Semana 33 · 13/09 a 19/09,ERUCE PAULUCCI PROFESSOR - 914484,Professor Presente,0.8125,numero
data (2).xlsx,33,Semana 33 · 13/09 a 19/09,ERUCE PAULUCCI PROFESSOR - 914484,Qualidade Educacional,5.620000000000001,numero
data (2).xlsx,33,Semana 33 · 13/09 a 19/09,ERUCE PAULUCCI PROFESSOR - 914484,SARESP 2025,4.1,numero
data (2).xlsx,33,Semana 33 · 13/09 a 19/09,ERUCE PAULUCCI PROFESSOR - 914484,SARESP Equidade Nota Super BI,1.625,numero
data (2).xlsx,33,Semana 33 · 13/09 a 19/09,ERUCE PAULUCCI PROFESSOR - 914484,SARESP Nota Super BI,6.0,numero
data (2).xlsx,33,Semana 33 · 13/09 a 19/09,ERUCE PAULUCCI PROFESSOR - 914484,Tarefa SP,10.0,numero
data (2).xlsx,33,Semana 33 · 13/09 a 19/09,GUIDO DIAS DE ALMEIDA PROFESSOR - 910119,(%) Adesão ENEM,0.6027397260273972,percentual
data (2).xlsx,33,Semana 33 · 13/09 a 19/09,GUIDO DIAS DE ALMEIDA PROFESSOR - 910119,Ajuste de Desigualdades,0.50009125,numero
data (2).xlsx,33,Semana 33 · 13/09 a 19/09,GUIDO DIAS DE ALMEIDA PROFESSOR - 910119,Aluno Presente,0.8841099823321554,numero
data (2).xlsx,33,Semana 33 · 13/09 a 19/09,GUIDO DIAS DE ALMEIDA PROFESSOR - 910119,Apoio Presencial,3.0,numero
data (2).xlsx,33,Semana 33 · 13/09 a 19/09,GUIDO DIAS DE ALMEIDA PROFESSOR - 910119,Farol SARESP,4.0,numero
data (2).xlsx,33,Semana 33 · 13/09 a 19/09,GUIDO DIAS DE ALMEIDA PROFESSOR - 910119,Nota Final,6.67029023824418,numero
data (2).xlsx,33,Semana 33 · 13/09 a 19/09,GUIDO DIAS DE ALMEIDA PROFESSOR - 910119,Professor Presente,0.9449760765550239,numero
data (2).xlsx,33,Semana 33 · 13/09 a 19/09,GUIDO DIAS DE ALMEIDA PROFESSOR - 910119,Qualidade Educacional,7.08,numero
data (2).xlsx,33,Semana 33 · 13/09 a 19/09,GUIDO DIAS DE ALMEIDA PROFESSOR - 910119,SARESP 2025,3.7,numero
data (2).xlsx,33,Semana 33 · 13/09 a 19/09,GUIDO DIAS DE ALMEIDA PROFESSOR - 910119,SARESP Equidade Nota Super BI,4.3,numero
data (2).xlsx,33,Semana 33 · 13/09 a 19/09,GUIDO DIAS DE ALMEIDA PROFESSOR - 910119,SARESP Nota Super BI,1.25,numero
data (2).xlsx,33,Semana 33 · 13/09 a 19/09,GUIDO DIAS DE ALMEIDA PROFESSOR - 910119,Tarefa SP,9.687983287601027,numero
data (2).xlsx,33,Semana 33 · 13/09 a 19/09,JOAO CRUZ CORONEL - 14497,(%) Adesão ENEM,0.9094827586206896,percentual
data (2).xlsx,33,Semana 33 · 13/09 a 19/09,JOAO CRUZ CORONEL - 14497,Ajuste de Desigualdades,0.5885787499999999,numero
data (2).xlsx,33,Semana 33 · 13/09 a 19/09,JOAO CRUZ CORONEL - 14497,Aluno Presente,0.9022556390977443,numero
data (2).xlsx,33,Semana 33 · 13/09 a 19/09,JOAO CRUZ CORONEL - 14497,Apoio Presencial,3.0,numero
data (2).xlsx,33,Semana 33 · 13/09 a 19/09,JOAO CRUZ CORONEL - 14497,Farol SARESP,3.0,numero
data (2).xlsx,33,Semana 33 · 13/09 a 19/09,JOAO CRUZ CORONEL - 14497,Nota Final,8.026724806368573,numero
data (2).xlsx,33,Semana 33 · 13/09 a 19/09,JOAO CRUZ CORONEL - 14497,Professor Presente,0.9558823529411765,numero
data (2).xlsx,33,Semana 33 · 13/09 a 19/09,JOAO CRUZ CORONEL - 14497,Qualidade Educacional,7.039999999999999,numero
data (2).xlsx,33,Semana 33 · 13/09 a 19/09,JOAO CRUZ CORONEL - 14497,SARESP 2025,4.1,numero
data (2).xlsx,33,Semana 33 · 13/09 a 19/09,JOAO CRUZ CORONEL - 14497,SARESP Equidade Nota Super BI,5.25,numero
data (2).xlsx,33,Semana 33 · 13/09 a 19/09,JOAO CRUZ CORONEL - 14497,SARESP Nota Super BI,6.5,numero
data (2).xlsx,33,Semana 33 · 13/09 a 19/09,JOAO CRUZ CORONEL - 14497,Tarefa SP,8.191976355551226,numero
data (2).xlsx,33,Semana 33 · 13/09 a 19/09,JOAO MICHELIN - 14485,(%) Adesão ENEM,1.0,percentual
data (2).xlsx,33,Semana 33 · 13/09 a 19/09,JOAO MICHELIN - 14485,Ajuste de Desigualdades,0.445920625,numero
data (2).xlsx,33,Semana 33 · 13/09 a 19/09,JOAO MICHELIN - 14485,Aluno Presente,0.8661249825638164,numero
data (2).xlsx,33,Semana 33 · 13/09 a 19/09,JOAO MICHELIN - 14485,Apoio Presencial,3.0,numero
data (2).xlsx,33,Semana 33 · 13/09 a 19/09,JOAO MICHELIN - 14485,Farol SARESP,2.0,numero
data (2).xlsx,33,Semana 33 · 13/09 a 19/09,JOAO MICHELIN - 14485,Nota Final,7.879310761877534,numero
data (2).xlsx,33,Semana 33 · 13/09 a 19/09,JOAO MICHELIN - 14485,Professor Presente,0.9862857142857143,numero
data (2).xlsx,33,Semana 33 · 13/09 a 19/09,JOAO MICHELIN - 14485,Qualidade Educacional,7.030000000000001,numero
data (2).xlsx,33,Semana 33 · 13/09 a 19/09,JOAO MICHELIN - 14485,SARESP 2025,4.6,numero
data (2).xlsx,33,Semana 33 · 13/09 a 19/09,JOAO MICHELIN - 14485,SARESP Equidade Nota Super BI,6.4,numero
data (2).xlsx,33,Semana 33 · 13/09 a 19/09,JOAO MICHELIN - 14485,SARESP Nota Super BI,5.5,numero
data (2).xlsx,33,Semana 33 · 13/09 a 19/09,JOAO MICHELIN - 14485,Tarefa SP,10.0,numero
data (2).xlsx,33,Semana 33 · 13/09 a 19/09,JOAO TEIXEIRA DE ARAUJO PROFESSOR - 14588,(%) Adesão ENEM,0.9814814814814815,percentual
data (2).xlsx,33,Semana 33 · 13/09 a 19/09,JOAO TEIXEIRA DE ARAUJO PROFESSOR - 14588,Ajuste de Desigualdades,0.543636875,numero
data (2).xlsx,33,Semana 33 · 13/09 a 19/09,JOAO TEIXEIRA DE ARAUJO PROFESSOR - 14588,Aluno Presente,0.9047889043963713,numero
data (2).xlsx,33,Semana 33 · 13/09 a 19/09,JOAO TEIXEIRA DE ARAUJO PROFESSOR - 14588,Apoio Presencial,3.0,numero
data (2).xlsx,33,Semana 33 · 13/09 a 19/09,JOAO TEIXEIRA DE ARAUJO PROFESSOR - 14588,Farol SARESP,3.0,numero
data (2).xlsx,33,Semana 33 · 13/09 a 19/09,JOAO TEIXEIRA DE ARAUJO PROFESSOR - 14588,Nota Final,7.561704784628547,numero
data (2).xlsx,33,Semana 33 · 13/09 a 19/09,JOAO TEIXEIRA DE ARAUJO PROFESSOR - 14588,Professor Presente,0.9781021897810219,numero
data (2).xlsx,33,Semana 33 · 13/09 a 19/09,JOAO TEIXEIRA DE ARAUJO PROFESSOR - 14588,Qualidade Educacional,7.3,numero
data (2).xlsx,33,Semana 33 · 13/09 a 19/09,JOAO TEIXEIRA DE ARAUJO PROFESSOR - 14588,SARESP 2025,4.0,numero
data (2).xlsx,33,Semana 33 · 13/09 a 19/09,JOAO TEIXEIRA DE ARAUJO PROFESSOR - 14588,SARESP Equidade Nota Super BI,0.0,numero
data (2).xlsx,33,Semana 33 · 13/09 a 19/09,JOAO TEIXEIRA DE ARAUJO PROFESSOR - 14588,SARESP Nota Super BI,5.5,numero
data (2).xlsx,33,Semana 33 · 13/09 a 19/09,JOAO TEIXEIRA DE ARAUJO PROFESSOR - 14588,Tarefa SP,8.751643917882356,numero
data (2).xlsx,33,Semana 33 · 13/09 a 19/09,JOSE APARECIDO CASTELUCCI PROFESSOR - 49888,(%) Adesão ENEM,1.0,percentual
data (2).xlsx,33,Semana 33 · 13/09 a 19/09,JOSE APARECIDO CASTELUCCI PROFESSOR - 49888,Ajuste de Desigualdades,0.533184375,numero
data (2).xlsx,33,Semana 33 · 13/09 a 19/09,JOSE APARECIDO CASTELUCCI PROFESSOR - 49888,Aluno Presente,0.9368859779696338,numero
data (2).xlsx,33,Semana 33 · 13/09 a 19/09,JOSE APARECIDO CASTELUCCI PROFESSOR - 49888,Apoio Presencial,2.0,numero
data (2).xlsx,33,Semana 33 · 13/09 a 19/09,JOSE APARECIDO CASTELUCCI PROFESSOR - 49888,Farol SARESP,3.0,numero
data (2).xlsx,33,Semana 33 · 13/09 a 19/09,JOSE APARECIDO CASTELUCCI PROFESSOR - 49888,Nota Final,8.291421503691739,numero
data (2).xlsx,33,Semana 33 · 13/09 a 19/09,JOSE APARECIDO CASTELUCCI PROFESSOR - 49888,Professor Presente,0.9836734693877551,numero
data (2).xlsx,33,Semana 33 · 13/09 a 19/09,JOSE APARECIDO CASTELUCCI PROFESSOR - 49888,Qualidade Educacional,8.14,numero
data (2).xlsx,33,Semana 33 · 13/09 a 19/09,JOSE APARECIDO CASTELUCCI PROFESSOR - 49888,SARESP 2025,4.9,numero
data (2).xlsx,33,Semana 33 · 13/09 a 19/09,JOSE APARECIDO CASTELUCCI PROFESSOR - 49888,SARESP Equidade Nota Super BI,0.0,numero
data (2).xlsx,33,Semana 33 · 13/09 a 19/09,JOSE APARECIDO CASTELUCCI PROFESSOR - 49888,SARESP Nota Super BI,7.5,numero
data (2).xlsx,33,Semana 33 · 13/09 a 19/09,JOSE APARECIDO CASTELUCCI PROFESSOR - 49888,Tarefa SP,9.426159536396014,numero
data (2).xlsx,33,Semana 33 · 13/09 a 19/09,JOSE LEITE PINHEIRO PROFESSOR - 14527,(%) Adesão ENEM,0.9181818181818182,percentual
data (2).xlsx,33,Semana 33 · 13/09 a 19/09,JOSE LEITE PINHEIRO PROFESSOR - 14527,Ajuste de Desigualdades,0.59783625,numero
data (2).xlsx,33,Semana 33 · 13/09 a 19/09,JOSE LEITE PINHEIRO PROFESSOR - 14527,Aluno Presente,0.9086596640689288,numero
data (2).xlsx,33,Semana 33 · 13/09 a 19/09,JOSE LEITE PINHEIRO PROFESSOR - 14527,Apoio Presencial,3.0,numero
data (2).xlsx,33,Semana 33 · 13/09 a 19/09,JOSE LEITE PINHEIRO PROFESSOR - 14527,Farol SARESP,2.0,numero
data (2).xlsx,33,Semana 33 · 13/09 a 19/09,JOSE LEITE PINHEIRO PROFESSOR - 14527,Nota Final,7.595643769092426,numero
data (2).xlsx,33,Semana 33 · 13/09 a 19/09,JOSE LEITE PINHEIRO PROFESSOR - 14527,Professor Presente,0.907070707070707,numero
data (2).xlsx,33,Semana 33 · 13/09 a 19/09,JOSE LEITE PINHEIRO PROFESSOR - 14527,Qualidade Educacional,8.36,numero
data (2).xlsx,33,Semana 33 · 13/09 a 19/09,JOSE LEITE PINHEIRO PROFESSOR - 14527,SARESP 2025,4.4,numero
data (2).xlsx,33,Semana 33 · 13/09 a 19/09,JOSE LEITE PINHEIRO PROFESSOR - 14527,SARESP Equidade Nota Super BI,0.0,numero
data (2).xlsx,33,Semana 33 · 13/09 a 19/09,JOSE LEITE PINHEIRO PROFESSOR - 14527,SARESP Nota Super BI,6.5,numero
data (2).xlsx,33,Semana 33 · 13/09 a 19/09,JOSE LEITE PINHEIRO PROFESSOR - 14527,Tarefa SP,10.0,numero
data (2).xlsx,33,Semana 33 · 13/09 a 19/09,JOSE PENNA - 14540,(%) Adesão ENEM,0.7407407407407407,percentual
data (2).xlsx,33,Semana 33 · 13/09 a 19/09,JOSE PENNA - 14540,Ajuste de Desigualdades,0.504391875,numero
data (2).xlsx,33,Semana 33 · 13/09 a 19/09,JOSE PENNA - 14540,Aluno Presente,0.877260923048886,numero
data (2).xlsx,33,Semana 33 · 13/09 a 19/09,JOSE PENNA - 14540,Apoio Presencial,3.0,numero
data (2).xlsx,33,Semana 33 · 13/09 a 19/09,JOSE PENNA - 14540,Farol SARESP,2.0,numero
data (2).xlsx,33,Semana 33 · 13/09 a 19/09,JOSE PENNA - 14540,Nota Final,7.547362333682724,numero
data (2).xlsx,33,Semana 33 · 13/09 a 19/09,JOSE PENNA - 14540,Professor Presente,0.9766187050359713,numero
data (2).xlsx,33,Semana 33 · 13/09 a 19/09,JOSE PENNA - 14540,Qualidade Educacional,6.66,numero
data (2).xlsx,33,Semana 33 · 13/09 a 19/09,JOSE PENNA - 14540,SARESP 2025,4.5,numero
data (2).xlsx,33,Semana 33 · 13/09 a 19/09,JOSE PENNA - 14540,SARESP Equidade Nota Super BI,0.0,numero
data (2).xlsx,33,Semana 33 · 13/09 a 19/09,JOSE PENNA - 14540,SARESP Nota Super BI,7.0,numero
data (2).xlsx,33,Semana 33 · 13/09 a 19/09,JOSE PENNA - 14540,Tarefa SP,9.771674823269466,numero
data (2).xlsx,33,Semana 33 · 13/09 a 19/09,JOSE PIRES DE CARVALHO DOUTOR - 924088,Ajuste de Desigualdades,0.5430618749999999,numero
data (2).xlsx,33,Semana 33 · 13/09 a 19/09,JOSE PIRES DE CARVALHO DOUTOR - 924088,Aluno Presente,0.9203286558345642,numero
data (2).xlsx,33,Semana 33 · 13/09 a 19/09,JOSE PIRES DE CARVALHO DOUTOR - 924088,Apoio Presencial,3.0,numero
data (2).xlsx,33,Semana 33 · 13/09 a 19/09,JOSE PIRES DE CARVALHO DOUTOR - 924088,Farol SARESP,3.0,numero
data (2).xlsx,33,Semana 33 · 13/09 a 19/09,JOSE PIRES DE CARVALHO DOUTOR - 924088,Nota Final,9.648425860941138,numero
data (2).xlsx,33,Semana 33 · 13/09 a 19/09,JOSE PIRES DE CARVALHO DOUTOR - 924088,Professor Presente,0.959375,numero
data (2).xlsx,33,Semana 33 · 13/09 a 19/09,JOSE PIRES DE CARVALHO DOUTOR - 924088,Qualidade Educacional,8.28,numero
data (2).xlsx,33,Semana 33 · 13/09 a 19/09,JOSE PIRES DE CARVALHO DOUTOR - 924088,SARESP 2025,6.1,numero
data (2).xlsx,33,Semana 33 · 13/09 a 19/09,JOSE PIRES DE CARVALHO DOUTOR - 924088,SARESP Equidade Nota Super BI,10.0,numero
data (2).xlsx,33,Semana 33 · 13/09 a 19/09,JOSE PIRES DE CARVALHO DOUTOR - 924088,SARESP Nota Super BI,10.0,numero
data (2).xlsx,33,Semana 33 · 13/09 a 19/09,JOSE PIRES DE CARVALHO DOUTOR - 924088,Tarefa SP,9.335086850987933,numero
data (2).xlsx,33,Semana 33 · 13/09 a 19/09,MARIA IZABEL CRUZ PIMENTEL DONA - 38908,(%) Adesão ENEM,1.0,percentual
data (2).xlsx,33,Semana 33 · 13/09 a 19/09,MARIA IZABEL CRUZ PIMENTEL DONA - 38908,Ajuste de Desigualdades,0.536754375,numero
data (2).xlsx,33,Semana 33 · 13/09 a 19/09,MARIA IZABEL CRUZ PIMENTEL DONA - 38908,Aluno Presente,0.9170191427200977,numero
data (2).xlsx,33,Semana 33 · 13/09 a 19/09,MARIA IZABEL CRUZ PIMENTEL DONA - 38908,Apoio Presencial,3.0,numero
data (2).xlsx,33,Semana 33 · 13/09 a 19/09,MARIA IZABEL CRUZ PIMENTEL DONA - 38908,Farol SARESP,2.0,numero
data (2).xlsx,33,Semana 33 · 13/09 a 19/09,MARIA IZABEL CRUZ PIMENTEL DONA - 38908,Nota Final,7.776097758297301,numero
data (2).xlsx,33,Semana 33 · 13/09 a 19/09,MARIA IZABEL CRUZ PIMENTEL DONA - 38908,Professor Presente,0.9574468085106383,numero
data (2).xlsx,33,Semana 33 · 13/09 a 19/09,MARIA IZABEL CRUZ PIMENTEL DONA - 38908,Qualidade Educacional,7.279999999999999,numero
data (2).xlsx,33,Semana 33 · 13/09 a 19/09,MARIA IZABEL CRUZ PIMENTEL DONA - 38908,SARESP 2025,3.9,numero
data (2).xlsx,33,Semana 33 · 13/09 a 19/09,MARIA IZABEL CRUZ PIMENTEL DONA - 38908,SARESP Equidade Nota Super BI,3.175,numero
data (2).xlsx,33,Semana 33 · 13/09 a 19/09,MARIA IZABEL CRUZ PIMENTEL DONA - 38908,SARESP Nota Super BI,5.0,numero
data (2).xlsx,33,Semana 33 · 13/09 a 19/09,MARIA IZABEL CRUZ PIMENTEL DONA - 38908,Tarefa SP,9.359285478107687,numero
data (2).xlsx,33,Semana 33 · 13/09 a 19/09,MATILDE VIEIRA - 14679,(%) Adesão ENEM,0.9882352941176471,percentual
data (2).xlsx,33,Semana 33 · 13/09 a 19/09,MATILDE VIEIRA - 14679,Ajuste de Desigualdades,0.524095625,numero
data (2).xlsx,33,Semana 33 · 13/09 a 19/09,MATILDE VIEIRA - 14679,Aluno Presente,0.8669901527044385,numero
data (2).xlsx,33,Semana 33 · 13/09 a 19/09,MATILDE VIEIRA - 14679,Apoio Presencial,3.0,numero
data (2).xlsx,33,Semana 33 · 13/09 a 19/09,MATILDE VIEIRA - 14679,Farol SARESP,3.0,numero
data (2).xlsx,33,Semana 33 · 13/09 a 19/09,MATILDE VIEIRA - 14679,Nota Final,6.982005342906782,numero
data (2).xlsx,33,Semana 33 · 13/09 a 19/09,MATILDE VIEIRA - 14679,Professor Presente,0.9624060150375939,numero
data (2).xlsx,33,Semana 33 · 13/09 a 19/09,MATILDE VIEIRA - 14679,Qualidade Educacional,6.710000000000001,numero
data (2).xlsx,33,Semana 33 · 13/09 a 19/09,MATILDE VIEIRA - 14679,SARESP 2025,4.2,numero
data (2).xlsx,33,Semana 33 · 13/09 a 19/09,MATILDE VIEIRA - 14679,SARESP Equidade Nota Super BI,0.0,numero
data (2).xlsx,33,Semana 33 · 13/09 a 19/09,MATILDE VIEIRA - 14679,SARESP Nota Super BI,5.5,numero
data (2).xlsx,33,Semana 33 · 13/09 a 19/09,MATILDE VIEIRA - 14679,Tarefa SP,9.118312381210242,numero
data (2).xlsx,33,Semana 33 · 13/09 a 19/09,PAULO ARAUJO NOVAES DOUTOR - 14461,(%) Adesão ENEM,0.9666666666666667,percentual
data (2).xlsx,33,Semana 33 · 13/09 a 19/09,PAULO ARAUJO NOVAES DOUTOR - 14461,Ajuste de Desigualdades,0.587323125,numero
data (2).xlsx,33,Semana 33 · 13/09 a 19/09,PAULO ARAUJO NOVAES DOUTOR - 14461,Aluno Presente,0.8459433404857418,numero
data (2).xlsx,33,Semana 33 · 13/09 a 19/09,PAULO ARAUJO NOVAES DOUTOR - 14461,Apoio Presencial,2.8333333333333335,numero
data (2).xlsx,33,Semana 33 · 13/09 a 19/09,PAULO ARAUJO NOVAES DOUTOR - 14461,Farol SARESP,1.0,numero
data (2).xlsx,33,Semana 33 · 13/09 a 19/09,PAULO ARAUJO NOVAES DOUTOR - 14461,Nota Final,7.56290293948618,numero
data (2).xlsx,33,Semana 33 · 13/09 a 19/09,PAULO ARAUJO NOVAES DOUTOR - 14461,Professor Presente,0.9538461538461539,numero
data (2).xlsx,33,Semana 33 · 13/09 a 19/09,PAULO ARAUJO NOVAES DOUTOR - 14461,Qualidade Educacional,5.64,numero
data (2).xlsx,33,Semana 33 · 13/09 a 19/09,PAULO ARAUJO NOVAES DOUTOR - 14461,SARESP 2025,4.4,numero
data (2).xlsx,33,Semana 33 · 13/09 a 19/09,PAULO ARAUJO NOVAES DOUTOR - 14461,SARESP Equidade Nota Super BI,6.35,numero
data (2).xlsx,33,Semana 33 · 13/09 a 19/09,PAULO ARAUJO NOVAES DOUTOR - 14461,SARESP Nota Super BI,7.5,numero
data (2).xlsx,33,Semana 33 · 13/09 a 19/09,PAULO ARAUJO NOVAES DOUTOR - 14461,Tarefa SP,9.186249944049058,numero
data (2).xlsx,33,Semana 33 · 13/09 a 19/09,PAULO DELICIO - 14515,(%) Adesão ENEM,0.9375,percentual
data (2).xlsx,33,Semana 33 · 13/09 a 19/09,PAULO DELICIO - 14515,Ajuste de Desigualdades,0.512821875,numero
data (2).xlsx,33,Semana 33 · 13/09 a 19/09,PAULO DELICIO - 14515,Aluno Presente,0.8694844403158384,numero
data (2).xlsx,33,Semana 33 · 13/09 a 19/09,PAULO DELICIO - 14515,Apoio Presencial,2.75,numero
data (2).xlsx,33,Semana 33 · 13/09 a 19/09,PAULO DELICIO - 14515,Farol SARESP,3.0,numero
data (2).xlsx,33,Semana 33 · 13/09 a 19/09,PAULO DELICIO - 14515,Nota Final,6.323860469557292,numero
data (2).xlsx,33,Semana 33 · 13/09 a 19/09,PAULO DELICIO - 14515,Professor Presente,0.9023255813953488,numero
data (2).xlsx,33,Semana 33 · 13/09 a 19/09,PAULO DELICIO - 14515,Qualidade Educacional,5.23,numero
data (2).xlsx,33,Semana 33 · 13/09 a 19/09,PAULO DELICIO - 14515,SARESP 2025,4.4,numero
data (2).xlsx,33,Semana 33 · 13/09 a 19/09,PAULO DELICIO - 14515,SARESP Equidade Nota Super BI,0.0,numero
data (2).xlsx,33,Semana 33 · 13/09 a 19/09,PAULO DELICIO - 14515,SARESP Nota Super BI,7.0,numero
data (2).xlsx,33,Semana 33 · 13/09 a 19/09,PAULO DELICIO - 14515,Tarefa SP,7.939623743519122,numero
data (2).xlsx,33,Semana 33 · 13/09 a 19/09,PEDRO BENTO ALVES - 14503,(%) Adesão ENEM,0.9206349206349206,percentual
data (2).xlsx,33,Semana 33 · 13/09 a 19/09,PEDRO BENTO ALVES - 14503,Ajuste de Desigualdades,0.571585625,numero
data (2).xlsx,33,Semana 33 · 13/09 a 19/09,PEDRO BENTO ALVES - 14503,Aluno Presente,0.8547423450336071,numero
data (2).xlsx,33,Semana 33 · 13/09 a 19/09,PEDRO BENTO ALVES - 14503,Apoio Presencial,3.0,numero
data (2).xlsx,33,Semana 33 · 13/09 a 19/09,PEDRO BENTO ALVES - 14503,Farol SARESP,4.0,numero
data (2).xlsx,33,Semana 33 · 13/09 a 19/09,PEDRO BENTO ALVES - 14503,Nota Final,7.1862319520668585,numero
data (2).xlsx,33,Semana 33 · 13/09 a 19/09,PEDRO BENTO ALVES - 14503,Professor Presente,0.9575163398692811,numero
data (2).xlsx,33,Semana 33 · 13/09 a 19/09,PEDRO BENTO ALVES - 14503,Qualidade Educacional,6.719999999999999,numero
data (2).xlsx,33,Semana 33 · 13/09 a 19/09,PEDRO BENTO ALVES - 14503,SARESP 2025,4.0,numero
data (2).xlsx,33,Semana 33 · 13/09 a 19/09,PEDRO BENTO ALVES - 14503,SARESP Equidade Nota Super BI,2.125,numero
data (2).xlsx,33,Semana 33 · 13/09 a 19/09,PEDRO BENTO ALVES - 14503,SARESP Nota Super BI,6.0,numero
data (2).xlsx,33,Semana 33 · 13/09 a 19/09,PEDRO BENTO ALVES - 14503,Tarefa SP,9.258669054953444,numero
data (2).xlsx,33,Semana 33 · 13/09 a 19/09,PROFESSORA MARIANA APARECIDA TODESCATO - 191516,(%) Adesão ENEM,0.875,percentual
data (2).xlsx,33,Semana 33 · 13/09 a 19/09,PROFESSORA MARIANA APARECIDA TODESCATO - 191516,Ajuste de Desigualdades,0.5389087499999999,numero
data (2).xlsx,33,Semana 33 · 13/09 a 19/09,PROFESSORA MARIANA APARECIDA TODESCATO - 191516,Aluno Presente,0.881024496519475,numero
data (2).xlsx,33,Semana 33 · 13/09 a 19/09,PROFESSORA MARIANA APARECIDA TODESCATO - 191516,Apoio Presencial,2.75,numero
data (2).xlsx,33,Semana 33 · 13/09 a 19/09,PROFESSORA MARIANA APARECIDA TODESCATO - 191516,Farol SARESP,4.0,numero
data (2).xlsx,33,Semana 33 · 13/09 a 19/09,PROFESSORA MARIANA APARECIDA TODESCATO - 191516,Nota Final,7.9384864814445,numero
data (2).xlsx,33,Semana 33 · 13/09 a 19/09,PROFESSORA MARIANA APARECIDA TODESCATO - 191516,Professor Presente,0.9271653543307087,numero
data (2).xlsx,33,Semana 33 · 13/09 a 19/09,PROFESSORA MARIANA APARECIDA TODESCATO - 191516,Qualidade Educacional,6.37,numero
data (2).xlsx,33,Semana 33 · 13/09 a 19/09,PROFESSORA MARIANA APARECIDA TODESCATO - 191516,SARESP 2025,4.8,numero
data (2).xlsx,33,Semana 33 · 13/09 a 19/09,PROFESSORA MARIANA APARECIDA TODESCATO - 191516,SARESP Equidade Nota Super BI,5.65,numero
data (2).xlsx,33,Semana 33 · 13/09 a 19/09,PROFESSORA MARIANA APARECIDA TODESCATO - 191516,SARESP Nota Super BI,8.5,numero
data (2).xlsx,33,Semana 33 · 13/09 a 19/09,PROFESSORA MARIANA APARECIDA TODESCATO - 191516,Tarefa SP,9.856219203433533,numero
data (2).xlsx,33,Semana 33 · 13/09 a 19/09,SANDRA APARECIDA DE ARAUJO PROFESSORA - 924337,(%) Adesão ENEM,0.9473684210526315,percentual
data (2).xlsx,33,Semana 33 · 13/09 a 19/09,SANDRA APARECIDA DE ARAUJO PROFESSORA - 924337,Ajuste de Desigualdades,0.5426887499999999,numero
data (2).xlsx,33,Semana 33 · 13/09 a 19/09,SANDRA APARECIDA DE ARAUJO PROFESSORA - 924337,Aluno Presente,0.9005694261936049,numero
data (2).xlsx,33,Semana 33 · 13/09 a 19/09,SANDRA APARECIDA DE ARAUJO PROFESSORA - 924337,Apoio Presencial,3.0,numero
data (2).xlsx,33,Semana 33 · 13/09 a 19/09,SANDRA APARECIDA DE ARAUJO PROFESSORA - 924337,Farol SARESP,2.0,numero
data (2).xlsx,33,Semana 33 · 13/09 a 19/09,SANDRA APARECIDA DE ARAUJO PROFESSORA - 924337,Nota Final,7.388454661217622,numero
data (2).xlsx,33,Semana 33 · 13/09 a 19/09,SANDRA APARECIDA DE ARAUJO PROFESSORA - 924337,Professor Presente,0.9471698113207547,numero
data (2).xlsx,33,Semana 33 · 13/09 a 19/09,SANDRA APARECIDA DE ARAUJO PROFESSORA - 924337,Qualidade Educacional,6.75,numero
data (2).xlsx,33,Semana 33 · 13/09 a 19/09,SANDRA APARECIDA DE ARAUJO PROFESSORA - 924337,SARESP 2025,4.3,numero
data (2).xlsx,33,Semana 33 · 13/09 a 19/09,SANDRA APARECIDA DE ARAUJO PROFESSORA - 924337,SARESP Equidade Nota Super BI,0.0,numero
data (2).xlsx,33,Semana 33 · 13/09 a 19/09,SANDRA APARECIDA DE ARAUJO PROFESSORA - 924337,SARESP Nota Super BI,7.0,numero
data (2).xlsx,33,Semana 33 · 13/09 a 19/09,SANDRA APARECIDA DE ARAUJO PROFESSORA - 924337,Tarefa SP,8.48839335974355,numero
data (2).xlsx,33,Semana 33 · 13/09 a 19/09,Total (planilha),(%) Adesão ENEM,0.9210097719869706,percentual
data (2).xlsx,33,Semana 33 · 13/09 a 19/09,Total (planilha),Ajuste de Desigualdades,0.5550327256315788,numero
data (2).xlsx,33,Semana 33 · 13/09 a 19/09,Total (planilha),Aluno Presente,0.8752377281178322,numero
data (2).xlsx,33,Semana 33 · 13/09 a 19/09,Total (planilha),Apoio Presencial,3.0,numero
data (2).xlsx,33,Semana 33 · 13/09 a 19/09,Total (planilha),Nota Final,7.586908465079698,numero
data (2).xlsx,33,Semana 33 · 13/09 a 19/09,Total (planilha),Professor Presente,0.9500822368421052,numero
data (2).xlsx,33,Semana 33 · 13/09 a 19/09,Total (planilha),Qualidade Educacional,6.983913043478262,numero
data (2).xlsx,33,Semana 33 · 13/09 a 19/09,Total (planilha),SARESP 2025,4.3,numero
data (2).xlsx,33,Semana 33 · 13/09 a 19/09,Total (planilha),SARESP Equidade Nota Super BI,3.262318419523533,numero
data (2).xlsx,33,Semana 33 · 13/09 a 19/09,Total (planilha),SARESP Nota Super BI,6.5,numero
data (2).xlsx,33,Semana 33 · 13/09 a 19/09,Total (planilha),Tarefa SP,9.372510634925789,numero
data (1).xlsx,34,Semana 34 · 20/09 a 26/09,ABILIO RAPOSO FERRAZ JUNIOR - 903188,(%) Adesão ENEM,1.0,percentual
data (1).xlsx,34,Semana 34 · 20/09 a 26/09,ABILIO RAPOSO FERRAZ JUNIOR - 903188,Ajuste de Desigualdades,0.58763375,numero
data (1).xlsx,34,Semana 34 · 20/09 a 26/09,ABILIO RAPOSO FERRAZ JUNIOR - 903188,Aluno Presente,0.8789446622533582,numero
data (1).xlsx,34,Semana 34 · 20/09 a 26/09,ABILIO RAPOSO FERRAZ JUNIOR - 903188,Apoio Presencial,2.6666666666666665,numero
data (1).xlsx,34,Semana 34 · 20/09 a 26/09,ABILIO RAPOSO FERRAZ JUNIOR - 903188,Farol SARESP,3.0,numero
data (1).xlsx,34,Semana 34 · 20/09 a 26/09,ABILIO RAPOSO FERRAZ JUNIOR - 903188,Nota Final,6.734793689921286,numero
data (1).xlsx,34,Semana 34 · 20/09 a 26/09,ABILIO RAPOSO FERRAZ JUNIOR - 903188,Professor Presente,0.94125,numero
data (1).xlsx,34,Semana 34 · 20/09 a 26/09,ABILIO RAPOSO FERRAZ JUNIOR - 903188,Qualidade Educacional,9.01,numero
data (1).xlsx,34,Semana 34 · 20/09 a 26/09,ABILIO RAPOSO FERRAZ JUNIOR - 903188,SARESP 2025,3.9,numero
data (1).xlsx,34,Semana 34 · 20/09 a 26/09,ABILIO RAPOSO FERRAZ JUNIOR - 903188,SARESP Equidade Nota Super BI,0.0,numero
data (1).xlsx,34,Semana 34 · 20/09 a 26/09,ABILIO RAPOSO FERRAZ JUNIOR - 903188,SARESP Nota Super BI,3.75,numero
data (1).xlsx,34,Semana 34 · 20/09 a 26/09,ASSENTAMENTO ZUMBI DOS PALMARES - 566032,(%) Adesão ENEM,1.0,percentual
data (1).xlsx,34,Semana 34 · 20/09 a 26/09,ASSENTAMENTO ZUMBI DOS PALMARES - 566032,Ajuste de Desigualdades,0.948979375,numero
data (1).xlsx,34,Semana 34 · 20/09 a 26/09,ASSENTAMENTO ZUMBI DOS PALMARES - 566032,Aluno Presente,0.9271555996035679,numero
data (1).xlsx,34,Semana 34 · 20/09 a 26/09,ASSENTAMENTO ZUMBI DOS PALMARES - 566032,Nota Final,7.275312649750022,numero
data (1).xlsx,34,Semana 34 · 20/09 a 26/09,ASSENTAMENTO ZUMBI DOS PALMARES - 566032,Professor Presente,0.8395061728395061,numero
data (1).xlsx,34,Semana 34 · 20/09 a 26/09,AVELINO APARECIDO RIBEIRO DOUTOR - 14552,(%) Adesão ENEM,0.9411764705882353,percentual
data (1).xlsx,34,Semana 34 · 20/09 a 26/09,AVELINO APARECIDO RIBEIRO DOUTOR - 14552,Ajuste de Desigualdades,0.766949375,numero
data (1).xlsx,34,Semana 34 · 20/09 a 26/09,AVELINO APARECIDO RIBEIRO DOUTOR - 14552,Aluno Presente,0.8937093275488069,numero
data (1).xlsx,34,Semana 34 · 20/09 a 26/09,AVELINO APARECIDO RIBEIRO DOUTOR - 14552,Apoio Presencial,3.0,numero
data (1).xlsx,34,Semana 34 · 20/09 a 26/09,AVELINO APARECIDO RIBEIRO DOUTOR - 14552,Farol SARESP,4.0,numero
data (1).xlsx,34,Semana 34 · 20/09 a 26/09,AVELINO APARECIDO RIBEIRO DOUTOR - 14552,Nota Final,7.085771483446555,numero
data (1).xlsx,34,Semana 34 · 20/09 a 26/09,AVELINO APARECIDO RIBEIRO DOUTOR - 14552,Professor Presente,0.9047619047619048,numero
data (1).xlsx,34,Semana 34 · 20/09 a 26/09,AVELINO APARECIDO RIBEIRO DOUTOR - 14552,Qualidade Educacional,5.99,numero
data (1).xlsx,34,Semana 34 · 20/09 a 26/09,AVELINO APARECIDO RIBEIRO DOUTOR - 14552,SARESP 2025,2.9,numero
data (1).xlsx,34,Semana 34 · 20/09 a 26/09,AVELINO APARECIDO RIBEIRO DOUTOR - 14552,SARESP Nota Super BI,3.3333000000000004,numero
data (1).xlsx,34,Semana 34 · 20/09 a 26/09,BENE ANDRADE DONA - 14631,(%) Adesão ENEM,0.9615384615384616,percentual
data (1).xlsx,34,Semana 34 · 20/09 a 26/09,BENE ANDRADE DONA - 14631,Ajuste de Desigualdades,0.5545574999999999,numero
data (1).xlsx,34,Semana 34 · 20/09 a 26/09,BENE ANDRADE DONA - 14631,Aluno Presente,0.8136959110758237,numero
data (1).xlsx,34,Semana 34 · 20/09 a 26/09,BENE ANDRADE DONA - 14631,Apoio Presencial,2.6666666666666665,numero
data (1).xlsx,34,Semana 34 · 20/09 a 26/09,BENE ANDRADE DONA - 14631,Farol SARESP,2.0,numero
data (1).xlsx,34,Semana 34 · 20/09 a 26/09,BENE ANDRADE DONA - 14631,Nota Final,7.2502172537187235,numero
data (1).xlsx,34,Semana 34 · 20/09 a 26/09,BENE ANDRADE DONA - 14631,Professor Presente,0.9660714285714286,numero
data (1).xlsx,34,Semana 34 · 20/09 a 26/09,BENE ANDRADE DONA - 14631,Qualidade Educacional,7.199999999999999,numero
data (1).xlsx,34,Semana 34 · 20/09 a 26/09,BENE ANDRADE DONA - 14631,SARESP 2025,3.9,numero
data (1).xlsx,34,Semana 34 · 20/09 a 26/09,BENE ANDRADE DONA - 14631,SARESP Equidade Nota Super BI,10.0,numero
data (1).xlsx,34,Semana 34 · 20/09 a 26/09,BENE ANDRADE DONA - 14631,SARESP Nota Super BI,5.0,numero
data (1).xlsx,34,Semana 34 · 20/09 a 26/09,CELSO FERREIRA DA SILVA PROFESSOR - 918489,Ajuste de Desigualdades,0.470021875,numero
data (1).xlsx,34,Semana 34 · 20/09 a 26/09,CELSO FERREIRA DA SILVA PROFESSOR - 918489,Aluno Presente,0.8741661336013891,numero
data (1).xlsx,34,Semana 34 · 20/09 a 26/09,CELSO FERREIRA DA SILVA PROFESSOR - 918489,Apoio Presencial,3.0,numero
data (1).xlsx,34,Semana 34 · 20/09 a 26/09,CELSO FERREIRA DA SILVA PROFESSOR - 918489,Farol SARESP,2.0,numero
data (1).xlsx,34,Semana 34 · 20/09 a 26/09,CELSO FERREIRA DA SILVA PROFESSOR - 918489,Nota Final,5.744407841457791,numero
data (1).xlsx,34,Semana 34 · 20/09 a 26/09,CELSO FERREIRA DA SILVA PROFESSOR - 918489,Professor Presente,0.875,numero
data (1).xlsx,34,Semana 34 · 20/09 a 26/09,CELSO FERREIRA DA SILVA PROFESSOR - 918489,Qualidade Educacional,6.1899999999999995,numero
data (1).xlsx,34,Semana 34 · 20/09 a 26/09,CELSO FERREIRA DA SILVA PROFESSOR - 918489,SARESP 2025,4.8,numero
data (1).xlsx,34,Semana 34 · 20/09 a 26/09,CELSO FERREIRA DA SILVA PROFESSOR - 918489,SARESP Equidade Nota Super BI,0.0,numero
data (1).xlsx,34,Semana 34 · 20/09 a 26/09,CELSO FERREIRA DA SILVA PROFESSOR - 918489,SARESP Nota Super BI,5.5,numero
data (1).xlsx,34,Semana 34 · 20/09 a 26/09,COTA LEONEL DONA - 905185,(%) Adesão ENEM,0.9487179487179487,percentual
data (1).xlsx,34,Semana 34 · 20/09 a 26/09,COTA LEONEL DONA - 905185,Ajuste de Desigualdades,0.544470625,numero
data (1).xlsx,34,Semana 34 · 20/09 a 26/09,COTA LEONEL DONA - 905185,Aluno Presente,0.832320642176264,numero
data (1).xlsx,34,Semana 34 · 20/09 a 26/09,COTA LEONEL DONA - 905185,Apoio Presencial,2.0,numero
data (1).xlsx,34,Semana 34 · 20/09 a 26/09,COTA LEONEL DONA - 905185,Farol SARESP,2.0,numero
data (1).xlsx,34,Semana 34 · 20/09 a 26/09,COTA LEONEL DONA - 905185,Nota Final,5.629141670732804,numero
data (1).xlsx,34,Semana 34 · 20/09 a 26/09,COTA LEONEL DONA - 905185,Professor Presente,0.878,numero
data (1).xlsx,34,Semana 34 · 20/09 a 26/09,COTA LEONEL DONA - 905185,Qualidade Educacional,6.26,numero
data (1).xlsx,34,Semana 34 · 20/09 a 26/09,COTA LEONEL DONA - 905185,SARESP 2025,4.5,numero
data (1).xlsx,34,Semana 34 · 20/09 a 26/09,COTA LEONEL DONA - 905185,SARESP Equidade Nota Super BI,0.025000000000000005,numero
data (1).xlsx,34,Semana 34 · 20/09 a 26/09,COTA LEONEL DONA - 905185,SARESP Nota Super BI,7.0,numero
data (1).xlsx,34,Semana 34 · 20/09 a 26/09,DIMAS MOZART E SILVA PROFESSOR - 900424,(%) Adesão ENEM,1.0,percentual
data (1).xlsx,34,Semana 34 · 20/09 a 26/09,DIMAS MOZART E SILVA PROFESSOR - 900424,Ajuste de Desigualdades,0.5254106249999999,numero
data (1).xlsx,34,Semana 34 · 20/09 a 26/09,DIMAS MOZART E SILVA PROFESSOR - 900424,Aluno Presente,0.9246933661581747,numero
data (1).xlsx,34,Semana 34 · 20/09 a 26/09,DIMAS MOZART E SILVA PROFESSOR - 900424,Apoio Presencial,3.0,numero
data (1).xlsx,34,Semana 34 · 20/09 a 26/09,DIMAS MOZART E SILVA PROFESSOR - 900424,Farol SARESP,4.0,numero
data (1).xlsx,34,Semana 34 · 20/09 a 26/09,DIMAS MOZART E SILVA PROFESSOR - 900424,Nota Final,8.567165393551079,numero
data (1).xlsx,34,Semana 34 · 20/09 a 26/09,DIMAS MOZART E SILVA PROFESSOR - 900424,Professor Presente,0.9828571428571429,numero
data (1).xlsx,34,Semana 34 · 20/09 a 26/09,DIMAS MOZART E SILVA PROFESSOR - 900424,Qualidade Educacional,8.12,numero
data (1).xlsx,34,Semana 34 · 20/09 a 26/09,DIMAS MOZART E SILVA PROFESSOR - 900424,SARESP 2025,4.6,numero
data (1).xlsx,34,Semana 34 · 20/09 a 26/09,DIMAS MOZART E SILVA PROFESSOR - 900424,SARESP Equidade Nota Super BI,2.95,numero
data (1).xlsx,34,Semana 34 · 20/09 a 26/09,DIMAS MOZART E SILVA PROFESSOR - 900424,SARESP Nota Super BI,7.5,numero
data (1).xlsx,34,Semana 34 · 20/09 a 26/09,EMILIO IMMOOS PADRE - 45226,Ajuste de Desigualdades,0.55166125,numero
data (1).xlsx,34,Semana 34 · 20/09 a 26/09,EMILIO IMMOOS PADRE - 45226,Aluno Presente,0.8598164020895673,numero
data (1).xlsx,34,Semana 34 · 20/09 a 26/09,EMILIO IMMOOS PADRE - 45226,Apoio Presencial,3.0,numero
data (1).xlsx,34,Semana 34 · 20/09 a 26/09,EMILIO IMMOOS PADRE - 45226,Farol SARESP,1.0,numero
data (1).xlsx,34,Semana 34 · 20/09 a 26/09,EMILIO IMMOOS PADRE - 45226,Nota Final,8.07986224609333,numero
data (1).xlsx,34,Semana 34 · 20/09 a 26/09,EMILIO IMMOOS PADRE - 45226,Professor Presente,0.9375,numero
data (1).xlsx,34,Semana 34 · 20/09 a 26/09,EMILIO IMMOOS PADRE - 45226,Qualidade Educacional,7.65,numero
data (1).xlsx,34,Semana 34 · 20/09 a 26/09,EMILIO IMMOOS PADRE - 45226,SARESP 2025,4.8,numero
data (1).xlsx,34,Semana 34 · 20/09 a 26/09,EMILIO IMMOOS PADRE - 45226,SARESP Equidade Nota Super BI,7.725,numero
data (1).xlsx,34,Semana 34 · 20/09 a 26/09,EMILIO IMMOOS PADRE - 45226,SARESP Nota Super BI,8.5,numero
data (1).xlsx,34,Semana 34 · 20/09 a 26/09,ERUCE PAULUCCI PROFESSOR - 914484,Ajuste de Desigualdades,0.732520625,numero
data (1).xlsx,34,Semana 34 · 20/09 a 26/09,ERUCE PAULUCCI PROFESSOR - 914484,Aluno Presente,0.776854287217254,numero
data (1).xlsx,34,Semana 34 · 20/09 a 26/09,ERUCE PAULUCCI PROFESSOR - 914484,Apoio Presencial,3.0,numero
data (1).xlsx,34,Semana 34 · 20/09 a 26/09,ERUCE PAULUCCI PROFESSOR - 914484,Farol SARESP,2.0,numero
data (1).xlsx,34,Semana 34 · 20/09 a 26/09,ERUCE PAULUCCI PROFESSOR - 914484,Nota Final,5.0914873659440465,numero
data (1).xlsx,34,Semana 34 · 20/09 a 26/09,ERUCE PAULUCCI PROFESSOR - 914484,Professor Presente,0.85,numero
data (1).xlsx,34,Semana 34 · 20/09 a 26/09,ERUCE PAULUCCI PROFESSOR - 914484,Qualidade Educacional,5.620000000000001,numero
data (1).xlsx,34,Semana 34 · 20/09 a 26/09,ERUCE PAULUCCI PROFESSOR - 914484,SARESP 2025,4.1,numero
data (1).xlsx,34,Semana 34 · 20/09 a 26/09,ERUCE PAULUCCI PROFESSOR - 914484,SARESP Equidade Nota Super BI,1.625,numero
data (1).xlsx,34,Semana 34 · 20/09 a 26/09,ERUCE PAULUCCI PROFESSOR - 914484,SARESP Nota Super BI,6.0,numero
data (1).xlsx,34,Semana 34 · 20/09 a 26/09,GUIDO DIAS DE ALMEIDA PROFESSOR - 910119,(%) Adesão ENEM,0.6027397260273972,percentual
data (1).xlsx,34,Semana 34 · 20/09 a 26/09,GUIDO DIAS DE ALMEIDA PROFESSOR - 910119,Ajuste de Desigualdades,0.50009125,numero
data (1).xlsx,34,Semana 34 · 20/09 a 26/09,GUIDO DIAS DE ALMEIDA PROFESSOR - 910119,Aluno Presente,0.8841163805001933,numero
data (1).xlsx,34,Semana 34 · 20/09 a 26/09,GUIDO DIAS DE ALMEIDA PROFESSOR - 910119,Apoio Presencial,3.0,numero
data (1).xlsx,34,Semana 34 · 20/09 a 26/09,GUIDO DIAS DE ALMEIDA PROFESSOR - 910119,Farol SARESP,4.0,numero
data (1).xlsx,34,Semana 34 · 20/09 a 26/09,GUIDO DIAS DE ALMEIDA PROFESSOR - 910119,Nota Final,5.544193746144401,numero
data (1).xlsx,34,Semana 34 · 20/09 a 26/09,GUIDO DIAS DE ALMEIDA PROFESSOR - 910119,Professor Presente,0.8605769230769231,numero
data (1).xlsx,34,Semana 34 · 20/09 a 26/09,GUIDO DIAS DE ALMEIDA PROFESSOR - 910119,Qualidade Educacional,7.08,numero
data (1).xlsx,34,Semana 34 · 20/09 a 26/09,GUIDO DIAS DE ALMEIDA PROFESSOR - 910119,SARESP 2025,3.7,numero
data (1).xlsx,34,Semana 34 · 20/09 a 26/09,GUIDO DIAS DE ALMEIDA PROFESSOR - 910119,SARESP Equidade Nota Super BI,4.3,numero
data (1).xlsx,34,Semana 34 · 20/09 a 26/09,GUIDO DIAS DE ALMEIDA PROFESSOR - 910119,SARESP Nota Super BI,1.25,numero
data (1).xlsx,34,Semana 34 · 20/09 a 26/09,JOAO CRUZ CORONEL - 14497,(%) Adesão ENEM,0.9094827586206896,percentual
data (1).xlsx,34,Semana 34 · 20/09 a 26/09,JOAO CRUZ CORONEL - 14497,Ajuste de Desigualdades,0.5885787499999999,numero
data (1).xlsx,34,Semana 34 · 20/09 a 26/09,JOAO CRUZ CORONEL - 14497,Aluno Presente,0.911886457717327,numero
data (1).xlsx,34,Semana 34 · 20/09 a 26/09,JOAO CRUZ CORONEL - 14497,Apoio Presencial,3.0,numero
data (1).xlsx,34,Semana 34 · 20/09 a 26/09,JOAO CRUZ CORONEL - 14497,Farol SARESP,3.0,numero
data (1).xlsx,34,Semana 34 · 20/09 a 26/09,JOAO CRUZ CORONEL - 14497,Nota Final,8.057813928308782,numero
data (1).xlsx,34,Semana 34 · 20/09 a 26/09,JOAO CRUZ CORONEL - 14497,Professor Presente,0.9570776255707762,numero
data (1).xlsx,34,Semana 34 · 20/09 a 26/09,JOAO CRUZ CORONEL - 14497,Qualidade Educacional,7.039999999999999,numero
data (1).xlsx,34,Semana 34 · 20/09 a 26/09,JOAO CRUZ CORONEL - 14497,SARESP 2025,4.1,numero
data (1).xlsx,34,Semana 34 · 20/09 a 26/09,JOAO CRUZ CORONEL - 14497,SARESP Equidade Nota Super BI,5.25,numero
data (1).xlsx,34,Semana 34 · 20/09 a 26/09,JOAO CRUZ CORONEL - 14497,SARESP Nota Super BI,6.5,numero
data (1).xlsx,34,Semana 34 · 20/09 a 26/09,JOAO MICHELIN - 14485,(%) Adesão ENEM,1.0,percentual
data (1).xlsx,34,Semana 34 · 20/09 a 26/09,JOAO MICHELIN - 14485,Ajuste de Desigualdades,0.445920625,numero
data (1).xlsx,34,Semana 34 · 20/09 a 26/09,JOAO MICHELIN - 14485,Aluno Presente,0.8330573380252536,numero
data (1).xlsx,34,Semana 34 · 20/09 a 26/09,JOAO MICHELIN - 14485,Apoio Presencial,3.0,numero
data (1).xlsx,34,Semana 34 · 20/09 a 26/09,JOAO MICHELIN - 14485,Farol SARESP,2.0,numero
data (1).xlsx,34,Semana 34 · 20/09 a 26/09,JOAO MICHELIN - 14485,Nota Final,7.232240895957077,numero
data (1).xlsx,34,Semana 34 · 20/09 a 26/09,JOAO MICHELIN - 14485,Professor Presente,0.984,numero
data (1).xlsx,34,Semana 34 · 20/09 a 26/09,JOAO MICHELIN - 14485,Qualidade Educacional,7.030000000000001,numero
data (1).xlsx,34,Semana 34 · 20/09 a 26/09,JOAO MICHELIN - 14485,SARESP 2025,4.6,numero
data (1).xlsx,34,Semana 34 · 20/09 a 26/09,JOAO MICHELIN - 14485,SARESP Equidade Nota Super BI,6.4,numero
data (1).xlsx,34,Semana 34 · 20/09 a 26/09,JOAO MICHELIN - 14485,SARESP Nota Super BI,5.5,numero
data (1).xlsx,34,Semana 34 · 20/09 a 26/09,JOAO TEIXEIRA DE ARAUJO PROFESSOR - 14588,(%) Adesão ENEM,0.9814814814814815,percentual
data (1).xlsx,34,Semana 34 · 20/09 a 26/09,JOAO TEIXEIRA DE ARAUJO PROFESSOR - 14588,Ajuste de Desigualdades,0.543636875,numero
data (1).xlsx,34,Semana 34 · 20/09 a 26/09,JOAO TEIXEIRA DE ARAUJO PROFESSOR - 14588,Aluno Presente,0.8799110959138314,numero
data (1).xlsx,34,Semana 34 · 20/09 a 26/09,JOAO TEIXEIRA DE ARAUJO PROFESSOR - 14588,Apoio Presencial,3.0,numero
data (1).xlsx,34,Semana 34 · 20/09 a 26/09,JOAO TEIXEIRA DE ARAUJO PROFESSOR - 14588,Farol SARESP,3.0,numero
data (1).xlsx,34,Semana 34 · 20/09 a 26/09,JOAO TEIXEIRA DE ARAUJO PROFESSOR - 14588,Nota Final,6.83197920087605,numero
data (1).xlsx,34,Semana 34 · 20/09 a 26/09,JOAO TEIXEIRA DE ARAUJO PROFESSOR - 14588,Professor Presente,0.9494949494949495,numero
data (1).xlsx,34,Semana 34 · 20/09 a 26/09,JOAO TEIXEIRA DE ARAUJO PROFESSOR - 14588,Qualidade Educacional,7.3,numero
data (1).xlsx,34,Semana 34 · 20/09 a 26/09,JOAO TEIXEIRA DE ARAUJO PROFESSOR - 14588,SARESP 2025,4.0,numero
data (1).xlsx,34,Semana 34 · 20/09 a 26/09,JOAO TEIXEIRA DE ARAUJO PROFESSOR - 14588,SARESP Equidade Nota Super BI,0.0,numero
data (1).xlsx,34,Semana 34 · 20/09 a 26/09,JOAO TEIXEIRA DE ARAUJO PROFESSOR - 14588,SARESP Nota Super BI,5.5,numero
data (1).xlsx,34,Semana 34 · 20/09 a 26/09,JOSE APARECIDO CASTELUCCI PROFESSOR - 49888,(%) Adesão ENEM,1.0,percentual
data (1).xlsx,34,Semana 34 · 20/09 a 26/09,JOSE APARECIDO CASTELUCCI PROFESSOR - 49888,Ajuste de Desigualdades,0.533184375,numero
data (1).xlsx,34,Semana 34 · 20/09 a 26/09,JOSE APARECIDO CASTELUCCI PROFESSOR - 49888,Aluno Presente,0.9503348214285714,numero
data (1).xlsx,34,Semana 34 · 20/09 a 26/09,JOSE APARECIDO CASTELUCCI PROFESSOR - 49888,Apoio Presencial,2.5,numero
data (1).xlsx,34,Semana 34 · 20/09 a 26/09,JOSE APARECIDO CASTELUCCI PROFESSOR - 49888,Farol SARESP,3.0,numero
data (1).xlsx,34,Semana 34 · 20/09 a 26/09,JOSE APARECIDO CASTELUCCI PROFESSOR - 49888,Nota Final,8.27929601862948,numero
data (1).xlsx,34,Semana 34 · 20/09 a 26/09,JOSE APARECIDO CASTELUCCI PROFESSOR - 49888,Professor Presente,0.9918367346938776,numero
data (1).xlsx,34,Semana 34 · 20/09 a 26/09,JOSE APARECIDO CASTELUCCI PROFESSOR - 49888,Qualidade Educacional,8.14,numero
data (1).xlsx,34,Semana 34 · 20/09 a 26/09,JOSE APARECIDO CASTELUCCI PROFESSOR - 49888,SARESP 2025,4.9,numero
data (1).xlsx,34,Semana 34 · 20/09 a 26/09,JOSE APARECIDO CASTELUCCI PROFESSOR - 49888,SARESP Equidade Nota Super BI,0.0,numero
data (1).xlsx,34,Semana 34 · 20/09 a 26/09,JOSE APARECIDO CASTELUCCI PROFESSOR - 49888,SARESP Nota Super BI,7.5,numero
data (1).xlsx,34,Semana 34 · 20/09 a 26/09,JOSE LEITE PINHEIRO PROFESSOR - 14527,(%) Adesão ENEM,0.9181818181818182,percentual
data (1).xlsx,34,Semana 34 · 20/09 a 26/09,JOSE LEITE PINHEIRO PROFESSOR - 14527,Ajuste de Desigualdades,0.59783625,numero
data (1).xlsx,34,Semana 34 · 20/09 a 26/09,JOSE LEITE PINHEIRO PROFESSOR - 14527,Aluno Presente,0.8770039592393069,numero
data (1).xlsx,34,Semana 34 · 20/09 a 26/09,JOSE LEITE PINHEIRO PROFESSOR - 14527,Apoio Presencial,3.0,numero
data (1).xlsx,34,Semana 34 · 20/09 a 26/09,JOSE LEITE PINHEIRO PROFESSOR - 14527,Farol SARESP,2.0,numero
data (1).xlsx,34,Semana 34 · 20/09 a 26/09,JOSE LEITE PINHEIRO PROFESSOR - 14527,Nota Final,6.804722148052129,numero
data (1).xlsx,34,Semana 34 · 20/09 a 26/09,JOSE LEITE PINHEIRO PROFESSOR - 14527,Professor Presente,0.8929292929292929,numero
data (1).xlsx,34,Semana 34 · 20/09 a 26/09,JOSE LEITE PINHEIRO PROFESSOR - 14527,Qualidade Educacional,8.36,numero
data (1).xlsx,34,Semana 34 · 20/09 a 26/09,JOSE LEITE PINHEIRO PROFESSOR - 14527,SARESP 2025,4.4,numero
data (1).xlsx,34,Semana 34 · 20/09 a 26/09,JOSE LEITE PINHEIRO PROFESSOR - 14527,SARESP Equidade Nota Super BI,0.0,numero
data (1).xlsx,34,Semana 34 · 20/09 a 26/09,JOSE LEITE PINHEIRO PROFESSOR - 14527,SARESP Nota Super BI,6.5,numero
data (1).xlsx,34,Semana 34 · 20/09 a 26/09,JOSE PENNA - 14540,(%) Adesão ENEM,0.7407407407407407,percentual
data (1).xlsx,34,Semana 34 · 20/09 a 26/09,JOSE PENNA - 14540,Ajuste de Desigualdades,0.504391875,numero
data (1).xlsx,34,Semana 34 · 20/09 a 26/09,JOSE PENNA - 14540,Aluno Presente,0.8998180621685441,numero
data (1).xlsx,34,Semana 34 · 20/09 a 26/09,JOSE PENNA - 14540,Apoio Presencial,3.0,numero
data (1).xlsx,34,Semana 34 · 20/09 a 26/09,JOSE PENNA - 14540,Farol SARESP,2.0,numero
data (1).xlsx,34,Semana 34 · 20/09 a 26/09,JOSE PENNA - 14540,Nota Final,7.411618497645048,numero
data (1).xlsx,34,Semana 34 · 20/09 a 26/09,JOSE PENNA - 14540,Professor Presente,0.9690189328743546,numero
data (1).xlsx,34,Semana 34 · 20/09 a 26/09,JOSE PENNA - 14540,Qualidade Educacional,6.66,numero
data (1).xlsx,34,Semana 34 · 20/09 a 26/09,JOSE PENNA - 14540,SARESP 2025,4.5,numero
data (1).xlsx,34,Semana 34 · 20/09 a 26/09,JOSE PENNA - 14540,SARESP Equidade Nota Super BI,0.0,numero
data (1).xlsx,34,Semana 34 · 20/09 a 26/09,JOSE PENNA - 14540,SARESP Nota Super BI,7.0,numero
data (1).xlsx,34,Semana 34 · 20/09 a 26/09,JOSE PIRES DE CARVALHO DOUTOR - 924088,Ajuste de Desigualdades,0.5430618749999999,numero
data (1).xlsx,34,Semana 34 · 20/09 a 26/09,JOSE PIRES DE CARVALHO DOUTOR - 924088,Aluno Presente,0.9321182815696485,numero
data (1).xlsx,34,Semana 34 · 20/09 a 26/09,JOSE PIRES DE CARVALHO DOUTOR - 924088,Apoio Presencial,3.0,numero
data (1).xlsx,34,Semana 34 · 20/09 a 26/09,JOSE PIRES DE CARVALHO DOUTOR - 924088,Farol SARESP,3.0,numero
data (1).xlsx,34,Semana 34 · 20/09 a 26/09,JOSE PIRES DE CARVALHO DOUTOR - 924088,Nota Final,9.481980393613718,numero
data (1).xlsx,34,Semana 34 · 20/09 a 26/09,JOSE PIRES DE CARVALHO DOUTOR - 924088,Professor Presente,0.93125,numero
data (1).xlsx,34,Semana 34 · 20/09 a 26/09,JOSE PIRES DE CARVALHO DOUTOR - 924088,Qualidade Educacional,8.28,numero
data (1).xlsx,34,Semana 34 · 20/09 a 26/09,JOSE PIRES DE CARVALHO DOUTOR - 924088,SARESP 2025,6.1,numero
data (1).xlsx,34,Semana 34 · 20/09 a 26/09,JOSE PIRES DE CARVALHO DOUTOR - 924088,SARESP Equidade Nota Super BI,10.0,numero
data (1).xlsx,34,Semana 34 · 20/09 a 26/09,JOSE PIRES DE CARVALHO DOUTOR - 924088,SARESP Nota Super BI,10.0,numero
data (1).xlsx,34,Semana 34 · 20/09 a 26/09,MARIA IZABEL CRUZ PIMENTEL DONA - 38908,(%) Adesão ENEM,1.0,percentual
data (1).xlsx,34,Semana 34 · 20/09 a 26/09,MARIA IZABEL CRUZ PIMENTEL DONA - 38908,Ajuste de Desigualdades,0.536754375,numero
data (1).xlsx,34,Semana 34 · 20/09 a 26/09,MARIA IZABEL CRUZ PIMENTEL DONA - 38908,Aluno Presente,0.8614711033274957,numero
data (1).xlsx,34,Semana 34 · 20/09 a 26/09,MARIA IZABEL CRUZ PIMENTEL DONA - 38908,Apoio Presencial,3.0,numero
data (1).xlsx,34,Semana 34 · 20/09 a 26/09,MARIA IZABEL CRUZ PIMENTEL DONA - 38908,Farol SARESP,2.0,numero
data (1).xlsx,34,Semana 34 · 20/09 a 26/09,MARIA IZABEL CRUZ PIMENTEL DONA - 38908,Nota Final,7.115315878838101,numero
data (1).xlsx,34,Semana 34 · 20/09 a 26/09,MARIA IZABEL CRUZ PIMENTEL DONA - 38908,Professor Presente,0.9742857142857143,numero
data (1).xlsx,34,Semana 34 · 20/09 a 26/09,MARIA IZABEL CRUZ PIMENTEL DONA - 38908,Qualidade Educacional,7.279999999999999,numero
data (1).xlsx,34,Semana 34 · 20/09 a 26/09,MARIA IZABEL CRUZ PIMENTEL DONA - 38908,SARESP 2025,3.9,numero
data (1).xlsx,34,Semana 34 · 20/09 a 26/09,MARIA IZABEL CRUZ PIMENTEL DONA - 38908,SARESP Equidade Nota Super BI,3.175,numero
data (1).xlsx,34,Semana 34 · 20/09 a 26/09,MARIA IZABEL CRUZ PIMENTEL DONA - 38908,SARESP Nota Super BI,5.0,numero
data (1).xlsx,34,Semana 34 · 20/09 a 26/09,MATILDE VIEIRA - 14679,(%) Adesão ENEM,0.9882352941176471,percentual
data (1).xlsx,34,Semana 34 · 20/09 a 26/09,MATILDE VIEIRA - 14679,Ajuste de Desigualdades,0.524095625,numero
data (1).xlsx,34,Semana 34 · 20/09 a 26/09,MATILDE VIEIRA - 14679,Aluno Presente,0.8435713741330692,numero
data (1).xlsx,34,Semana 34 · 20/09 a 26/09,MATILDE VIEIRA - 14679,Apoio Presencial,3.0,numero
data (1).xlsx,34,Semana 34 · 20/09 a 26/09,MATILDE VIEIRA - 14679,Farol SARESP,3.0,numero
data (1).xlsx,34,Semana 34 · 20/09 a 26/09,MATILDE VIEIRA - 14679,Nota Final,6.587665899340631,numero
data (1).xlsx,34,Semana 34 · 20/09 a 26/09,MATILDE VIEIRA - 14679,Professor Presente,0.9774436090225563,numero
data (1).xlsx,34,Semana 34 · 20/09 a 26/09,MATILDE VIEIRA - 14679,Qualidade Educacional,6.710000000000001,numero
data (1).xlsx,34,Semana 34 · 20/09 a 26/09,MATILDE VIEIRA - 14679,SARESP 2025,4.2,numero
data (1).xlsx,34,Semana 34 · 20/09 a 26/09,MATILDE VIEIRA - 14679,SARESP Equidade Nota Super BI,0.0,numero
data (1).xlsx,34,Semana 34 · 20/09 a 26/09,MATILDE VIEIRA - 14679,SARESP Nota Super BI,5.5,numero
data (1).xlsx,34,Semana 34 · 20/09 a 26/09,PAULO ARAUJO NOVAES DOUTOR - 14461,(%) Adesão ENEM,0.9666666666666667,percentual
data (1).xlsx,34,Semana 34 · 20/09 a 26/09,PAULO ARAUJO NOVAES DOUTOR - 14461,Ajuste de Desigualdades,0.587323125,numero
data (1).xlsx,34,Semana 34 · 20/09 a 26/09,PAULO ARAUJO NOVAES DOUTOR - 14461,Aluno Presente,0.764300621055543,numero
data (1).xlsx,34,Semana 34 · 20/09 a 26/09,PAULO ARAUJO NOVAES DOUTOR - 14461,Apoio Presencial,2.6666666666666665,numero
data (1).xlsx,34,Semana 34 · 20/09 a 26/09,PAULO ARAUJO NOVAES DOUTOR - 14461,Farol SARESP,1.0,numero
data (1).xlsx,34,Semana 34 · 20/09 a 26/09,PAULO ARAUJO NOVAES DOUTOR - 14461,Nota Final,6.399225674890235,numero
data (1).xlsx,34,Semana 34 · 20/09 a 26/09,PAULO ARAUJO NOVAES DOUTOR - 14461,Professor Presente,0.9456521739130435,numero
data (1).xlsx,34,Semana 34 · 20/09 a 26/09,PAULO ARAUJO NOVAES DOUTOR - 14461,Qualidade Educacional,5.64,numero
data (1).xlsx,34,Semana 34 · 20/09 a 26/09,PAULO ARAUJO NOVAES DOUTOR - 14461,SARESP 2025,4.4,numero
data (1).xlsx,34,Semana 34 · 20/09 a 26/09,PAULO ARAUJO NOVAES DOUTOR - 14461,SARESP Equidade Nota Super BI,6.35,numero
data (1).xlsx,34,Semana 34 · 20/09 a 26/09,PAULO ARAUJO NOVAES DOUTOR - 14461,SARESP Nota Super BI,7.5,numero
data (1).xlsx,34,Semana 34 · 20/09 a 26/09,PAULO DELICIO - 14515,(%) Adesão ENEM,0.9375,percentual
data (1).xlsx,34,Semana 34 · 20/09 a 26/09,PAULO DELICIO - 14515,Ajuste de Desigualdades,0.512821875,numero
data (1).xlsx,34,Semana 34 · 20/09 a 26/09,PAULO DELICIO - 14515,Aluno Presente,0.8842237061769616,numero
data (1).xlsx,34,Semana 34 · 20/09 a 26/09,PAULO DELICIO - 14515,Apoio Presencial,3.0,numero
data (1).xlsx,34,Semana 34 · 20/09 a 26/09,PAULO DELICIO - 14515,Farol SARESP,3.0,numero
data (1).xlsx,34,Semana 34 · 20/09 a 26/09,PAULO DELICIO - 14515,Nota Final,6.9183858443634305,numero
data (1).xlsx,34,Semana 34 · 20/09 a 26/09,PAULO DELICIO - 14515,Professor Presente,0.9705426356589147,numero
data (1).xlsx,34,Semana 34 · 20/09 a 26/09,PAULO DELICIO - 14515,Qualidade Educacional,5.23,numero
data (1).xlsx,34,Semana 34 · 20/09 a 26/09,PAULO DELICIO - 14515,SARESP 2025,4.4,numero
data (1).xlsx,34,Semana 34 · 20/09 a 26/09,PAULO DELICIO - 14515,SARESP Equidade Nota Super BI,0.0,numero
data (1).xlsx,34,Semana 34 · 20/09 a 26/09,PAULO DELICIO - 14515,SARESP Nota Super BI,7.0,numero
data (1).xlsx,34,Semana 34 · 20/09 a 26/09,PEDRO BENTO ALVES - 14503,(%) Adesão ENEM,0.9206349206349206,percentual
data (1).xlsx,34,Semana 34 · 20/09 a 26/09,PEDRO BENTO ALVES - 14503,Ajuste de Desigualdades,0.571585625,numero
data (1).xlsx,34,Semana 34 · 20/09 a 26/09,PEDRO BENTO ALVES - 14503,Aluno Presente,0.8870095767686129,numero
data (1).xlsx,34,Semana 34 · 20/09 a 26/09,PEDRO BENTO ALVES - 14503,Apoio Presencial,3.0,numero
data (1).xlsx,34,Semana 34 · 20/09 a 26/09,PEDRO BENTO ALVES - 14503,Farol SARESP,4.0,numero
data (1).xlsx,34,Semana 34 · 20/09 a 26/09,PEDRO BENTO ALVES - 14503,Nota Final,7.465734746417318,numero
data (1).xlsx,34,Semana 34 · 20/09 a 26/09,PEDRO BENTO ALVES - 14503,Professor Presente,0.9820261437908496,numero
data (1).xlsx,34,Semana 34 · 20/09 a 26/09,PEDRO BENTO ALVES - 14503,Qualidade Educacional,6.719999999999999,numero
data (1).xlsx,34,Semana 34 · 20/09 a 26/09,PEDRO BENTO ALVES - 14503,SARESP 2025,4.0,numero
data (1).xlsx,34,Semana 34 · 20/09 a 26/09,PEDRO BENTO ALVES - 14503,SARESP Equidade Nota Super BI,2.125,numero
data (1).xlsx,34,Semana 34 · 20/09 a 26/09,PEDRO BENTO ALVES - 14503,SARESP Nota Super BI,6.0,numero
data (1).xlsx,34,Semana 34 · 20/09 a 26/09,PROFESSORA MARIANA APARECIDA TODESCATO - 191516,(%) Adesão ENEM,0.875,percentual
data (1).xlsx,34,Semana 34 · 20/09 a 26/09,PROFESSORA MARIANA APARECIDA TODESCATO - 191516,Ajuste de Desigualdades,0.5389087499999999,numero
data (1).xlsx,34,Semana 34 · 20/09 a 26/09,PROFESSORA MARIANA APARECIDA TODESCATO - 191516,Aluno Presente,0.8892097663428722,numero
data (1).xlsx,34,Semana 34 · 20/09 a 26/09,PROFESSORA MARIANA APARECIDA TODESCATO - 191516,Apoio Presencial,3.0,numero
data (1).xlsx,34,Semana 34 · 20/09 a 26/09,PROFESSORA MARIANA APARECIDA TODESCATO - 191516,Farol SARESP,4.0,numero
data (1).xlsx,34,Semana 34 · 20/09 a 26/09,PROFESSORA MARIANA APARECIDA TODESCATO - 191516,Nota Final,8.339920296623415,numero
data (1).xlsx,34,Semana 34 · 20/09 a 26/09,PROFESSORA MARIANA APARECIDA TODESCATO - 191516,Professor Presente,0.984251968503937,numero
data (1).xlsx,34,Semana 34 · 20/09 a 26/09,PROFESSORA MARIANA APARECIDA TODESCATO - 191516,Qualidade Educacional,6.37,numero
data (1).xlsx,34,Semana 34 · 20/09 a 26/09,PROFESSORA MARIANA APARECIDA TODESCATO - 191516,SARESP 2025,4.8,numero
data (1).xlsx,34,Semana 34 · 20/09 a 26/09,PROFESSORA MARIANA APARECIDA TODESCATO - 191516,SARESP Equidade Nota Super BI,5.65,numero
data (1).xlsx,34,Semana 34 · 20/09 a 26/09,PROFESSORA MARIANA APARECIDA TODESCATO - 191516,SARESP Nota Super BI,8.5,numero
data (1).xlsx,34,Semana 34 · 20/09 a 26/09,SANDRA APARECIDA DE ARAUJO PROFESSORA - 924337,(%) Adesão ENEM,0.9473684210526315,percentual
data (1).xlsx,34,Semana 34 · 20/09 a 26/09,SANDRA APARECIDA DE ARAUJO PROFESSORA - 924337,Ajuste de Desigualdades,0.5426887499999999,numero
data (1).xlsx,34,Semana 34 · 20/09 a 26/09,SANDRA APARECIDA DE ARAUJO PROFESSORA - 924337,Aluno Presente,0.8326461314576764,numero
data (1).xlsx,34,Semana 34 · 20/09 a 26/09,SANDRA APARECIDA DE ARAUJO PROFESSORA - 924337,Apoio Presencial,3.0,numero
data (1).xlsx,34,Semana 34 · 20/09 a 26/09,SANDRA APARECIDA DE ARAUJO PROFESSORA - 924337,Farol SARESP,2.0,numero
data (1).xlsx,34,Semana 34 · 20/09 a 26/09,SANDRA APARECIDA DE ARAUJO PROFESSORA - 924337,Nota Final,6.512079973587422,numero
data (1).xlsx,34,Semana 34 · 20/09 a 26/09,SANDRA APARECIDA DE ARAUJO PROFESSORA - 924337,Professor Presente,0.9471698113207547,numero
data (1).xlsx,34,Semana 34 · 20/09 a 26/09,SANDRA APARECIDA DE ARAUJO PROFESSORA - 924337,Qualidade Educacional,6.75,numero
data (1).xlsx,34,Semana 34 · 20/09 a 26/09,SANDRA APARECIDA DE ARAUJO PROFESSORA - 924337,SARESP 2025,4.3,numero
data (1).xlsx,34,Semana 34 · 20/09 a 26/09,SANDRA APARECIDA DE ARAUJO PROFESSORA - 924337,SARESP Equidade Nota Super BI,0.0,numero
data (1).xlsx,34,Semana 34 · 20/09 a 26/09,SANDRA APARECIDA DE ARAUJO PROFESSORA - 924337,SARESP Nota Super BI,7.0,numero
data (1).xlsx,34,Semana 34 · 20/09 a 26/09,Total (planilha),(%) Adesão ENEM,0.9210097719869706,percentual
data (1).xlsx,34,Semana 34 · 20/09 a 26/09,Total (planilha),Ajuste de Desigualdades,0.5550327256315788,numero
data (1).xlsx,34,Semana 34 · 20/09 a 26/09,Total (planilha),Aluno Presente,0.8656423290203327,numero
data (1).xlsx,34,Semana 34 · 20/09 a 26/09,Total (planilha),Apoio Presencial,3.0,numero
data (1).xlsx,34,Semana 34 · 20/09 a 26/09,Total (planilha),Nota Final,7.193416172392542,numero
data (1).xlsx,34,Semana 34 · 20/09 a 26/09,Total (planilha),Professor Presente,0.9466080869759476,numero
data (1).xlsx,34,Semana 34 · 20/09 a 26/09,Total (planilha),Qualidade Educacional,6.983913043478262,numero
data (1).xlsx,34,Semana 34 · 20/09 a 26/09,Total (planilha),SARESP 2025,4.3,numero
data (1).xlsx,34,Semana 34 · 20/09 a 26/09,Total (planilha),SARESP Equidade Nota Super BI,3.262318419523533,numero
data (1).xlsx,34,Semana 34 · 20/09 a 26/09,Total (planilha),SARESP Nota Super BI,6.5,numero
